{
    "fixed": {
        "allow_repeated_recalls": 0.0
    },
    "free": {
        "encoding_drift_rate": [
            2.220446049250313e-16,
            0.9999999999999998
        ],
        "start_drift_rate": [
            2.220446049250313e-16,
            0.9999999999999998
        ],
        "recall_drift_rate": [
            2.220446049250313e-16,
            0.9999999999999998
        ],
        "shared_support": [
            2.220446049250313e-16,
            100.0
        ],
        "item_support": [
            2.220446049250313e-16,
            100.0
        ],
        "learning_rate": [
            2.220446049250313e-16,
            0.9999999999999998
        ],
        "primacy_scale": [
            2.220446049250313e-16,
            100.0
        ],
        "primacy_decay": [
            2.220446049250313e-16,
            100.0
        ],
        "stop_probability_scale": [
            2.220446049250313e-16,
            0.9999999999999998
        ],
        "stop_probability_growth": [
            2.220446049250313e-16,
            10.0
        ],
        "choice_sensitivity": [
            2.220446049250313e-16,
            100.0
        ]
    },
    "fitness": [
        733.59619140625,
        2189.640869140625,
        2141.4189453125,
        1286.3818359375,
        2383.61376953125,
        2316.15087890625,
        2372.14794921875,
        849.3067626953125,
        1532.031005859375,
        596.0765380859375,
        1713.848876953125,
        329.9740295410156,
        1213.77490234375,
        1286.0426025390625,
        1009.0680541992188,
        1120.93408203125,
        2294.88671875,
        364.31494140625,
        306.8432922363281,
        2080.6103515625,
        346.19781494140625,
        1802.6307373046875,
        2474.7080078125,
        1089.4586181640625,
        272.22882080078125,
        2017.3997802734375,
        390.7679443359375,
        313.2175598144531,
        2206.91357421875,
        1346.018798828125,
        288.4960021972656,
        654.0441284179688,
        371.49444580078125
    ],
    "fits": {
        "encoding_drift_rate": [
            0.9571510929599513,
            0.8734386063056363,
            0.8513692549034624,
            0.9206441179358402,
            0.9204168801173815,
            0.9130143471809526,
            0.9211684428217324,
            0.8465637744394727,
            0.8136936010712539,
            0.6951187323200685,
            0.898312424274063,
            0.7031580707164893,
            0.9647869206984234,
            0.9895518747063127,
            0.976680751778986,
            0.9867231506193745,
            0.9531536786992912,
            0.924234464213777,
            0.7412902235823288,
            0.8680139208686255,
            0.9682616091164078,
            0.8230342039182001,
            0.88227346805524,
            0.8699161855927342,
            0.869013349458732,
            0.9015865193353394,
            0.9561262468318484,
            0.9984506870492348,
            0.8126403007833252,
            0.9404596219725595,
            0.891131252192227,
            0.9356774739968545,
            0.9546181293478824
        ],
        "start_drift_rate": [
            0.7773168800555208,
            0.023161409078567563,
            0.023996994812209127,
            0.23316417097784214,
            0.03321932565861546,
            0.029226276714093058,
            0.06840610574193223,
            0.5449884684755598,
            0.0026169231115354963,
            0.036726663238762725,
            0.03422529531328666,
            0.009616654851271778,
            0.410836739218693,
            0.072250854909599,
            0.3469901829815892,
            0.5237833259859098,
            0.003379984075720613,
            0.7495692224261231,
            0.015078565340820249,
            0.19130115970289874,
            0.06150939989537246,
            0.02304878627968704,
            0.014483057422034096,
            0.9974907118762197,
            0.44750208658967505,
            0.07458174374958049,
            0.4056961112140607,
            0.3222331079969225,
            0.0023399718424031435,
            0.005568129241530939,
            0.006904977832200232,
            0.7588198960862644,
            0.001435510337528832
        ],
        "recall_drift_rate": [
            0.9637348948936261,
            0.8517338845490334,
            0.9769952131466474,
            0.9797301746826306,
            0.9167811050332824,
            0.9439577323321199,
            0.9562716813576406,
            0.9009973660403485,
            0.6902537120475156,
            0.7359035270609131,
            0.5297525531878435,
            0.5624274494502097,
            0.9166032380961817,
            0.998331177098407,
            0.9064711503759701,
            0.9871771169482684,
            0.8830270470024442,
            0.9872299102358228,
            0.19067758788475664,
            0.9593278747808315,
            0.7612427714829296,
            0.9088995231542283,
            0.7742290025708473,
            0.2685403672332669,
            0.9999678532298074,
            0.8043060521148772,
            0.9665190709750854,
            0.9281735537908546,
            0.9509472983865199,
            0.8982288541612446,
            0.8674609729221467,
            0.631661867421246,
            0.9980893000924776
        ],
        "shared_support": [
            0.6244064591581022,
            0.03886929276761464,
            0.03778688334418945,
            0.20906882042812924,
            0.10210513991687216,
            0.06791052917419194,
            0.02828977821489076,
            0.2801585915908973,
            0.02811761997412532,
            0.06656055174406816,
            0.02425323594515305,
            0.11458305398898716,
            4.0706771194698845,
            0.28158232979769543,
            2.316824507579426,
            0.33377360688261604,
            0.01682577467822728,
            6.099722481789897,
            0.023241465575758014,
            0.27967093089942807,
            0.8439245167344751,
            0.07234544335687332,
            0.00775207682797685,
            0.9171317016330534,
            1.0836918490264225,
            0.0921728200523404,
            0.07269399867836833,
            5.912011224410122,
            0.00989999770445138,
            0.10254683426416733,
            0.15367741379112232,
            6.420034323446814,
            0.0450613457174569
        ],
        "item_support": [
            6.0192210017885515,
            0.3458265971767389,
            1.0243843815625127,
            3.6316884280478803,
            1.4752830476633818,
            1.3217286583114856,
            0.8923873797421962,
            8.297907488874976,
            5.526538321542027,
            7.0229122679666105,
            0.6557632511681533,
            5.013816875005475,
            23.37658899606705,
            1.0719781960636965,
            3.2462803183841515,
            1.61466297666162,
            0.014575676002280602,
            85.34604207717027,
            0.26808572999233604,
            5.276569080023329,
            10.278634175259313,
            1.881622618879149,
            0.38451255554220154,
            61.744766357204284,
            55.05443025192821,
            1.0481792138887513,
            19.190490499417766,
            11.913605831532124,
            0.016889744848562316,
            5.931341723603886,
            3.3353877314272538,
            60.929644217235705,
            0.012508708313177408
        ],