{
    "fixed": {
        "allow_repeated_recalls": 0.0
    },
    "free": {
        "encoding_drift_rate": [
            2.220446049250313e-16,
            0.9999999999999998
        ],
        "start_drift_rate": [
            2.220446049250313e-16,
            0.9999999999999998
        ],
        "recall_drift_rate": [
            2.220446049250313e-16,
            0.9999999999999998
        ],
        "shared_support": [
            2.220446049250313e-16,
            100.0
        ],
        "item_support": [
            2.220446049250313e-16,
            100.0
        ],
        "learning_rate": [
            2.220446049250313e-16,
            0.9999999999999998
        ],
        "primacy_scale": [
            2.220446049250313e-16,
            100.0
        ],
        "primacy_decay": [
            2.220446049250313e-16,
            100.0
        ],
        "stop_probability_scale": [
            2.220446049250313e-16,
            0.9999999999999998
        ],
        "stop_probability_growth": [
            2.220446049250313e-16,
            10.0
        ],
        "choice_sensitivity": [
            2.220446049250313e-16,
            100.0
        ],
        "mfc_choice_sensitivity": [
            2.220446049250313e-16,
            100.0
        ]
    },
    "fitness": [
        736.4346923828125,
        2199.000732421875,
        2144.205078125,
        1287.327392578125,
        2392.11279296875,
        2323.328125,
        2389.27685546875,
        846.6729125976562,
        1537.822998046875,
        599.2327880859375,
        1721.9453125,
        332.6559143066406,
        1213.334228515625,
        1301.1771240234375,
        1002.1884765625,
        1123.9759521484375,
        2361.803466796875,
        368.6196594238281,
        307.2243347167969,
        2079.20849609375,
        348.037841796875,
        1805.207275390625,
        2487.58154296875,
        1091.1724853515625,
        272.6349792480469,
        2008.97900390625,
        390.6105651855469,
        315.330810546875,
        2216.677734375,
        1336.94189453125,
        291.34893798828125,
        655.5968017578125,
        379.7999572753906
    ],
    "fits": {
        "encoding_drift_rate": [
            0.7462576586739733,
            0.7477471139954001,
            0.7351866708086726,
            0.8139457217042092,
            0.7888952236879444,
            0.8069130631175737,
            0.8332100764013473,
            0.6466189618486713,
            0.7278146128396733,
            0.6108564867812822,
            0.8084349192791039,
            0.6921797139238169,
            0.6816850860598654,
            0.8940626043794927,
            0.781893287296965,
            0.7968131564398719,
            0.8313636765648842,
            0.6866220739132479,
            0.5376673489040518,
            0.7114250158196905,
            0.7344493369178139,
            0.6723520168752961,
            0.7968319721378541,
            0.6718851334725058,
            0.5581999721933703,
            0.7760851509665543,
            0.736874772681904,
            0.6396380650551903,
            0.7974224071803263,
            0.8225258914924862,
            0.5257464500775465,
            0.6995981083718749,
            0.9142180804745339
        ],
        "start_drift_rate": [
            0.7255367951626728,
            0.17136053271032653,
            0.13287941041998125,
            0.6206866815935361,
            0.27371309357532725,
            0.2295804841877499,
            0.48059311625277473,
            0.6815009109012523,
            0.007427025518276065,
            0.17860429190967403,
            0.4952479520467873,
            0.02911270937161281,
            0.4316232139319922,
            0.6246262377074834,
            0.5346512241725829,
            0.763338949451957,
            0.19032212005011773,
            0.9805407996488879,
            0.04201567586659427,
            0.43374472102864137,
            0.11369951359137914,
            0.17218684573685822,
            0.0919395883678163,
            0.9814784661115805,
            0.30745943141101717,
            0.3160952967396846,
            0.41280363209101223,
            0.5962752036756468,
            0.004674155815971082,
            0.007946134282680761,
            0.1323649324550663,
            0.5583405442205801,
            0.0003105271938164034
        ],
        "recall_drift_rate": [
            0.8842178771847637,
            0.939099200302889,
            0.9659182268070644,
            0.9084026860338623,
            0.8159459859315243,
            0.9567619078403867,
            0.8746512785620079,
            0.860340608420149,
            0.8292402606343341,
            0.6831784547422426,
            0.7744651514580414,
            0.612934558618234,
            0.9875815398662903,
            0.9528707653913053,
            0.9316686259620428,
            0.9182973251276638,
            0.7652272438431466,
            0.8494869484447689,
            0.4326246842618461,
            0.884207104709736,
            0.4624411707419235,
            0.9421745651992096,
            0.8522273766651967,
            0.3030074581679678,
            0.981936075704448,
            0.8516339500848178,
            0.9041570888518387,
            0.9013702429497554,
            0.8877325145830857,
            0.9006776489993471,
            0.8441634331079371,
            0.6209159784873248,
            0.9104162411016172
        ],
        "shared_support": [
            2.9040176498431265,
            13.799101124192383,
            0.3194493645917973,
            2.2709355253348917,
            6.216517189159774,
            15.748421966233039,
            56.571928207073995,
            27.10628026472334,
            0.1495110949776688,
            0.474158638168106,
            0.8939314532453011,
            0.025400726149784537,
            28.279011102607672,
            11.056517688490096,
            39.24604642028444,
            29.13084118092067,
            50.07206917510829,
            42.774744321695884,
            11.93581573763285,
            16.979601013663405,
            16.45307499634523,
            0.3391471439831335,
            49.64755277842743,
            18.343072056508113,
            10.648559660264986,
            24.45816808456176,
            0.6894144227622263,
            16.372857938769933,
            13.543193147101462,
            23.922251527888843,
            11.437515242434607,
            15.672589388953917,
            38.83296268298754
        ],
        "item_support": [
            7.0275846698129385,
            15.066655477537289,
            4.279824869388179,
            7.844996284813355,
            9.001591766729142,
            17.558322727457544,
            60.94876225166419,
            33.032276102323536,
            16.121498469734973,
            68.77829045618554,
            5.749944513865039,
            9.534709426791785,
            30.996063855304655,
            63.31521040029546,
            41.18007190456236,
            32.25856009193538,
            51.208610577886034,
            50.022625506504916,
            19.46972965102558,
            19.85644946705468,
            19.643829565176006,
            3.9172538569337974,
            52.22733013365961,
            94.011354255236,
            19.126072723608466,
            26.558600147602935,
            7.15074648836989,
            17.015222021804696,
            13.59701066827261,
            28.40685654454591,
            22.63502830415843,
            18.433640503967393,
            38.07153510691016
        ],