{
    "fixed": {
        "mfc_choice_sensitivity": 1.0,
        "allow_repeated_recalls": 0.0
    },
    "free": {
        "encoding_drift_rate": [
            2.220446049250313e-16,
            0.9999999999999998
        ],
        "start_drift_rate": [
            2.220446049250313e-16,
            0.9999999999999998
        ],
        "recall_drift_rate": [
            2.220446049250313e-16,
            0.9999999999999998
        ],
        "shared_support": [
            2.220446049250313e-16,
            100.0
        ],
        "item_support": [
            2.220446049250313e-16,
            100.0
        ],
        "learning_rate": [
            2.220446049250313e-16,
            0.9999999999999998
        ],
        "primacy_scale": [
            2.220446049250313e-16,
            100.0
        ],
        "primacy_decay": [
            2.220446049250313e-16,
            100.0
        ],
        "stop_probability_scale": [
            2.220446049250313e-16,
            0.9999999999999998
        ],
        "stop_probability_growth": [
            2.220446049250313e-16,
            10.0
        ],
        "choice_sensitivity": [
            2.220446049250313e-16,
            100.0
        ]
    },
    "fitness": [
        731.0914306640625,
        2198.03759765625,
        2146.0341796875,
        1281.47900390625,
        2383.874755859375,
        2295.169921875,
        2375.98291015625,
        857.8805541992188,
        1529.8046875,
        595.31005859375,
        1712.11669921875,
        329.65960693359375,
        1208.90185546875,
        1203.584228515625,
        995.7777709960938,
        1103.0465087890625,
        2352.78173828125,
        364.2400817871094,
        307.2942810058594,
        2053.187255859375,
        348.3577880859375,
        1799.70458984375,
        2490.109130859375,
        1088.1358642578125,
        275.7923583984375,
        1999.157958984375,
        388.03387451171875,
        314.024658203125,
        2200.19189453125,
        1340.60693359375,
        289.7878112792969,
        653.6766967773438,
        372.2210998535156
    ],
    "fits": {
        "encoding_drift_rate": [
            0.9464947742009202,
            0.8904903063680247,
            0.7218780593447119,
            0.729541532272392,
            0.9413433635812006,
            0.8382258643166443,
            0.855845857770162,
            0.8505837038825315,
            0.7087845670093075,
            0.6052440781763748,
            0.8765860459699828,
            0.5394031540710273,
            0.8275461091528857,
            0.8753396884740656,
            0.9486700124388127,
            0.8913049732652034,
            0.9119111837879055,
            0.9122536284068055,
            0.5606205941315319,
            0.8442564731155536,
            0.9034336038814239,
            0.8205610648684367,
            0.7404260658530862,
            0.689422172850936,
            0.7103802671837102,
            0.928091983591967,
            0.18038721356445492,
            0.9880316558174653,
            0.7944315422711324,
            0.811933937770755,
            0.9341980559337526,
            0.9188726919199854,
            0.934657832499566
        ],
        "start_drift_rate": [
            0.7850080016592814,
            0.03433886593484736,
            0.1728424343083515,
            0.5529412404771715,
            0.04767861698000453,
            0.19063684259118419,
            0.3508065493874663,
            0.6332893948007761,
            0.0023693067764309905,
            0.14528261161949263,
            0.0801899573905619,
            0.006502704467549636,
            0.11967753842390527,
            0.5132805590474611,
            0.4087561271564172,
            0.7637652326806652,
            0.1228098555541215,
            0.7394207386621612,
            0.03642315319528297,
            0.32553668814908676,
            0.1343855969111401,
            0.1489657436346194,
            0.11031134169941864,
            0.9905397088720979,
            0.7273182333595836,
            0.15015198083734238,
            0.41414750902759223,
            0.3657326160541858,
            0.016286822606326135,
            0.03076970068682311,
            0.14796367754078027,
            0.3958965593433204,
            0.006059565538507782
        ],
        "recall_drift_rate": [
            0.9104207961996718,
            0.93850136501888,
            0.8508122747338187,
            0.8426360753545111,
            0.889329732110151,
            0.7509063829751578,
            0.7135567454470689,
            0.7449426344454306,
            0.5534190613102653,
            0.5388499979055104,
            0.637270403021059,
            0.49122423220369466,
            0.9304171288581236,
            0.854539967759981,
            0.8224285957047583,
            0.8396501450244929,
            0.6459610076951594,
            0.9970949582435459,
            0.422439543058665,
            0.7564811824803882,
            0.4409765665870885,
            0.8259373499804235,
            0.7006958223215601,
            0.17707415225590967,
            0.9989675641041694,
            0.7300236380826363,
            0.9990590575010037,
            0.89781719689735,
            0.8192791552450249,
            0.8598839555961459,
            0.7957990881037147,
            0.590738576233843,
            0.9993235539132421
        ],
        "shared_support": [
            4.1994153107781855,
            0.0673868370663655,
            15.137678982560708,
            19.983818558443122,
            0.17853974108594883,
            7.150958692531404,
            47.67238201657882,
            30.224458121529445,
            2.3513210335501995,
            4.42996839863433,
            0.448635026941858,
            14.683719820853781,
            0.6149747209481333,
            95.52576205430643,
            37.99998778520421,
            87.0841761657897,
            11.458626465024736,
            9.77053964167844,
            9.210931153223825,
            15.991319421965066,
            66.45860047934498,
            12.291893448870148,
            0.41951628063874064,
            39.05625175086147,
            7.772336066332741,
            8.611816191908304,
            0.15469118444008956,
            85.42969046099351,
            0.641758151970798,
            21.70921669137681,
            2.048847281410879,
            18.56511840783111,
            0.11153273717808787
        ],
        "item_support": [
            13.143681918354218,
            0.19264534544486622,
            15.803890523284245,
            21.533269999679195,
            1.659692287507383,
            7.087253478289881,
            52.23632890938683,
            54.92863922314293,
            2.4907468677673563,
            4.32960615152269,
            0.6338810401257504,
            16.140367918868826,
            1.2751544904968526,
            98.24943857076161,
            35.475929195607264,
            88.70274761725835,
            8.136498896652768,
            68.79215532841542,
            10.453072493171952,
            16.355033364023598,
            76.52241462793484,
            12.704339609514456,
            0.5756142656280829,
            56.561354399653474,
            73.41549127260836,
            8.629813241137072,
            1.5167843359948705,
            86.92034330598372,
            0.2792856958795795,
            23.71867827315289,
            80.02521048222181,
            71.74425793717039,
            0.01831391273745453
        ],