{
    "fixed": {
        "allow_repeated_recalls": 0.0
    },
    "free": {
        "encoding_drift_rate": [
            2.220446049250313e-16,
            0.9999999999999998
        ],
        "start_drift_rate": [
            2.220446049250313e-16,
            0.9999999999999998
        ],
        "recall_drift_rate": [
            2.220446049250313e-16,
            0.9999999999999998
        ],
        "shared_support": [
            2.220446049250313e-16,
            100.0
        ],
        "item_support": [
            2.220446049250313e-16,
            100.0
        ],
        "learning_rate": [
            2.220446049250313e-16,
            0.9999999999999998
        ],
        "primacy_scale": [
            2.220446049250313e-16,
            100.0
        ],
        "primacy_decay": [
            2.220446049250313e-16,
            100.0
        ],
        "stop_probability_scale": [
            2.220446049250313e-16,
            0.9999999999999998
        ],
        "stop_probability_growth": [
            2.220446049250313e-16,
            10.0
        ],
        "choice_sensitivity": [
            2.220446049250313e-16,
            100.0
        ],
        "mfc_choice_sensitivity": [
            2.220446049250313e-16,
            100.0
        ]
    },
    "fitness": [
        732.324951171875,
        2195.16943359375,
        2132.6884765625,
        1278.8704833984375,
        2401.71484375,
        2296.697265625,
        2370.105224609375,
        852.859619140625,
        1524.324462890625,
        595.6658325195312,
        1710.0946044921875,
        329.58319091796875,
        1209.73095703125,
        1196.335693359375,
        993.7301635742188,
        1102.038818359375,
        2318.482421875,
        363.8788146972656,
        307.17205810546875,
        2052.78564453125,
        346.9904479980469,
        1797.550048828125,
        2490.249267578125,
        1087.528076171875,
        273.44207763671875,
        2000.1248779296875,
        385.6039123535156,
        313.0729064941406,
        2202.68212890625,
        1340.203857421875,
        288.1659240722656,
        653.0836181640625,
        371.8041687011719
    ],
    "fits": {
        "encoding_drift_rate": [
            0.9082177596490513,
            0.8250143044125371,
            0.744439763695858,
            0.839379416748977,
            0.9178382323166545,
            0.8469128218768034,
            0.7961291249030825,
            0.6789121854906727,
            0.7927751711673252,
            0.6411375566267228,
            0.8732910178736074,
            0.520449274268159,
            0.8695793236128913,
            0.8395611378755545,
            0.9283481949428964,
            0.8708246654202574,
            0.7169607935960343,
            0.8281177889104485,
            0.5360832179241457,
            0.8707659925133475,
            0.9093073697249454,
            0.7858868137178319,
            0.7472440169488324,
            0.6845754264880551,
            0.6538079282667957,
            0.9403815922437213,
            0.413461000793239,
            0.9814452579241102,
            0.7071544819609513,
            0.7930157278949059,
            0.871699616170845,
            0.710066728103631,
            0.9514507966189057
        ],
        "start_drift_rate": [
            0.6916399833319141,
            0.1266325231877633,
            0.16393076934464051,
            0.6061274509612259,
            0.2820563626954079,
            0.15274633836775253,
            0.3300484865541601,
            0.5933435166379003,
            6.441889914038379e-05,
            0.023300673105393077,
            0.17006155509397125,
            0.002269261404861389,
            0.10692074062304169,
            0.480884001913069,
            0.3686814346915861,
            0.43168210184459177,
            0.09734297386121196,
            0.8215908408839478,
            0.04034392289580602,
            0.3177895244847284,
            0.1431645400325195,
            0.15854031206774488,
            0.12187200056953684,
            0.948911617754476,
            0.5095392354786253,
            0.14839588301083584,
            0.024362505228491704,
            0.5248202022037114,
            0.02493266055212784,
            0.03637163426910739,
            0.29217021108491303,
            0.3252251361817957,
            0.004237236085765261
        ],
        "recall_drift_rate": [
            0.7429379737258766,
            0.8301663815171894,
            0.907908129926591,
            0.8685687859181301,
            0.7364836852244713,
            0.8033971974267039,
            0.6970715104312689,
            0.8673341271475428,
            0.6104238251293184,
            0.5696312367223232,
            0.5470239050940798,
            0.5011103474202765,
            0.9658425089282389,
            0.788695435850878,
            0.8432189250145308,
            0.871811792362355,
            0.5494442616919938,
            0.992456545039752,
            0.4508952428546345,
            0.7654638656241524,
            0.7011261555964606,
            0.8570387306352223,
            0.653299029977789,
            0.43210040213869655,
            0.9976955470445547,
            0.7674411773390513,
            0.9682764757291449,
            0.9806290833344143,
            0.8227415502258706,
            0.8812221408455947,
            0.8407272095459444,
            0.7624219607133703,
            0.999318517399358
        ],
        "shared_support": [
            83.03972233203189,
            1.2620607884901744,
            0.2846678447068456,
            18.330592965937136,
            59.44370529410401,
            10.04261457124607,
            9.786279625270126,
            9.256515822205323,
            0.08627193997842397,
            2.1135014807967067,
            0.353621087942976,
            4.488980649602112,
            22.231934236912643,
            69.71784531428591,
            8.476755080361144,
            11.048975805285615,
            6.303629275142022,
            61.82267452012494,
            14.91583310851319,
            11.852784785410009,
            8.235276660169802,
            7.077028220600354,
            9.384963092460488,
            32.77837664243558,
            14.173929560084353,
            5.50447323947629,
            0.08521294241206334,
            64.49250299375942,
            11.302964359023626,
            17.805192009176956,
            1.3267682342521638,
            59.49916503737447,
            0.126745028000272
        ],
        "item_support": [
            87.68025513308544,
            1.11217532238296,
            0.39319607258039047,
            42.14865114897914,
            89.23757769598758,
            10.137325662523658,
            9.876551265234987,
            12.188469785495286,
            0.7295054868595869,
            3.175021577628705,
            0.4414237492782965,
            5.809701133186486,
            22.791695672959,
            70.09771123046579,
            8.339816748973291,
            10.891230648129444,
            5.623847554756168,
            91.3951659767985,
            16.9982997259049,
            12.04345695728422,
            34.87508072007034,
            7.725917620160381,
            9.679103528275895,
            37.758626359505,
            81.49352556151797,
            5.557264187642929,
            0.8272599480777743,
            88.64226075723741,
            10.848515192514483,
            19.779068323421285,
            26.165902330672797,
            67.615924759275,
            0.015222526079647025
        ],