{
    "fixed": {
        "allow_repeated_recalls": 0.0
    },
    "free": {
        "encoding_drift_rate": [
            2.220446049250313e-16,
            0.9999999999999998
        ],
        "start_drift_rate": [
            2.220446049250313e-16,
            0.9999999999999998
        ],
        "recall_drift_rate": [
            2.220446049250313e-16,
            0.9999999999999998
        ],
        "shared_support": [
            2.220446049250313e-16,
            100.0
        ],
        "item_support": [
            2.220446049250313e-16,
            100.0
        ],
        "learning_rate": [
            2.220446049250313e-16,
            0.9999999999999998
        ],
        "primacy_scale": [
            2.220446049250313e-16,
            100.0
        ],
        "primacy_decay": [
            2.220446049250313e-16,
            100.0
        ],
        "stop_probability_scale": [
            2.220446049250313e-16,
            0.9999999999999998
        ],
        "stop_probability_growth": [
            2.220446049250313e-16,
            10.0
        ],
        "choice_sensitivity": [
            2.220446049250313e-16,
            100.0
        ]
    },
    "fitness": [
        764.4798583984375,
        2274.52392578125,
        2277.251953125,
        1423.743896484375,
        2495.3232421875,
        2433.86181640625,
        2533.056884765625,
        885.936279296875,
        1562.7958984375,
        598.33740234375,
        1742.416259765625,
        344.6764221191406,
        1239.75439453125,
        1622.813720703125,
        1066.9193115234375,
        1179.2945556640625,
        2550.05029296875,
        367.6378173828125,
        312.64825439453125,
        2151.81396484375,
        347.8056640625,
        1848.479248046875,
        2572.72705078125,
        1098.3353271484375,
        293.772705078125,
        2129.49853515625,
        397.7397766113281,
        332.1355895996094,
        2392.866455078125,
        1404.6954345703125,
        293.0616149902344,
        656.043212890625,
        391.685302734375
    ],
    "fits": {
        "encoding_drift_rate": [
            0.8093023180573263,
            0.5384060305011258,
            0.6471516332184264,
            0.9799944568913034,
            0.8062511265974417,
            0.8541120894782104,
            0.9844761277490732,
            0.9090101727952626,
            0.6830027005312284,
            0.5139709038162109,
            0.6295047453021148,
            0.5445123806112884,
            0.8455789201586097,
            0.9497669632607728,
            0.09308154997619245,
            0.9566252939973259,
            0.570413026183157,
            0.9078596217744768,
            0.4356383393606603,
            0.9161377736078542,
            0.8870033003870963,
            0.7432049972981388,
            0.7210624406342377,
            0.8275038186240069,
            0.9628097001511741,
            0.9394179578492398,
            0.9152286597649846,
            0.024751324134412743,
            0.4296529499016981,
            0.9082996832693042,
            0.8221461463442008,
            0.6380267795449732,
            0.29859253579297096
        ],
        "start_drift_rate": [
            0.7570071756882208,
            0.7324790097958113,
            0.4587207790821718,
            0.5382385448558247,
            0.32270067255741997,
            0.623347240963855,
            0.6153199844895212,
            0.9932800026754289,
            0.04092281924031693,
            0.0828889139296714,
            0.9441546072585201,
            0.42797718792432105,
            0.7970271231429865,
            0.5185562549717876,
            0.33181262057352545,
            0.6431230645557562,
            0.33677816309186026,
            0.3042422368920472,
            0.5993238231530575,
            0.9733864827983084,
            0.47963960951525786,
            0.8248258980804724,
            0.8038194888864241,
            0.27300119726444666,
            0.4023780015506895,
            0.7904378829210972,
            0.984461252335705,
            0.2658211540942622,
            0.17614756526781222,
            0.16621619871782217,
            0.056753376779131004,
            0.9355196962281458,
            0.11081057906376007
        ],
        "recall_drift_rate": [
            0.7866102247419661,
            0.933904028329184,
            0.9996744144033186,
            0.9538419373812181,
            0.2235158218132282,
            0.761238444416224,
            0.9534071386218842,
            0.18746438406726157,
            0.44712711064956717,
            0.6301128949387624,
            0.9958657995979209,
            0.9642846013463579,
            0.9510195015018709,
            0.984501948996735,
            0.7412623006277113,
            0.9886081300019356,
            0.6963376539902373,
            0.9942533293182207,
            0.3902148932661847,
            0.8423158093343459,
            0.998351527040465,
            0.6539172993412057,
            0.8020443776810867,
            0.9245805336242816,
            0.9883423810343062,
            0.477673276299206,
            0.17273649261502372,
            0.19304522508200928,
            0.40365898706286757,
            0.4922645627284441,
            0.4268733307624093,
            0.18664295955567156,
            0.9004882008482513
        ],
        "shared_support": [
            17.12256238440945,
            36.77037512070657,
            0.6032573335608404,
            1.9130220188850657,
            9.598971694408803,
            62.06703700709143,
            1.6374495816618406,
            51.42495391199188,
            1.7460646366383514,
            19.169835154245014,
            21.225470414487575,
            1.6632934534596089,
            1.7348785133314095,
            65.67174001345502,
            78.03412534964905,
            70.31499727792479,
            0.07527594653924297,
            60.662211032387944,
            46.22107561890597,
            0.3250464210344717,
            42.400464053631445,
            12.640427043004586,
            55.15792983192913,
            3.270334576369727,
            0.18476959737203913,
            0.5958023810998938,
            0.12219125752370985,
            68.9098086506538,
            0.3365408217559036,
            40.76300455665093,
            75.95216125446754,
            58.09518694242372,
            36.35184396408917
        ],
        "item_support": [
            28.167665669702522,
            98.73343607011367,
            94.9636264363261,
            20.18135064853599,
            50.738009321657906,
            95.93837922436032,
            47.127842193126696,
            86.81626346487747,
            52.63354313755464,
            73.95222133579999,
            82.02859498551575,
            90.59847300858469,
            50.698690052970676,
            72.07112298452043,
            23.4360859486334,
            75.25251452546061,
            53.24582064848008,
            83.34931683490326,
            91.03001356859068,
            61.774249252368605,
            66.19676552327488,
            73.64006481678267,
            87.18923083505706,
            49.353474672765756,
            31.24483268374633,
            46.698986775552804,
            11.693451823513179,
            19.099263041356,
            86.7730314410435,
            77.99967998516014,
            86.71289507352411,
            93.2976968971088,
            53.78305384087157
        ],