{
    "fixed": {
        "mfc_choice_sensitivity": 1.0,
        "allow_repeated_recalls": 0.0
    },
    "free": {
        "encoding_drift_rate": [
            2.220446049250313e-16,
            0.9999999999999998
        ],
        "start_drift_rate": [
            2.220446049250313e-16,
            0.9999999999999998
        ],
        "recall_drift_rate": [
            2.220446049250313e-16,
            0.9999999999999998
        ],
        "shared_support": [
            2.220446049250313e-16,
            100.0
        ],
        "item_support": [
            2.220446049250313e-16,
            100.0
        ],
        "learning_rate": [
            2.220446049250313e-16,
            0.9999999999999998
        ],
        "primacy_scale": [
            2.220446049250313e-16,
            100.0
        ],
        "primacy_decay": [
            2.220446049250313e-16,
            100.0
        ],
        "stop_probability_scale": [
            2.220446049250313e-16,
            0.9999999999999998
        ],
        "stop_probability_growth": [
            2.220446049250313e-16,
            10.0
        ],
        "choice_sensitivity": [
            2.220446049250313e-16,
            100.0
        ]
    },
    "fitness": [
        1856.1724853515625,
        1414.333740234375,
        2135.31982421875,
        1076.43994140625,
        2043.57373046875,
        2073.12548828125,
        996.5863037109375,
        1975.656005859375,
        1512.1229248046875,
        2468.4501953125,
        1837.66796875,
        2150.7548828125,
        2743.047607421875,
        1606.52001953125,
        1940.30126953125,
        1700.277099609375,
        1698.82177734375,
        1711.7952880859375,
        1297.8062744140625,
        2052.42236328125,
        1163.8154296875,
        1364.4951171875,
        1461.888427734375,
        1826.7164306640625,
        1074.42578125,
        1081.4276123046875,
        1577.588623046875,
        1242.35498046875,
        1372.62109375,
        2016.8336181640625,
        1572.418212890625,
        1716.5697021484375,
        1924.3525390625,
        1599.746826171875,
        848.9482421875
    ],
    "fits": {
        "encoding_drift_rate": [
            0.5874360054334389,
            0.7789224035357334,
            0.713264687008267,
            0.8569942706093829,
            0.4558937138066938,
            0.7148780398850397,
            0.88572657338572,
            0.803523250856012,
            0.7048138503690696,
            0.7444229003691264,
            0.7236428327933981,
            0.676965079391229,
            0.745658129784579,
            0.6223190435221266,
            0.6647289655189821,
            0.7966568525820884,
            0.543213641739477,
            0.725622731116431,
            0.6348735111390824,
            0.6109070253421076,
            0.8647290761956963,
            0.8161479154542155,
            0.07102959628208444,
            0.824779661420201,
            0.6917485701661653,
            0.7763088372965812,
            0.7635683330051023,
            0.6537095411280007,
            0.828627411490682,
            0.6885047983071594,
            0.7532096263272281,
            0.5874457188271087,
            0.668252003719187,
            0.7199648615322854,
            0.8842293136089119
        ],
        "start_drift_rate": [
            0.654556292086671,
            0.47703170276272167,
            0.06288503096737508,
            0.026022371021704904,
            0.9431613365510542,
            0.06296569033097749,
            0.2857814616209857,
            0.2500854501066419,
            0.057583271826662175,
            0.49899187815430174,
            0.5730361424883109,
            0.7145963713647894,
            0.277232313074185,
            0.35562378510806614,
            0.7078534683153248,
            0.2805591175360739,
            0.8106827007168684,
            0.9758349171523665,
            0.8603197301655217,
            0.5585303922718262,
            0.392954054849027,
            0.7426418613992983,
            0.9538146834382728,
            0.33174580720688174,
            0.07227755393941765,
            0.7473635853717882,
            0.092992073906348,
            0.02395034997254808,
            0.06389072987487532,
            0.28669820150499137,
            0.21408159383738323,
            0.5935690975709177,
            0.7953984432921924,
            0.8205946855456632,
            0.35086506711865806
        ],
        "recall_drift_rate": [
            0.9415872004303659,
            0.93663781730033,
            0.872970739265952,
            0.9482816598964331,
            0.8407346968015847,
            0.9919493766163289,
            0.9391791003499472,
            0.9061888018744537,
            0.9695237356694238,
            0.897378320653631,
            0.898145349041966,
            0.9256795977630854,
            0.9227951382227368,
            0.9466821240183646,
            0.8739970115725659,
            0.9384538490535348,
            0.9367716648232982,
            0.9501472437106965,
            0.932176484256575,
            0.8824505802983317,
            0.9683540468820854,
            0.9669135857100815,
            0.24467071943177754,
            0.9509862726348219,
            0.8643196061264036,
            0.9902165647421656,
            0.9690265848018659,
            0.8853909702133529,
            0.9551019816939209,
            0.844482959720348,
            0.9078675275344024,
            0.9423406515710299,
            0.9848244973841134,
            0.9172909592836713,
            0.9568166412137118
        ],
        "shared_support": [
            0.624551806473157,
            5.629852154295975,
            0.05178316197523777,
            0.05769367579217999,
            0.5392317283021342,
            0.13647153767274744,
            0.029266891150280538,
            12.043984720134816,
            0.05254725161636742,
            45.711774479672414,
            13.119826059694127,
            1.5586882346816253,
            13.876349083358377,
            0.2543312568162889,
            31.164434255198497,
            0.05419928083475156,
            1.6136106073701555,
            0.06631338134220867,
            8.11313786221227,
            8.147005427264673,
            4.015983262410039,
            46.188326490145045,
            84.15784207489381,
            0.08574091710733601,
            0.003360648117691767,
            0.12512603970385783,
            0.9557714559880057,
            0.843061326461239,
            0.12113504077306203,
            2.6266794849820982,
            0.03025791854692787,
            0.37399712575442834,
            8.500570839763476,
            2.4101124244754004,
            1.4915959931727372
        ],
        "item_support": [
            0.6413323395918908,
            14.80907255887545,
            0.6648304489025421,
            0.2798698846473968,
            1.081968327732369,
            0.31956794675127753,
            0.02707086905792977,
            12.113374856419767,
            0.0741554962289143,
            37.78857493534328,
            9.603418774576312,
            1.890907393085996,
            14.123832812944961,
            0.19993043494210383,
            27.032857806086437,
            0.09385709246448215,
            1.9870462076625799,
            0.13756439172711055,
            8.447885999963923,
            8.499715580048083,
            2.8605815703297566,
            53.649500866222255,
            0.05264869374023107,
            0.21784360029435845,
            46.18305910466153,
            0.8366227700468372,
            0.0006753045090519549,
            0.9467334044110629,
            0.595189538050164,
            3.0478298823726675,
            0.09940867425841304,
            0.6899782820660363,
            10.291456447451445,
            5.820828610478316,
            2.289685408628202
        ],