{
    "fixed": {
        "allow_repeated_recalls": 0.0
    },
    "free": {
        "encoding_drift_rate": [
            2.220446049250313e-16,
            0.9999999999999998
        ],
        "start_drift_rate": [
            2.220446049250313e-16,
            0.9999999999999998
        ],
        "recall_drift_rate": [
            2.220446049250313e-16,
            0.9999999999999998
        ],
        "shared_support": [
            2.220446049250313e-16,
            100.0
        ],
        "item_support": [
            2.220446049250313e-16,
            100.0
        ],
        "learning_rate": [
            2.220446049250313e-16,
            0.9999999999999998
        ],
        "primacy_scale": [
            2.220446049250313e-16,
            100.0
        ],
        "primacy_decay": [
            2.220446049250313e-16,
            100.0
        ],
        "stop_probability_scale": [
            2.220446049250313e-16,
            0.9999999999999998
        ],
        "stop_probability_growth": [
            2.220446049250313e-16,
            10.0
        ],
        "choice_sensitivity": [
            2.220446049250313e-16,
            100.0
        ]
    },
    "fitness": [
        2300.785400390625,
        1579.48681640625,
        2408.84375,
        1186.4344482421875,
        2138.53369140625,
        2373.302490234375,
        1064.237060546875,
        2064.779052734375,
        1877.4775390625,
        2600.509765625,
        2726.452880859375,
        2287.302978515625,
        2844.5048828125,
        2021.5374755859375,
        2039.3717041015625,
        2159.248779296875,
        1946.550537109375,
        2043.6611328125,
        1331.60498046875,
        2176.037109375,
        1240.291015625,
        1435.0780029296875,
        1467.7333984375,
        2028.9906005859375,
        1170.917724609375,
        1178.3482666015625,
        2144.809326171875,
        1271.044921875,
        1444.126953125,
        2366.613037109375,
        1660.439208984375,
        2269.7392578125,
        2205.747802734375,
        1671.613525390625,
        936.664306640625
    ],
    "fits": {
        "encoding_drift_rate": [
            0.740676622412598,
            0.5693471555737806,
            0.6926801617431938,
            0.5344268109058501,
            0.40993102748134075,
            0.42048791547596126,
            0.5403643881163412,
            0.46455399021640437,
            0.5189812309008087,
            0.5797571949600724,
            0.9329535251221971,
            0.6412360199579068,
            0.620266913474933,
            0.5505827294923441,
            0.48998533704586994,
            0.834301965337894,
            0.5499594257825975,
            0.03742512186917335,
            0.5535246893966657,
            0.6197302714835697,
            0.37231645193455504,
            0.06495599579983131,
            0.16717399072127564,
            0.6225652015649247,
            0.4606399623303677,
            0.4259644495668363,
            0.33353071256221883,
            0.49491122167005025,
            0.41844284812384075,
            0.5398403497778411,
            0.4980407289928945,
            0.6707143970997999,
            0.7855239294708641,
            0.04290509402570014,
            0.5845239752138509
        ],
        "start_drift_rate": [
            0.8648648411096631,
            0.6139245076509003,
            0.20162659915176673,
            0.7181131244081306,
            0.8608834003169674,
            0.3344660761187208,
            0.6072428904532564,
            0.7924438512267,
            0.38961535856944324,
            0.7036397611119016,
            0.5751312621318568,
            0.9712089619280938,
            0.19127814798303616,
            0.972885238477996,
            0.8737715596969235,
            0.4412448274909898,
            0.9249190429563432,
            0.1824459568957602,
            0.7144713284644564,
            0.5510524805034138,
            0.5862611596609492,
            0.6101277930318496,
            0.5699083572308857,
            0.32189958296201154,
            0.9719434361066757,
            0.9886579054690571,
            0.09203290354409072,
            0.16873536845683235,
            0.1250559368656179,
            0.8301449142589015,
            0.741958584647473,
            0.9854934778901514,
            0.998310541278244,
            0.220832042707654,
            0.6690796037441468
        ],
        "recall_drift_rate": [
            0.952850313330156,
            0.47133380528518337,
            0.5619270035582525,
            0.2049982360979552,
            0.3017734375713937,
            0.29088910035288984,
            0.4464017078597419,
            0.669512524568918,
            0.1463185818909955,
            0.884330395048053,
            0.8406451130255099,
            0.3543483130079573,
            0.30464434347498587,
            0.8943575345471297,
            0.20092948874281769,
            0.3339489049758445,
            0.7115495993292495,
            0.44673426078227746,
            0.723944696596922,
            0.8156558864879497,
            0.045315519482455234,
            0.3462909051359998,
            0.18796290176883884,
            0.5998018236676363,
            0.2641203391413821,
            0.9218813501732319,
            0.0006273940411024113,
            0.2046653839571665,
            0.4150754270172406,
            0.1374368915610716,
            0.06436856533623014,
            0.8848593468944643,
            0.6453050902858193,
            0.07843140049378539,
            0.9664620971442386
        ],
        "shared_support": [
            0.6453795198364958,
            46.11691665617555,
            0.14285656730563545,
            27.132298761400982,
            74.58606870750862,
            26.259781201854505,
            27.42057811096211,
            35.318843833142076,
            56.22898193502572,
            56.65948686078504,
            0.9760938695359371,
            6.436826361361611,
            25.03243378403529,
            0.11703164367551722,
            27.65585308707226,
            93.75549201663216,
            80.01623406106052,
            64.14129060446457,
            90.91939263399682,
            48.073432393539676,
            79.0639796964127,
            67.22429963375825,
            76.79646253444699,
            0.3504759301226201,
            6.472890270840871,
            49.01918896104105,
            94.71684622469868,
            26.711879932669362,
            27.595709467837615,
            31.213494107709188,
            79.8820815354825,
            0.7528250558846139,
            0.047809796100879445,
            65.03584269563845,
            51.98067871596229
        ],
        "item_support": [
            1.6862040027085712,
            94.104526820489,
            82.09816947892745,
            56.529823737655285,
            48.64528245843365,
            89.46725378047242,
            71.5425771650947,
            43.10422431677255,
            88.27880527111415,
            58.476804451902794,
            9.414563131218365,
            37.63657326750677,
            50.34868329202825,
            2.359752648116995,
            77.65291464827138,
            88.16415783688589,
            84.31001336001407,
            63.51551134013977,
            87.02403596393417,
            64.79433736641637,
            41.54596391350293,
            27.67019747489051,
            21.418217448161247,
            19.240584928018833,
            31.277973273459043,
            76.0292486721899,
            45.17337427447905,
            50.862548980960774,
            58.68918407000607,
            38.320837773614144,
            64.84596421354175,
            30.82674191362324,
            79.4067795667459,
            9.94753947764525,
            71.67422933806186
        ],