{
    "fixed": {
        "allow_repeated_recalls": 0.0
    },
    "free": {
        "encoding_drift_rate": [
            2.220446049250313e-16,
            0.9999999999999998
        ],
        "start_drift_rate": [
            2.220446049250313e-16,
            0.9999999999999998
        ],
        "recall_drift_rate": [
            2.220446049250313e-16,
            0.9999999999999998
        ],
        "shared_support": [
            2.220446049250313e-16,
            100.0
        ],
        "item_support": [
            2.220446049250313e-16,
            100.0
        ],
        "learning_rate": [
            2.220446049250313e-16,
            0.9999999999999998
        ],
        "primacy_scale": [
            2.220446049250313e-16,
            100.0
        ],
        "primacy_decay": [
            2.220446049250313e-16,
            100.0
        ],
        "stop_probability_scale": [
            2.220446049250313e-16,
            0.9999999999999998
        ],
        "stop_probability_growth": [
            2.220446049250313e-16,
            10.0
        ],
        "choice_sensitivity": [
            2.220446049250313e-16,
            100.0
        ],
        "mfc_choice_sensitivity": [
            2.220446049250313e-16,
            100.0
        ]
    },
    "fitness": [
        1857.5904541015625,
        1414.46728515625,
        2134.935791015625,
        1075.06201171875,
        2037.69970703125,
        2073.66650390625,
        997.9752197265625,
        1974.7535400390625,
        1515.4508056640625,
        2468.94873046875,
        1825.9954833984375,
        2152.043212890625,
        2744.8837890625,
        1608.945068359375,
        1933.2144775390625,
        1705.0404052734375,
        1693.2830810546875,
        1708.074462890625,
        1297.051025390625,
        2049.055419921875,
        1163.5400390625,
        1364.661376953125,
        1441.400634765625,
        1828.4315185546875,
        1077.644775390625,
        1080.5213623046875,
        1592.390380859375,
        1241.7879638671875,
        1374.892578125,
        2013.8193359375,
        1577.6767578125,
        1718.66650390625,
        1910.330322265625,
        1602.8353271484375,
        846.9782104492188
    ],
    "fits": {
        "encoding_drift_rate": [
            0.5470174516528639,
            0.77765779526336,
            0.7339192692556897,
            0.8824787426416265,
            0.46844603486041886,
            0.7069312414254869,
            0.8577001673917428,
            0.8614102094542122,
            0.6777007437778376,
            0.6959618233926298,
            0.7201925604621078,
            0.647001233837172,
            0.7760221523364648,
            0.6119063277344197,
            0.5417314785493698,
            0.7749087946525511,
            0.6027394254302051,
            0.7648884481172941,
            0.6137567305669127,
            0.6916974448721446,
            0.8017481780108828,
            0.7856762919965603,
            0.568244611481597,
            0.8546772095163422,
            0.45792433376732045,
            0.7492845469928265,
            0.6405288930676178,
            0.7049046673283076,
            0.7381872761085044,
            0.7026184210052042,
            0.8298144505591221,
            0.5688026518198274,
            0.7794438950128576,
            0.5141864770488247,
            0.7873140626994045
        ],
        "start_drift_rate": [
            0.622919195254034,
            0.4528941518835866,
            0.08685206499138148,
            0.011727191970020145,
            0.9370484542843307,
            0.07853298919475332,
            0.31387594753044223,
            0.3286231733659154,
            0.10147143573912037,
            0.41484205841539806,
            0.5056151911212574,
            0.837088272791751,
            0.2567621459897325,
            0.3414928973499154,
            0.5388521102343172,
            0.30458147736106844,
            0.83267540444417,
            0.9870551069664001,
            0.8680262159155445,
            0.6090425857910623,
            0.43110620266501265,
            0.8347270324110634,
            0.31260166270740186,
            0.34882926806589215,
            0.3509349240136671,
            0.6715686769315935,
            0.19658128032546396,
            0.008752345240790438,
            0.06193779633133467,
            0.2435193138122691,
            0.37698166358655494,
            0.7429343899788017,
            0.5589167231160065,
            0.9169942278133933,
            0.1993525915072436
        ],
        "recall_drift_rate": [
            0.8478257263401245,
            0.9391542287459037,
            0.8950760062870395,
            0.9695200570599571,
            0.868056880065436,
            0.9928612827645442,
            0.958251390467995,
            0.9532428723830472,
            0.9585866402732739,
            0.8784753265317864,
            0.8439290882952852,
            0.9160975873471793,
            0.92591601660053,
            0.9205248736832932,
            0.8741514738195486,
            0.9269184068094756,
            0.8941841297951734,
            0.966619898913938,
            0.9100093296351324,
            0.8746482443696724,
            0.9754466408869694,
            0.9502264359450241,
            0.8719300210145058,
            0.9454455355945351,
            0.7845129668231481,
            0.9764701712222245,
            0.948278969876936,
            0.8244290835157526,
            0.9110111146270392,
            0.8265935429792699,
            0.9118970506085706,
            0.9550491322329123,
            0.9711263525088735,
            0.9833382882113391,
            0.9415866125410839
        ],
        "shared_support": [
            3.1751465880154015,
            5.720429377200517,
            0.06983293025813708,
            0.013833643562060136,
            0.1595725894722006,
            0.12053990185865615,
            0.05410531629556914,
            6.958526646162575,
            0.13125748332991094,
            12.497787592449292,
            14.544245320512296,
            69.67644335695974,
            4.970043426287916,
            0.21963257376606293,
            11.799069980446355,
            0.14760054248203147,
            0.3309274552228487,
            3.195761121780734,
            5.927954024097801,
            7.819946861687697,
            0.14208519361702798,
            42.397072380904405,
            9.168007147561418,
            6.818442113388791,
            0.01752817092389076,
            0.09732893757524153,
            0.2513953212695176,
            11.421470988757655,
            0.30466035016184634,
            2.286151467937543,
            0.3399345965930678,
            0.6072135835170299,
            0.15226577828516952,
            7.872560064331289,
            0.10269618620795029
        ],