{
    "fixed": {
        "allow_repeated_recalls": 0.0
    },
    "free": {
        "encoding_drift_rate": [
            2.220446049250313e-16,
            0.9999999999999998
        ],
        "start_drift_rate": [
            2.220446049250313e-16,
            0.9999999999999998
        ],
        "recall_drift_rate": [
            2.220446049250313e-16,
            0.9999999999999998
        ],
        "shared_support": [
            2.220446049250313e-16,
            100.0
        ],
        "item_support": [
            2.220446049250313e-16,
            100.0
        ],
        "learning_rate": [
            2.220446049250313e-16,
            0.9999999999999998
        ],
        "primacy_scale": [
            2.220446049250313e-16,
            100.0
        ],
        "primacy_decay": [
            2.220446049250313e-16,
            100.0
        ],
        "stop_probability_scale": [
            2.220446049250313e-16,
            0.9999999999999998
        ],
        "stop_probability_growth": [
            2.220446049250313e-16,
            10.0
        ],
        "choice_sensitivity": [
            2.220446049250313e-16,
            100.0
        ],
        "mfc_choice_sensitivity": [
            2.220446049250313e-16,
            100.0
        ]
    },
    "fitness": [
        1863.4287109375,
        1419.304443359375,
        2138.329345703125,
        1088.7257080078125,
        2045.23974609375,
        2074.977294921875,
        1002.9835205078125,
        1990.287109375,
        1523.5032958984375,
        2496.28662109375,
        1868.45751953125,
        2151.05517578125,
        2736.42236328125,
        1614.9176025390625,
        1932.49462890625,
        1719.0186767578125,
        1698.249755859375,
        1715.10498046875,
        1288.711181640625,
        2063.4013671875,
        1171.93017578125,
        1377.956298828125,
        1447.03369140625,
        1852.502685546875,
        1081.560546875,
        1088.8480224609375,
        1604.767822265625,
        1248.609619140625,
        1379.21728515625,
        2018.6893310546875,
        1584.44677734375,
        1733.3642578125,
        1910.18310546875,
        1598.0640869140625,
        858.43212890625
    ],
    "fits": {
        "encoding_drift_rate": [
            0.7174071030706947,
            0.7034621661901496,
            0.7484354737477956,
            0.7907432958430431,
            0.5953169890657343,
            0.8582894473354905,
            0.9760643360851383,
            0.953306087636812,
            0.7486501473488515,
            0.7337945785901472,
            0.8023167718941854,
            0.8316792038953318,
            0.8769614213037129,
            0.7063380404505263,
            0.552014466671821,
            0.8713520921479814,
            0.6425932458559909,
            0.8313242616353915,
            0.7244260883754166,
            0.707510265678766,
            0.8793428736955025,
            0.8373264793959019,
            0.3600128724473518,
            0.7996038183869858,
            0.5209881835440214,
            0.7329033038296012,
            0.7546599228449306,
            0.7143193465204759,
            0.9720264415613533,
            0.7962538318153469,
            0.7035832374712134,
            0.7868492589088006,
            0.8613939728898845,
            0.7516777077073293,
            0.8144659861130861
        ],
        "start_drift_rate": [
            0.6557953310095275,
            0.22821790350450832,
            0.1494450897934032,
            0.03220016471270465,
            0.9858269191945851,
            0.040004336956322994,
            0.9077791078542103,
            0.16449834163776678,
            0.08412200331133984,
            0.7848190133380153,
            0.8739265801580174,
            0.9251137435147088,
            0.14534266012603353,
            0.24194401358825968,
            0.43723559680925755,
            0.4577023298738395,
            0.8891986387500379,
            0.9991359457287372,
            0.9008231190017049,
            0.5844172130799987,
            0.7564834588092072,
            0.9287431754603439,
            0.5208910909507029,
            0.3182754080943312,
            0.3946108620109722,
            0.9104741592403574,
            0.23700125024828556,
            0.05343538204130294,
            0.00448969432130808,
            0.08689861445584818,
            0.24459429523885567,
            0.6633077744494149,
            0.7084353777691548,
            0.9956486902687663,
            0.11535833278803687
        ],
        "recall_drift_rate": [
            0.9401653362096171,
            0.9187206116354307,
            0.9068777022050687,
            0.9612146535875475,
            0.8793535003332007,
            0.9948728826273122,
            0.951000469519238,
            0.9405180832363648,
            0.9709914838183509,
            0.9456495270455608,
            0.9051694718211276,
            0.9672397674190875,
            0.9303550477023985,
            0.9552313078953398,
            0.8783237954767196,
            0.9641536907393778,
            0.9289770150122578,
            0.9181347680351741,
            0.8977271151125761,
            0.9316741571993872,
            0.9911828559341528,
            0.9869675124974182,
            0.8819008062024776,
            0.96568962997782,
            0.8908867798236639,
            0.987373112091003,
            0.9074458106003005,
            0.922948189043884,
            0.9757922867853637,
            0.9176445349657365,
            0.9573356234363405,
            0.9542872099949679,
            0.9761324745872527,
            0.9428615656151801,
            0.9843217215605787
        ],
        "shared_support": [
            0.22813714407535457,
            0.33670487631035684,
            0.1591064535286408,
            0.09637322479257904,
            0.16421649792287266,
            0.16542361617939605,
            0.0014470019733748324,
            24.222095221474156,
            0.08560998270580455,
            9.621796148706721,
            0.2905906692903528,
            0.1630235075738966,
            0.092724385871648,
            0.14874189679699867,
            17.236557278853994,
            0.05842948166988343,
            0.2727703111834927,
            2.499038384331378,
            2.505876968311455,
            3.455875822114429,
            0.11319054520833305,
            1.3245002922686524,
            0.7024935653073072,
            12.474518064095264,
            0.024338856406977527,
            0.10658785726028697,
            0.6192052212645492,
            0.5462899947478448,
            0.008331546202629768,
            0.1304952156164063,
            0.09306075252556667,
            0.14746646470099734,
            0.10551162665816294,
            0.03386676317290238,
            0.050208119083897884
        ],