{
    "fixed": {
        "allow_repeated_recalls": 0.0
    },
    "free": {
        "encoding_drift_rate": [
            2.220446049250313e-16,
            0.9999999999999998
        ],
        "start_drift_rate": [
            2.220446049250313e-16,
            0.9999999999999998
        ],
        "recall_drift_rate": [
            2.220446049250313e-16,
            0.9999999999999998
        ],
        "shared_support": [
            2.220446049250313e-16,
            100.0
        ],
        "item_support": [
            2.220446049250313e-16,
            100.0
        ],
        "learning_rate": [
            2.220446049250313e-16,
            0.9999999999999998
        ],
        "primacy_scale": [
            2.220446049250313e-16,
            100.0
        ],
        "primacy_decay": [
            2.220446049250313e-16,
            100.0
        ],
        "stop_probability_scale": [
            2.220446049250313e-16,
            0.9999999999999998
        ],
        "stop_probability_growth": [
            2.220446049250313e-16,
            10.0
        ],
        "choice_sensitivity": [
            2.220446049250313e-16,
            100.0
        ],
        "mfc_choice_sensitivity": [
            2.220446049250313e-16,
            100.0
        ]
    },
    "fitness": [
        1853.232177734375,
        1414.302001953125,
        2135.05029296875,
        1075.013427734375,
        2042.7752685546875,
        2072.030517578125,
        996.840576171875,
        1974.6600341796875,
        1512.53125,
        2469.943603515625,
        1825.5802001953125,
        2154.52685546875,
        2741.52001953125,
        1615.6126708984375,
        1938.670166015625,
        1701.1416015625,
        1703.772216796875,
        1709.7154541015625,
        1300.5177001953125,
        2053.257568359375,
        1163.8076171875,
        1365.94140625,
        1441.214111328125,
        1827.230712890625,
        1074.863037109375,
        1080.7498779296875,
        1576.931884765625,
        1241.0263671875,
        1375.07080078125,
        2011.36083984375,
        1577.802001953125,
        1715.5316162109375,
        1909.3167724609375,
        1600.8912353515625,
        847.6456298828125
    ],
    "fits": {
        "encoding_drift_rate": [
            0.5551164435216508,
            0.7743323934545603,
            0.7262558692072888,
            0.8790416026556709,
            0.48546414734096444,
            0.7246691520564453,
            0.8580997305522484,
            0.8717752661524516,
            0.6947336942711982,
            0.7043780216095686,
            0.6642511260713972,
            0.6168687194975444,
            0.749472749213868,
            0.5675747741636205,
            0.6714262593596437,
            0.7678980891390037,
            0.6437714692660592,
            0.7539566290941632,
            0.7026864836047567,
            0.6141511983242778,
            0.8062717804267646,
            0.7625545181834432,
            0.5471759365374463,
            0.8323562222121395,
            0.6513557988735676,
            0.7860661344115754,
            0.7968491002791134,
            0.666421676521342,
            0.7288318945929287,
            0.7204114899580988,
            0.8677061745039005,
            0.6639143880844489,
            0.7871991021168805,
            0.7875993944354337,
            0.768250350333653
        ],
        "start_drift_rate": [
            0.4917400112317825,
            0.31273815630254365,
            0.10033028870987826,
            0.02471693162044658,
            0.9483456596527734,
            0.04371470210499384,
            0.3083463269547392,
            0.30858602276504155,
            0.05735568854254269,
            0.7261991940610855,
            0.47114880650236196,
            0.6507057839206587,
            0.1986129577396203,
            0.3369471191271366,
            0.7590274974648257,
            0.2406582288673233,
            0.9421979520399845,
            0.987277382559098,
            0.9443393960274205,
            0.6094242173555742,
            0.4758505347664407,
            0.8110408714996301,
            0.3236256192764697,
            0.20323527478187087,
            0.1332579312214226,
            0.6364415385110198,
            0.07185410368624373,
            0.004979024784872277,
            0.007506573401822869,
            0.2412689153653894,
            0.2973403349460253,
            0.5492328633667404,
            0.6702800277275095,
            0.8354008031346427,
            0.2187344969225371
        ],
        "recall_drift_rate": [
            0.8479129853000966,
            0.9012402882845092,
            0.9220266559758241,
            0.9752359809591026,
            0.8650906316848475,
            0.984869043178451,
            0.918471149866817,
            0.9650064526029045,
            0.9799958468374059,
            0.9179079521290601,
            0.8274174398982805,
            0.9370237877709009,
            0.9224125159308547,
            0.9422937745029054,
            0.9168548108235928,
            0.929341172049396,
            0.9002861334204741,
            0.9412372731946186,
            0.9234397819821009,
            0.9226517803702645,
            0.9865655212847807,
            0.9705710523415515,
            0.9720876537082214,
            0.9343726032362818,
            0.8974892041971854,
            0.9885741643766801,
            0.9499509684393953,
            0.9681005339629628,
            0.9363523009206767,
            0.8378583214151403,
            0.9403970039570444,
            0.9518103032745627,
            0.9794509497240194,
            0.9575904775421838,
            0.9634363723519639
        ],
        "shared_support": [
            0.5857519799272879,
            3.997686420686101,
            0.10053193981049446,
            0.016921929608152197,
            0.3124562419462444,
            0.11250517279780325,
            0.036779312354710214,
            6.327496062284702,
            0.07643828050876142,
            23.893005489917403,
            0.6032823231018085,
            13.426341177824916,
            15.982650052063107,
            1.7986792232119935,
            18.793990889629352,
            0.08644448593175132,
            37.82212647687753,
            0.0610212577059637,
            38.708348247180865,
            1.7047690725002198,
            0.08453227141130026,
            14.596851237637289,
            22.125960446456173,
            0.08350318961659298,
            0.0011592456575984676,
            3.7811151655446267,
            0.543415283474431,
            0.06307675635834897,
            6.999293262832204,
            0.4513921402084908,
            0.3092160840653051,
            10.81218109634424,
            0.25038242432520974,
            2.2129863944203834,
            0.14582656820702056
        ],