{
    "fixed": {
        "mfc_trace_sensitivity": 1.0
    },
    "free": {
        "encoding_drift_rate": [
            2.220446049250313e-16,
            0.9999999999999998
        ],
        "start_drift_rate": [
            2.220446049250313e-16,
            0.9999999999999998
        ],
        "recall_drift_rate": [
            2.220446049250313e-16,
            0.9999999999999998
        ],
        "shared_support": [
            2.220446049250313e-16,
            100.0
        ],
        "item_support": [
            2.220446049250313e-16,
            100.0
        ],
        "learning_rate": [
            2.220446049250313e-16,
            0.9999999999999998
        ],
        "primacy_scale": [
            2.220446049250313e-16,
            100.0
        ],
        "primacy_decay": [
            2.220446049250313e-16,
            100.0
        ],
        "stop_probability_scale": [
            2.220446049250313e-16,
            0.9999999999999998
        ],
        "stop_probability_growth": [
            2.220446049250313e-16,
            10.0
        ],
        "choice_sensitivity": [
            2.220446049250313e-16,
            100.0
        ]
    },
    "fitness": [
        1854.612548828125,
        1404.689453125,
        2135.252197265625,
        1078.10546875,
        2044.087158203125,
        2072.854736328125,
        1006.3982543945312,
        1972.542724609375,
        1511.072265625,
        2469.963134765625,
        1834.0460205078125,
        2149.9755859375,
        2742.647216796875,
        1605.62744140625,
        1930.689697265625,
        1704.482421875,
        1701.581298828125,
        1710.03759765625,
        1296.26513671875,
        2052.174072265625,
        1163.796630859375,
        1366.3623046875,
        1440.75390625,
        1830.7388916015625,
        1081.4144287109375,
        1080.694091796875,
        1578.0086669921875,
        1242.068603515625,
        1375.966064453125,
        2016.2811279296875,
        1577.30908203125,
        1716.9305419921875,
        1917.7138671875,
        1600.2874755859375,
        850.9422607421875
    ],
    "fits": {
        "encoding_drift_rate": [
            0.5648293037028045,
            0.7526662880793541,
            0.7316240878740706,
            0.8120195567240407,
            0.4760397054664053,
            0.7434425681042287,
            0.7275810641421447,
            0.9049502514406071,
            0.7498158581016704,
            0.700537652970468,
            0.6617471958745785,
            0.674233914461818,
            0.7492828388062616,
            0.6498465238740687,
            0.5470028626268684,
            0.7634708146328814,
            0.5515048585365716,
            0.7951985932041407,
            0.6875499435211053,
            0.6259671480766802,
            0.8219758147074534,
            0.7523623546302676,
            0.6623578500240879,
            0.8492513810126205,
            0.31711789066956186,
            0.7448481799748049,
            0.7741764346453597,
            0.7095064508002252,
            0.72850433932538,
            0.6800599115542817,
            0.8685595271101207,
            0.6412392694402644,
            0.7277684759643545,
            0.639637937718448,
            0.6676297239769771
        ],
        "start_drift_rate": [
            0.6573656023064823,
            0.17296745044721928,
            0.07351712873914645,
            0.04372055525663121,
            0.9624193030620042,
            0.04392260136047155,
            0.464952219542257,
            0.16986286825198244,
            0.029494849861881223,
            0.4772586176436766,
            0.4985282256381078,
            0.6791130766956702,
            0.12576126705403717,
            0.3370536027492994,
            0.427314576673698,
            0.3092409069453931,
            0.8759826739878007,
            0.9583082329614209,
            0.8115008267164525,
            0.6173266067551986,
            0.42384159178318126,
            0.7807724534202183,
            0.22461652880614957,
            0.4907610531937195,
            0.8950961361046936,
            0.6072764761698323,
            0.09600751155128467,
            0.067044290502707,
            0.05164698235523646,
            0.23008144431901478,
            0.4574452059427804,
            0.571590919012723,
            0.5141998895960507,
            0.9034921576592458,
            0.2678316152356023
        ],
        "recall_drift_rate": [
            0.9072655405320877,
            0.9426319925694477,
            0.878388480669478,
            0.9608453090531452,
            0.842718162352585,
            0.9896061933228777,
            0.9363957361129398,
            0.8772472065294865,
            0.9536083992533727,
            0.8918120036117317,
            0.8361095951036859,
            0.919704145225404,
            0.8889684590818172,
            0.9385513024995096,
            0.8133435874535637,
            0.9318957191331896,
            0.9103638554152447,
            0.97667296654449,
            0.8706397197225528,
            0.8800678868372513,
            0.9899148684280382,
            0.9629886937922649,
            0.6923845005223689,
            0.9333320700585088,
            0.8985798076207681,
            0.983542609514889,
            0.957184956966389,
            0.8154630829194465,
            0.9449677554987355,
            0.8417626125588307,
            0.883494483290364,
            0.9442309721832496,
            0.984930062131209,
            0.9439013765807979,
            0.9520125911892043
        ],
        "shared_support": [
            0.6399164789667027,
            0.041340115837776636,
            0.060738052500347806,
            0.04888637536686247,
            29.013185288189103,
            0.07278072606405317,
            14.623297120160753,
            0.31512432986852984,
            0.05337356371293822,
            5.913370639177863,
            0.5008643300540498,
            1.0111623468241269,
            0.5447008552465107,
            0.17150785947472968,
            1.0637624355277333,
            0.12347396025599428,
            1.5719878441055215,
            2.7531285442983275,
            0.487917879684332,
            2.1921164904859936,
            0.11844168414321388,
            5.251450758704237,
            9.695009454361056,
            4.637420888099356,
            3.156077012561532,
            0.12438747733131095,
            1.2192861454889723,
            11.695290965928535,
            9.066978813156624,
            1.0089180432414224,
            0.051791859154839415,
            12.086016048880246,
            0.28510418800286885,
            11.481960408134306,
            12.657551867707419
        ],
        "item_support": [
            0.5686445648776726,
            0.13731239734021727,
            0.7969012009895664,
            0.3303163758817149,
            92.39395603812879,
            0.007677156410117902,
            15.243607263545044,
            0.31716958209742785,
            0.038234968958875015,
            5.717853379143946,
            0.3339631374282064,
            1.2282308833253808,
            0.6501162641599478,
            0.02583866006632718,
            0.5455259011399605,
            0.12039695778882731,
            2.0381988475834802,
            1.0075167630298552,
            0.10646656586752101,
            2.5450658037188703,
            0.1736062068039459,
            5.519348438388917,
            9.000459410425862,
            7.815126420403288,
            9.82649589564047,
            0.9967716010603596,
            0.44747882859946486,
            7.238297239915973,
            9.294803192117548,
            1.1816483745639061,
            0.10202819450910283,
            14.35503197622566,
            1.1506567716365694,
            45.65415193496618,
            12.76564458327838
        ],