{
    "fixed": {
        "allow_repeated_recalls": 1.0
    },
    "free": {
        "encoding_drift_rate": [
            2.220446049250313e-16,
            0.9999999999999998
        ],
        "start_drift_rate": [
            2.220446049250313e-16,
            0.9999999999999998
        ],
        "recall_drift_rate": [
            2.220446049250313e-16,
            0.9999999999999998
        ],
        "shared_support": [
            2.220446049250313e-16,
            100.0
        ],
        "item_support": [
            2.220446049250313e-16,
            100.0
        ],
        "learning_rate": [
            2.220446049250313e-16,
            0.9999999999999998
        ],
        "primacy_scale": [
            2.220446049250313e-16,
            100.0
        ],
        "primacy_decay": [
            2.220446049250313e-16,
            100.0
        ],
        "stop_probability_scale": [
            2.220446049250313e-16,
            0.9999999999999998
        ],
        "stop_probability_growth": [
            2.220446049250313e-16,
            10.0
        ],
        "choice_sensitivity": [
            2.220446049250313e-16,
            100.0
        ],
        "mfc_choice_sensitivity": [
            2.220446049250313e-16,
            100.0
        ]
    },
    "fitness": [
        2686.48828125,
        1745.82080078125,
        2825.4853515625,
        1270.564697265625,
        2398.74462890625,
        2699.785400390625,
        1114.4566650390625,
        2329.13134765625,
        2118.302490234375,
        2995.0087890625,
        3486.18212890625,
        2597.677001953125,
        3420.240234375,
        2339.749755859375,
        2313.673095703125,
        2404.958984375,
        2278.263671875,
        2413.903564453125,
        1435.7113037109375,
        2482.41259765625,
        1339.17529296875,
        1542.6455078125,
        1548.4375,
        2282.267822265625,
        1235.2177734375,
        1255.1043701171875,
        2478.83544921875,
        1334.243896484375,
        1540.0166015625,
        2791.725830078125,
        1828.531494140625,
        2712.186279296875,
        2504.420166015625,
        1829.434326171875,
        981.5921630859375
    ],
    "fits": {
        "encoding_drift_rate": [
            0.530034416658782,
            0.09561849856840726,
            0.4292109067407378,
            0.4835610618159114,
            0.12953583223272397,
            0.29267648280118386,
            0.5623591986212324,
            0.14079102447519554,
            0.2514302614995993,
            0.16019588346571817,
            0.14321031597452533,
            0.11485636314922919,
            0.9537390724846757,
            0.15687967376113546,
            0.12895642397802193,
            0.22182289627196675,
            0.3640576838436366,
            0.10013578900875807,
            0.6409922760230513,
            0.20813093906492575,
            0.15185822238601082,
            0.050165438323051745,
            0.26120367557732305,
            0.0983608306096865,
            0.45841360612291615,
            0.06579253482525527,
            0.3342769217323235,
            0.32680097866710855,
            0.372263871724548,
            0.603731098902974,
            0.10152423338481592,
            0.14159014542958503,
            0.6220430710873162,
            0.4275261604635564,
            0.1266158166023192
        ],
        "start_drift_rate": [
            0.39248285443921294,
            0.038705128209344186,
            0.6158336259543307,
            0.6537715113810403,
            0.997426466437703,
            0.6415855610520169,
            0.7804679991744825,
            0.45333919400407574,
            0.774709990956519,
            0.1404204235834393,
            0.9164399175369948,
            0.632193518834285,
            0.38320529108994894,
            0.6018185753626857,
            0.7961412837986003,
            0.46048885469279827,
            0.8501219073836284,
            0.9995831653351633,
            0.9627561927085914,
            0.7419409060899699,
            0.16650171530694655,
            0.12212260239189021,
            0.504899811359742,
            0.11244486375281731,
            0.8651733343095118,
            0.09674418946135623,
            0.8935813502623042,
            0.14304552443948937,
            0.42566132890201025,
            0.7758253525331381,
            0.6922642600781849,
            0.7810243223367274,
            0.9904208157937885,
            0.9988012645929587,
            0.246833128965772
        ],
        "recall_drift_rate": [
            0.40153834271494465,
            0.15540701985319746,
            0.570015624822178,
            0.9538319759133999,
            0.0354411286603365,
            0.4933083691656952,
            0.7755304449457128,
            0.23461368269800745,
            0.1322882772777354,
            0.13829061806067494,
            0.6121586971978263,
            0.5329519949236977,
            0.6289419456410039,
            0.13749953700569045,
            0.14088438164156686,
            0.14204290241789935,
            0.35995804257737785,
            0.07859203844524783,
            0.9946518013646126,
            0.41909754810842326,
            0.4706974373577589,
            0.2988103299685343,
            0.7339186058667143,
            0.23238825254748763,
            0.6433169692933951,
            0.6354191622816301,
            0.07859681865436513,
            0.25597048044937687,
            0.7914705432147588,
            0.6006361621149944,
            0.23653461165619005,
            0.0675904959474255,
            0.49226547695394496,
            0.302062693331127,
            0.5838840252777814
        ],
        "shared_support": [
            3.862096587044398,
            87.40709994087734,
            12.664373453734903,
            15.061172692346183,
            22.851172412102905,
            7.582418234267571,
            2.1223750129247065,
            52.59105452817574,
            9.874529154255804,
            84.1633693646611,
            6.0918957855121505,
            89.84905393655943,
            12.346753025683718,
            87.93829497347491,
            76.83288183654828,
            2.278763091164052,
            5.130493356885665,
            70.93453182686673,
            39.51110935187319,
            64.01594809729619,
            84.35738201874732,
            89.89849113955546,
            89.4161380559814,
            31.912210207967895,
            63.28321449373963,
            81.39978637245893,
            84.00352761256035,
            30.68910632913372,
            21.023959710751296,
            50.42109765802421,
            72.30005540563577,
            83.70756003830267,
            63.88606329281653,
            66.75158068903035,
            48.2070376432571
        ],