{
    "fixed": {
        "allow_repeated_recalls": 1.0
    },
    "free": {
        "encoding_drift_rate": [
            2.220446049250313e-16,
            0.9999999999999998
        ],
        "start_drift_rate": [
            2.220446049250313e-16,
            0.9999999999999998
        ],
        "recall_drift_rate": [
            2.220446049250313e-16,
            0.9999999999999998
        ],
        "shared_support": [
            2.220446049250313e-16,
            100.0
        ],
        "item_support": [
            2.220446049250313e-16,
            100.0
        ],
        "learning_rate": [
            2.220446049250313e-16,
            0.9999999999999998
        ],
        "primacy_scale": [
            2.220446049250313e-16,
            100.0
        ],
        "primacy_decay": [
            2.220446049250313e-16,
            100.0
        ],
        "stop_probability_scale": [
            2.220446049250313e-16,
            0.9999999999999998
        ],
        "stop_probability_growth": [
            2.220446049250313e-16,
            10.0
        ],
        "choice_sensitivity": [
            2.220446049250313e-16,
            100.0
        ]
    },
    "fitness": [
        728.91748046875,
        624.0591430664062,
        749.5797729492188,
        641.6902465820312,
        815.2420043945312,
        659.1932983398438,
        826.5956420898438,
        901.8229370117188,
        788.733154296875,
        1089.4501953125,
        686.9000244140625,
        959.0548706054688,
        517.1390380859375,
        700.5560302734375,
        766.6246337890625,
        675.759765625,
        1028.764892578125,
        736.8963012695312,
        572.3939208984375,
        762.9282836914062,
        974.7103271484375,
        841.3785400390625,
        739.7548828125,
        697.1614379882812
    ],
    "fits": {
        "encoding_drift_rate": [
            0.8004694497049316,
            0.8140563790571396,
            0.8242513225142207,
            0.8526317805771886,
            0.8510953997304795,
            0.8546628767778655,
            0.8840123456721267,
            0.7852442000227312,
            0.8213055447035865,
            0.8568380014745653,
            0.8535433464603384,
            0.7993905072439486,
            0.8397438848476606,
            0.857909802339405,
            0.8346262650955731,
            0.8274944115903325,
            0.7586079911025088,
            0.8478059515217173,
            0.865397070107131,
            0.8430964881881915,
            0.8283045052225946,
            0.8477633038363848,
            0.8493939072855096,
            0.8423276974826028
        ],
        "start_drift_rate": [
            0.5831284652964646,
            0.753120630314955,
            0.7765895142296171,
            0.8293412474791327,
            0.7519010854315143,
            0.803423146152419,
            0.8409960615085506,
            0.6653576731944749,
            0.6069511881288981,
            0.5790607506662601,
            0.620873633469619,
            0.601646388244644,
            0.7198732777270406,
            0.7589693811961118,
            0.8000177444695888,
            0.8103061423372071,
            0.7425971102626437,
            0.7674157700333086,
            0.8267302920800168,
            0.6019384002473075,
            0.7913870905455139,
            0.8765641233009454,
            0.7498136639660686,
            0.8006870312911114
        ],
        "recall_drift_rate": [
            0.7506225734306068,
            0.6789514885032769,
            0.8171473322107983,
            0.7236096207711016,
            0.7963150819402758,
            0.7394099952141917,
            0.763070898573099,
            0.7635813654782009,
            0.7221201066078154,
            0.8301940931331626,
            0.7518989603728009,
            0.7834649656374286,
            0.7333101249036303,
            0.758829476536913,
            0.8095252640019363,
            0.6865267836684553,
            0.6998154516798066,
            0.7499557051735734,
            0.6858142441445846,
            0.7750458245865792,
            0.8273097454744516,
            0.7130898795410282,
            0.7608588762922873,
            0.6903771211836122
        ],
        "shared_support": [
            8.250157854135729,
            78.36406130165062,
            14.912069005094985,
            67.00536006216728,
            48.49726148610082,
            7.121565462933702,
            80.35424326236084,
            12.55392527394838,
            7.171715403143253,
            19.464677085580895,
            5.67362699200357,
            1.3306142386337,
            75.97075408754927,
            1.1741615467537798,
            95.56719086978183,
            54.21569137048188,
            96.0193135331017,
            70.26969852379437,
            8.290102442889598,
            8.200848263532535,
            77.35242497603144,
            93.8234439796667,
            96.38770865162496,
            95.76636041981862
        ],
        "item_support": [
            7.058663082359892,
            57.49785333220831,
            0.1721389493608143,
            14.328329619416849,
            8.761687825526131,
            6.079384824220405,
            73.61172411031869,
            11.443174279150206,
            6.07004974439068,
            18.448921937970308,
            4.772554859086206,
            0.2212396730383972,
            8.731033597680494,
            0.06662373465617577,
            57.273075408153794,
            1.1228281833345122,
            81.35438501597714,
            44.51102988764048,
            7.311701466669305,
            7.2074472587577105,
            73.85321797099289,
            72.69659817451215,
            71.60344720255159,
            66.32112085575294
        ],
        "learning_rate": [
            0.005410613763720511,
            0.008210165981175967,
            0.004022418499666003,
            0.002596603818717068,
            0.0017417521062396033,
            0.0025090070323069424,
            0.004065192590144452,
            5.0062401853956384e-05,
            0.13019403597041243,
            0.008744340774731558,
            6.618624311766507e-05,
            0.004503807649089019,
            0.003832705148711757,
            0.0006208785115028674,
            0.0021924064314208023,
            0.00012075548733286622,
            0.00024853874410854526,
            0.044419229330926235,
            0.0013851521968512993,
            0.0024749944782832636,
            0.006953546814705593,
            0.0001177866013388747,
            0.00266152626981603,
            0.009411920438495487
        ],
        "primacy_scale": [
            1.1462404042170604,
            22.650027765633823,
            25.56781404851526,
            59.979256231174226,
            54.8914939024435,
            0.30906100049165275,
            8.314549049129397,
            1.1123046801000385,
            0.49394797568156434,
            1.1623719909808798,
            0.8781622006157548,
            1.6466650137880308,
            92.91001659531551,
            0.8124025789652407,
            72.42161073321232,
            59.21998488804863,
            18.066774116545393,
            30.546312112876638,
            0.005964825769829929,
            1.075630805527524,
            6.343989579505198,
            22.75807118299956,
            34.15602772902825,
            35.11312503282514
        ],