{
    "fixed": {
        "allow_repeated_recalls": 1.0
    },
    "free": {
        "encoding_drift_rate": [
            2.220446049250313e-16,
            0.9999999999999998
        ],
        "start_drift_rate": [
            2.220446049250313e-16,
            0.9999999999999998
        ],
        "recall_drift_rate": [
            2.220446049250313e-16,
            0.9999999999999998
        ],
        "shared_support": [
            2.220446049250313e-16,
            100.0
        ],
        "item_support": [
            2.220446049250313e-16,
            100.0
        ],
        "learning_rate": [
            2.220446049250313e-16,
            0.9999999999999998
        ],
        "primacy_scale": [
            2.220446049250313e-16,
            100.0
        ],
        "primacy_decay": [
            2.220446049250313e-16,
            100.0
        ],
        "stop_probability_scale": [
            2.220446049250313e-16,
            0.9999999999999998
        ],
        "stop_probability_growth": [
            2.220446049250313e-16,
            10.0
        ],
        "choice_sensitivity": [
            2.220446049250313e-16,
            100.0
        ],
        "mfc_choice_sensitivity": [
            2.220446049250313e-16,
            100.0
        ]
    },
    "fitness": [
        2058.1640625,
        1575.140625,
        2708.333984375,
        1271.21435546875,
        2139.909423828125,
        2570.7158203125,
        1091.307861328125,
        2221.03515625,
        1943.599365234375,
        2759.949462890625,
        2372.9365234375,
        2323.95166015625,
        3254.39111328125,
        1871.1429443359375,
        2122.1240234375,
        1959.8521728515625,
        2091.755615234375,
        2051.25927734375,
        1392.93017578125,
        2289.12939453125,
        1267.1798095703125,
        1443.763427734375,
        1530.8974609375,
        2105.072021484375,
        1280.95654296875,
        1217.321044921875,
        1815.6470947265625,
        1363.582763671875,
        1492.723876953125,
        2548.021240234375,
        1722.10888671875,
        2092.22265625,
        2368.83837890625,
        1816.8890380859375,
        918.7972412109375
    ],
    "fits": {
        "encoding_drift_rate": [
            0.5211366966812034,
            0.5867688523266101,
            0.0276514359990227,
            0.024105906165460118,
            0.2370200647929227,
            0.7239216717432903,
            0.23309154365738893,
            0.05406640465420446,
            0.7292514935538735,
            0.12083008441688223,
            0.6987067012524892,
            0.028274467860918806,
            0.023294050410193556,
            0.5118622059015918,
            0.28428745406712885,
            0.7442577373554258,
            0.5736526270528074,
            0.6552338783116058,
            0.17610472587206966,
            0.0366328379250654,
            0.02690626658369832,
            0.12298984092184401,
            0.3102877368495284,
            0.02452188956936953,
            0.6228393313193881,
            0.44268657965120206,
            0.7342730705519535,
            0.05521204525339951,
            0.00782862527481104,
            0.012939260912919692,
            0.2506850975739184,
            0.5292141846160505,
            0.009893813896291737,
            0.19400236758124936,
            0.5027542096832462
        ],
        "start_drift_rate": [
            0.18357975621575562,
            0.08923064678984712,
            0.1404142524659796,
            0.01741371914324055,
            0.04088905652273723,
            0.001949312080323562,
            0.014934967927978493,
            0.34155127998696655,
            0.05263467115091053,
            0.7394515197465059,
            0.19678137111227723,
            0.845650522402037,
            0.4111802151818484,
            0.10160209139522954,
            0.013118542764877682,
            0.12794212263430338,
            0.7414502414051265,
            0.8439410055471794,
            0.13198274477455346,
            0.5977149876770776,
            0.6954572741155747,
            0.0352374918546996,
            0.2737972894770945,
            0.06926973378260994,
            0.04726586218118167,
            0.142580867421068,
            0.0392166817028737,
            0.25659841590578214,
            0.23549292039528702,
            0.6867034962227161,
            0.001349799282920765,
            0.07647691551361308,
            0.6682747888047913,
            0.019169742988345156,
            0.12802627406768718
        ],
        "recall_drift_rate": [
            0.706924657342541,
            0.6107961386078061,
            0.06356070875497682,
            0.536298014479624,
            0.5148335912725728,
            0.7533341231133235,
            0.404099273487529,
            0.2932384578432786,
            0.9973779770223531,
            0.3347101534290321,
            0.5939270315313269,
            0.16740583821790522,
            0.1686092926355846,
            0.6548918978399327,
            0.3881534303336152,
            0.7186270283913885,
            0.6731948005785614,
            0.6221903922148102,
            0.7969299408479428,
            0.15808920884444544,
            0.09799410883150671,
            0.4819247000234005,
            0.5840794827330887,
            0.08783704031045295,
            0.9479244382431107,
            0.5594434127965096,
            0.6766128996580884,
            0.6451333275671883,
            0.16534610753600382,
            0.0673081343655279,
            0.39185314973629504,
            0.6566761577785404,
            0.3112642321572867,
            0.45530119580005773,
            0.6403537798185206
        ],
        "shared_support": [
            3.5966998559441166,
            14.613062775035509,
            34.979434057128934,
            25.80918064410545,
            9.411910980775481,
            10.149603558857748,
            7.263381404449014,
            23.756456532912722,
            0.9062524204339937,
            18.945657244369958,
            3.159272358654583,
            50.114958752190496,
            57.607943229387104,
            2.307094809397519,
            9.457484522330589,
            12.617140033266736,
            9.130247490539347,
            7.628223990091179,
            25.96132868375247,
            36.939514164893225,
            57.70864818920736,
            7.941532121547446,
            9.348740201758673,
            31.101012332544343,
            0.000753837350217168,
            20.681209560254167,
            4.76638450218779,
            14.304583457718245,
            97.84306839037376,
            79.52966260445231,
            8.540688205390637,
            3.004784161744766,
            93.33765383078833,
            7.914884591013724,
            2.6774947138624796
        ],