{
    "fixed": {
        "mfc_choice_sensitivity": 1.0,
        "allow_repeated_recalls": 1.0
    },
    "free": {
        "encoding_drift_rate": [
            2.220446049250313e-16,
            0.9999999999999998
        ],
        "start_drift_rate": [
            2.220446049250313e-16,
            0.9999999999999998
        ],
        "recall_drift_rate": [
            2.220446049250313e-16,
            0.9999999999999998
        ],
        "shared_support": [
            2.220446049250313e-16,
            100.0
        ],
        "item_support": [
            2.220446049250313e-16,
            100.0
        ],
        "learning_rate": [
            2.220446049250313e-16,
            0.9999999999999998
        ],
        "primacy_scale": [
            2.220446049250313e-16,
            100.0
        ],
        "primacy_decay": [
            2.220446049250313e-16,
            100.0
        ],
        "stop_probability_scale": [
            2.220446049250313e-16,
            0.9999999999999998
        ],
        "stop_probability_growth": [
            2.220446049250313e-16,
            10.0
        ],
        "choice_sensitivity": [
            2.220446049250313e-16,
            100.0
        ],
        "first_presentation_reinforcement": [
            2.220446049250313e-16,
            100.0
        ]
    },
    "fitness": [
        3683.713623046875,
        3584.4375,
        3380.411376953125,
        4167.5439453125,
        3270.089599609375,
        5603.37109375,
        3540.452880859375,
        4457.0439453125,
        5335.734375,
        2959.25341796875,
        1785.2391357421875,
        4193.7109375,
        5160.99365234375,
        3333.453857421875,
        4701.11865234375,
        4396.068359375,
        2889.26318359375,
        3362.4677734375,
        1619.7908935546875
    ],
    "fits": {
        "encoding_drift_rate": [
            0.9784888629112423,
            0.9051132896240852,
            0.8920047828674746,
            0.8995555197313629,
            0.8865634046495887,
            0.8288832262618715,
            0.8158110308058486,
            0.8247355585614076,
            0.9649346093932856,
            0.8805152680335724,
            0.9434389451462607,
            0.8462160749683221,
            0.956085937939733,
            0.912592292186001,
            0.966755747642218,
            0.9587731645891303,
            0.8208594275127401,
            0.8892556130942699,
            0.901579551432945
        ],
        "start_drift_rate": [
            0.517817268989667,
            0.5891508050140303,
            0.6497644133189968,
            0.5868265347874733,
            0.692269641379885,
            0.6879107343804479,
            0.6410602827327485,
            0.7286808292678623,
            0.6585654323393114,
            0.6615026386649571,
            0.6053789793483482,
            0.8003073942483757,
            0.6052540006243152,
            0.36167578581000237,
            0.1349561446515718,
            0.5390226977623578,
            0.7105947589330561,
            0.6243932768044229,
            0.7894930271572402
        ],
        "recall_drift_rate": [
            0.9116544498786405,
            0.7870322392676612,
            0.7946143072660466,
            0.872951752758659,
            0.7100174564893758,
            0.7390515858447243,
            0.7121896791007757,
            0.7424016614497241,
            0.9741083366354715,
            0.8250440497019285,
            0.8599477395616377,
            0.7829747029261566,
            0.8641091884215126,
            0.7417601394905661,
            0.9100291302435257,
            0.9037027046172192,
            0.7995788344913113,
            0.7118518531525283,
            0.8411013300028605
        ],
        "shared_support": [
            83.51918573464346,
            87.04650101524535,
            79.88430980904494,
            93.65227765004123,
            95.90736359589677,
            87.61987610170289,
            97.30809708216204,
            96.61378473132595,
            73.46283548238287,
            97.35373721001415,
            87.09012943077488,
            94.99836699048694,
            79.54349395918851,
            8.041516053917945,
            12.421180841394758,
            92.62608725278642,
            92.45498765832195,
            97.2200044511942,
            98.01278757877724
        ],
        "item_support": [
            72.27859325488294,
            66.86370742249873,
            36.47123931159564,
            80.60788199175708,
            65.23282630901545,
            64.03631345648246,
            79.69482647027105,
            71.81007990155355,
            55.155583070344115,
            84.4254316652751,
            73.44384975531293,
            67.35638398463192,
            67.0432085545527,
            6.908859723300871,
            11.358031874981222,
            77.90692382138519,
            83.14255534074195,
            80.86182893529478,
            73.82316575674139
        ],
        "learning_rate": [
            0.002338199458816581,
            0.031255839827004694,
            0.01666282312633642,
            0.2238452592831176,
            0.23467618937738868,
            0.30623607158547106,
            0.0517455313845067,
            0.09901784465811975,
            0.3341978553695568,
            0.15621922764335283,
            0.02198948278882206,
            0.1945029320824476,
            0.3081408604768128,
            0.16649052237341586,
            0.11700138889414893,
            0.005116719643825152,
            0.05886669672563648,
            0.20108712048844787,
            0.04375745167421544
        ],
        "primacy_scale": [
            11.73917382997083,
            22.011164901228252,
            41.18686572334623,
            14.237578098894694,
            24.647972290676933,
            21.884896467308522,
            19.451832908553833,
            27.285021012026068,
            71.02848112146319,
            18.359720790374546,
            24.642666664310802,
            29.62680212189793,
            14.95357849512854,
            0.7045999629403568,
            1.4765154447241002,
            10.945528164939446,
            15.302253364882532,
            14.4721224060387,
            22.768438204905117
        ],
        "primacy_decay": [
            0.00023293414925262823,
            0.021726249381025298,
            0.0004343249015683786,
            0.001822256544862455,
            2.220446049250313e-16,
            0.003216753731393851,
            0.009140184705390008,
            0.0013835777885802258,
            0.0021339873741226256,
            0.04330734587563182,
            0.02950587843411509,
            0.00034003139386397206,
            0.001187225691453232,
            69.40913322103297,
            49.831690736881015,
            0.0006322433785186377,
            0.0012665433475120835,
            0.00019563320211091195,
            0.004376149652706829
        ],
        "stop_probability_scale": [
            0.030989985942431242,
            0.0008253777393538164,
            0.0030168441911849983,
            0.022521732150419915,
            0.0015459558844929154,
            0.0014815724550726328,
            0.007597137933728761,
            0.004314268066027804,
            0.0006943434788425074,
            0.006964018991941282,
            0.07338644146762968,
            0.006149327739880338,
            0.00010191379587135538,
            6.946292185954702e-05,
            0.028450738158868595,
            0.021519485957167628,
            0.0008345151878083635,
            1.0007004441318426e-05,
            0.008610949746455942
        ],