{
    "fixed": {
        "mfc_choice_sensitivity": 1.0,
        "allow_repeated_recalls": 1.0
    },
    "free": {
        "encoding_drift_rate": [
            2.220446049250313e-16,
            0.9999999999999998
        ],
        "start_drift_rate": [
            2.220446049250313e-16,
            0.9999999999999998
        ],
        "recall_drift_rate": [
            2.220446049250313e-16,
            0.9999999999999998
        ],
        "shared_support": [
            2.220446049250313e-16,
            100.0
        ],
        "item_support": [
            2.220446049250313e-16,
            100.0
        ],
        "learning_rate": [
            2.220446049250313e-16,
            0.9999999999999998
        ],
        "primacy_scale": [
            2.220446049250313e-16,
            100.0
        ],
        "primacy_decay": [
            2.220446049250313e-16,
            100.0
        ],
        "stop_probability_scale": [
            2.220446049250313e-16,
            0.9999999999999998
        ],
        "stop_probability_growth": [
            2.220446049250313e-16,
            10.0
        ],
        "choice_sensitivity": [
            2.220446049250313e-16,
            100.0
        ],
        "first_presentation_reinforcement": [
            2.220446049250313e-16,
            100.0
        ]
    },
    "fitness": [
        3685.59814453125,
        3580.985107421875,
        3377.70166015625,
        4165.93359375,
        3273.865966796875,
        5605.37255859375,
        3539.114501953125,
        4457.08203125,
        5342.44775390625,
        2960.57861328125,
        1785.2384033203125,
        4190.04248046875,
        5169.1376953125,
        3345.3056640625,
        4703.03369140625,
        4399.2490234375,
        2893.20703125,
        3365.26318359375,
        1621.324951171875
    ],
    "fits": {
        "encoding_drift_rate": [
            0.9817433739526064,
            0.8983152241403731,
            0.8951260422219014,
            0.9002680496505215,
            0.8870364974599247,
            0.8499144462621324,
            0.7996846091727534,
            0.8317584216483749,
            0.9697993064330035,
            0.8808827395520873,
            0.9392981206902022,
            0.8565914342475844,
            0.9445780628219341,
            0.9123066399996314,
            0.9554129677449387,
            0.9816960136876922,
            0.8184366941844978,
            0.8844594956526706,
            0.9194380050563107
        ],
        "start_drift_rate": [
            0.46035962784534984,
            0.5801623627982975,
            0.6343621121350831,
            0.5814559656834489,
            0.6460389994970717,
            0.6505018773808497,
            0.6396454880001377,
            0.7348019219705021,
            0.6319168165551763,
            0.6468938783761287,
            0.6492559073093476,
            0.8383506228569015,
            0.6409150231798397,
            0.5815120239941419,
            0.15205478755716378,
            0.5095940718073584,
            0.7151425414315874,
            0.6320659426990636,
            0.738377615033924
        ],
        "recall_drift_rate": [
            0.919148528381853,
            0.761455011908624,
            0.7874028868985069,
            0.852449308658745,
            0.7125960317995294,
            0.7431028126990259,
            0.701524120465665,
            0.7469839545373342,
            0.9759707770577086,
            0.8263757740787407,
            0.8390123575866364,
            0.7921948949356513,
            0.8627749696483709,
            0.7601867686279212,
            0.9172544289850142,
            0.9286626157103999,
            0.7905496540208752,
            0.6848355577668319,
            0.8050040771327988
        ],
        "shared_support": [
            91.73449394710056,
            71.02869684314203,
            77.64655729365009,
            82.03501946121956,
            97.86539822448526,
            92.36063206870608,
            89.69748880055059,
            83.16422835779315,
            89.54690711552838,
            96.8964947616551,
            96.07307145752756,
            99.15519161165793,
            90.87160125433601,
            69.38381395834219,
            17.175203055754515,
            65.76165393315353,
            73.29756575568598,
            91.5988143595815,
            98.43690429502385
        ],
        "item_support": [
            68.42858575509867,
            61.89093865234931,
            57.632750933754515,
            70.32828882503048,
            67.68825642833552,
            77.5974076513088,
            74.08571406412342,
            60.659459287225836,
            77.27992784773,
            80.92497519403523,
            76.22903052278762,
            80.96903649311432,
            72.73612397208684,
            56.742731004943224,
            16.224699367174004,
            44.14580594737799,
            60.06256842063953,
            75.41384835194157,
            63.13518657485389
        ],
        "learning_rate": [
            0.04060719171248933,
            0.04310171411278677,
            0.04784236179767133,
            0.193596905908402,
            0.24139897192714363,
            0.3271554179000006,
            0.0665868502012576,
            0.08111292663103098,
            0.3032863633072441,
            0.12043114429686651,
            0.03088621181205817,
            0.11981816046598946,
            0.29815879114869326,
            0.09737811077591482,
            0.0727425666768719,
            0.06059997589867483,
            0.05104301419488395,
            0.1926993210329363,
            0.10973492081091683
        ],
        "primacy_scale": [
            28.244120838539178,
            8.975689456776337,
            14.97593355394227,
            14.762916993342365,
            24.98321632957401,
            13.219934728502132,
            16.353241657465468,
            22.60370633371484,
            76.19959412266441,
            23.02865401121825,
            34.61924075466163,
            19.8988014284204,
            21.645390113417008,
            11.053229833851766,
            1.4215983764072035,
            18.28337643378348,
            21.826637905761764,
            12.63830190937204,
            30.571344379724497
        ],
        "primacy_decay": [
            0.0004808495272214941,
            0.014043711783872401,
            0.0013813106999554234,
            0.0013533256663933457,
            0.00797921110128313,
            0.00203351531916951,
            0.012079127674148538,
            0.001762331854813226,
            0.014824765620159275,
            0.0472366285276387,
            0.01997160025895539,
            9.55065888845752e-05,
            0.0028509774325868875,
            0.005754872085975,
            83.1072332199319,
            0.0005829137730088974,
            0.002941786805016367,
            0.001655963828602224,
            0.001532439097106747
        ],
        "stop_probability_scale": [
            0.029068541699897033,
            0.000604915496730251,
            0.003383801171020195,
            0.023200223350471005,
            0.0017496076772411616,
            0.0013609983192881536,
            0.007089015105502583,
            0.004368295571753722,
            0.0006320766195377672,
            0.007816372316200618,
            0.06988707110890374,
            0.005249228839105761,
            0.00015904154083373756,
            6.940962408459234e-05,
            0.03275998065810892,
            0.019785698297297545,
            0.0009096428310541912,
            2.2128622816100406e-05,
            0.009156351780727934
        ],