{
    "fixed": {
        "allow_repeated_recalls": 1.0
    },
    "free": {
        "encoding_drift_rate": [
            2.220446049250313e-16,
            0.9999999999999998
        ],
        "start_drift_rate": [
            2.220446049250313e-16,
            0.9999999999999998
        ],
        "recall_drift_rate": [
            2.220446049250313e-16,
            0.9999999999999998
        ],
        "shared_support": [
            2.220446049250313e-16,
            100.0
        ],
        "item_support": [
            2.220446049250313e-16,
            100.0
        ],
        "learning_rate": [
            2.220446049250313e-16,
            0.9999999999999998
        ],
        "primacy_scale": [
            2.220446049250313e-16,
            100.0
        ],
        "primacy_decay": [
            2.220446049250313e-16,
            100.0
        ],
        "stop_probability_scale": [
            2.220446049250313e-16,
            0.9999999999999998
        ],
        "stop_probability_growth": [
            2.220446049250313e-16,
            10.0
        ],
        "choice_sensitivity": [
            2.220446049250313e-16,
            100.0
        ],
        "mfc_choice_sensitivity": [
            2.220446049250313e-16,
            100.0
        ]
    },
    "fitness": [
        3669.8349609375,
        3585.424072265625,
        3370.189208984375,
        4160.43115234375,
        3277.177978515625,
        5600.63232421875,
        3531.791015625,
        4452.38818359375,
        5343.05615234375,
        2958.671142578125,
        1786.004638671875,
        4182.6376953125,
        5159.1708984375,
        3336.662353515625,
        4701.6796875,
        4388.66650390625,
        2887.15625,
        3357.120361328125,
        1616.5125732421875
    ],
    "fits": {
        "encoding_drift_rate": [
            0.9388400775145751,
            0.8940316538869442,
            0.8964824090488175,
            0.8807080854637717,
            0.8959288578947684,
            0.8427800320963008,
            0.827732194793215,
            0.8223075162277811,
            0.9536412342158738,
            0.8831346536915499,
            0.9458335734491716,
            0.8492871375253479,
            0.9452856063950129,
            0.9157531421965699,
            0.9409926631586648,
            0.96494921186773,
            0.8080784839436863,
            0.874300769259176,
            0.9066339187849257
        ],
        "start_drift_rate": [
            0.1974135551167282,
            0.5991900298000445,
            0.5478524388721006,
            0.373551359648799,
            0.5128536805704719,
            0.6487148924764947,
            0.6326386380735951,
            0.7233700158045373,
            0.6939836260719373,
            0.6608647630609177,
            0.6141228084276311,
            0.7474874337350421,
            0.5127546106742246,
            0.3429386884900958,
            0.18911451305478055,
            0.5194759141032339,
            0.5599090221323798,
            0.4573656421119113,
            0.6637799853334385
        ],
        "recall_drift_rate": [
            0.9233464137852707,
            0.7883369277370635,
            0.7778296876050891,
            0.8472617337725731,
            0.7267713245884085,
            0.7448942643837638,
            0.6955042227230713,
            0.7398800526501139,
            0.9810393186040941,
            0.8437303245547279,
            0.849394685315402,
            0.7768331714423181,
            0.8321977935415621,
            0.7524491487331765,
            0.8935306842011308,
            0.8877902260884867,
            0.7629522979902083,
            0.6545959777288246,
            0.8189830657371107
        ],
        "shared_support": [
            12.850339512612877,
            74.81336024500405,
            8.111294003887245,
            10.55945039486869,
            5.871241242341398,
            9.467395816797392,
            7.506305218427215,
            74.54285577415793,
            96.5460346667173,
            97.76394049793893,
            97.82020217583201,
            7.9126532497319175,
            9.539911142370514,
            7.729975374844528,
            11.959502886877402,
            79.86192332582745,
            6.534206410815067,
            6.65640432008486,
            8.787202237541841
        ],
        "item_support": [
            11.927762716275822,
            66.81350294326441,
            6.849771522206247,
            9.721708661673333,
            4.705087947766309,
            8.508220167870135,
            6.431053559859087,
            59.64195284330144,
            96.18631435590461,
            90.01220262182345,
            85.86669442037322,
            7.025391638663336,
            8.684137265512085,
            6.586990924736689,
            10.949797202580172,
            68.28685130135587,
            5.741134803167029,
            5.484348329318216,
            7.759536758299326
        ],
        "learning_rate": [
            0.002667745296869251,
            0.023991979971279553,
            0.061689243109512154,
            0.24645568320222577,
            0.27409280258104685,
            0.22086755670576447,
            0.07586764465795756,
            0.02055582519807586,
            0.21593505646455027,
            0.06751148352929459,
            0.06342369782174234,
            0.17160337169666467,
            0.3128485809292273,
            0.21634646900972032,
            0.07865082930155515,
            0.04112097332908987,
            0.09844088304822426,
            0.22458035635332274,
            0.08194471799648778
        ],
        "primacy_scale": [
            2.3595079984566922,
            8.270966944952121,
            0.15293498031858377,
            0.5588332738396815,
            0.3795061087023086,
            0.11005078222352438,
            0.017988124424725527,
            16.459983437586253,
            22.496315635337716,
            11.282347660980108,
            18.25623603729298,
            0.090060455650125,
            0.26065730363104933,
            0.7320330405287265,
            1.039052566984985,
            8.923249875572047,
            0.3518738896634659,
            0.5048809180781788,
            0.3646268566374644
        ],
        "primacy_decay": [
            2.0943001441602718,
            0.02054618800298158,
            13.60840702842171,
            46.086863943791535,
            81.73175195674858,
            73.4575993487603,
            29.12044196307378,
            0.005662312198175812,
            0.01568207982683134,
            0.05658297272003665,
            0.025095700665630716,
            85.36787296213743,
            25.44729204002243,
            77.20182660820763,
            81.99343007529237,
            0.0007723882672436844,
            2.1570401046162573,
            61.9788077268287,
            46.1115898240495
        ],
        "stop_probability_scale": [
            0.027980403327552784,
            0.0010108557616197867,
            0.0028123640509171623,
            0.020942993201103877,
            0.0020115975950820066,
            0.001481537505525466,
            0.0073986424018393756,
            0.0036326081696217982,
            0.0009310113636568432,
            0.0076985009347503505,
            0.0697930061821797,
            0.0051188191075311916,
            0.00011669519317052829,
            6.72369351907108e-05,
            0.028294018939858112,
            0.01750453341823649,
            0.0007753937469458777,
            2.4394885770265736e-05,
            0.010250387562232066
        ],