{
    "fixed": {
        "allow_repeated_recalls": 1.0
    },
    "free": {
        "encoding_drift_rate": [
            2.220446049250313e-16,
            0.9999999999999998
        ],
        "start_drift_rate": [
            2.220446049250313e-16,
            0.9999999999999998
        ],
        "recall_drift_rate": [
            2.220446049250313e-16,
            0.9999999999999998
        ],
        "shared_support": [
            2.220446049250313e-16,
            100.0
        ],
        "item_support": [
            2.220446049250313e-16,
            100.0
        ],
        "learning_rate": [
            2.220446049250313e-16,
            0.9999999999999998
        ],
        "primacy_scale": [
            2.220446049250313e-16,
            100.0
        ],
        "primacy_decay": [
            2.220446049250313e-16,
            100.0
        ],
        "stop_probability_scale": [
            2.220446049250313e-16,
            0.9999999999999998
        ],
        "stop_probability_growth": [
            2.220446049250313e-16,
            10.0
        ],
        "choice_sensitivity": [
            2.220446049250313e-16,
            100.0
        ],
        "mfc_choice_sensitivity": [
            2.220446049250313e-16,
            100.0
        ]
    },
    "fitness": [
        3751.4423828125,
        3692.9560546875,
        3483.474853515625,
        4240.2353515625,
        3366.732421875,
        5743.49609375,
        3619.39599609375,
        4528.71337890625,
        5525.73681640625,
        3016.877685546875,
        1811.93798828125,
        4274.68310546875,
        5317.54345703125,
        3435.427978515625,
        4771.927734375,
        4516.54150390625,
        2956.16796875,
        3457.91259765625,
        1679.0487060546875
    ],
    "fits": {
        "encoding_drift_rate": [
            0.9194301432733669,
            0.8756903571300321,
            0.8694193450654844,
            0.8661458732219458,
            0.8676068863664992,
            0.8380264241353703,
            0.8118297394517063,
            0.8397804282543457,
            0.9615904416681861,
            0.8490662556134381,
            0.9205115623410962,
            0.8297435144321896,
            0.9242442737879342,
            0.8929092720555405,
            0.9373019319058893,
            0.9495691159853868,
            0.8310504980869988,
            0.8704605521899517,
            0.8699569455172766
        ],
        "start_drift_rate": [
            0.19164683936676025,
            0.5820167990735863,
            0.5491683730234586,
            0.6207937961249947,
            0.7217766570211338,
            0.7395894093376396,
            0.66404215233798,
            0.6806513963023256,
            0.7259674548373555,
            0.6804594575741139,
            0.6074399419787021,
            0.8207219030621604,
            0.6797235926284994,
            0.6341777760555278,
            0.14963226783248368,
            0.5370710541001567,
            0.7236382511722836,
            0.6596493790369118,
            0.7760262353886174
        ],
        "recall_drift_rate": [
            0.8944620552769094,
            0.781292992620395,
            0.7768702443645812,
            0.846160955499482,
            0.7844745404885666,
            0.7955473710876455,
            0.7098670601484248,
            0.7566508765122694,
            0.9890862410793505,
            0.859367767837808,
            0.8273982075724049,
            0.7767904313179345,
            0.8607565042723853,
            0.7838249295850199,
            0.8857447306693678,
            0.904186623906736,
            0.8045276009753936,
            0.7377539101975729,
            0.8023258989890314
        ],
        "shared_support": [
            5.851541418058979,
            76.32647902572832,
            8.218381981268806,
            96.91131493958999,
            80.94949952084076,
            81.42472957400615,
            98.62783314121913,
            8.518604823210957,
            91.6701565168855,
            88.93032572046242,
            89.09089266134917,
            87.79106030432965,
            83.62168312299247,
            90.9794453203641,
            13.455500187313483,
            96.68832899706591,
            95.2068933520309,
            7.7331696169844975,
            84.4889845273862
        ],
        "item_support": [
            5.2450528166676875,
            67.48280947115035,
            7.461428189793409,
            87.41870901404174,
            72.44424514154753,
            74.24844159190032,
            80.99058751831251,
            7.706742177761974,
            95.18776500919685,
            80.42599055714395,
            79.74600432906317,
            80.38989340062375,
            78.86016237437002,
            83.2372249032741,
            12.600097363714283,
            75.17270134099357,
            86.71042769892676,
            6.976029274201984,
            70.91238293943704
        ],
        "learning_rate": [
            0.01798530527002808,
            0.001328037588606612,
            0.0011807938766810048,
            0.06726451724532762,
            0.0017311863866629556,
            0.12002600788664919,
            0.01053116641207641,
            0.027955005077404838,
            0.156331176771294,
            0.0008537886812547968,
            2.220446049250313e-16,
            0.05853168326128666,
            0.10880663401160265,
            0.0014638644065422533,
            0.13676976900048676,
            0.055297934561691575,
            0.007420237618929015,
            0.01803823740816788,
            0.0035422904469581276
        ],
        "primacy_scale": [
            2.078147175653875,
            10.928836214773412,
            0.22401137492035872,
            14.26282499747716,
            11.787701102954138,
            9.13870348412258,
            21.168324692631174,
            0.1637167916285307,
            89.9704538091294,
            17.97898712066275,
            19.101623577818494,
            10.774367326179792,
            7.5438046394628415,
            10.260145562051562,
            1.0239551122434847,
            28.266392655946778,
            14.167155641715254,
            0.13397602843956236,
            20.013723972308277
        ],
        "primacy_decay": [
            2.109003455334218,
            0.025816177153551223,
            37.97776133921848,
            0.006807871645733599,
            0.020776428152993957,
            0.011795714807490754,
            0.013658111671958295,
            56.42387259183441,
            0.030481501088950907,
            0.0830377696411162,
            0.03277063181314208,
            0.0009212804477201075,
            0.011632482824810103,
            0.009811688019016433,
            32.59474348225878,
            0.00038388450094828386,
            0.0007890653223796562,
            78.2439993175517,
            0.007739319503225594
        ],
        "stop_probability_scale": [
            0.029870694046723767,
            0.000602222132036978,
            0.002342520121214,
            0.02177761872075723,
            0.0017518284140232375,
            0.0011820286857828766,
            0.008937309304432317,
            0.0030860370385659085,
            0.0006710571945663803,
            0.008296193299063948,
            0.07165536387307372,
            0.0063229258060212845,
            9.555919907454076e-05,
            9.256370555434603e-05,
            0.03136222042670839,
            0.018644665863285153,
            0.0009391887678296129,
            1.0462816529160642e-05,
            0.009088996589862458
        ],