{
    "fixed": {
        "mfc_choice_sensitivity": 1.0,
        "allow_repeated_recalls": 1.0
    },
    "free": {
        "encoding_drift_rate": [
            2.220446049250313e-16,
            0.9999999999999998
        ],
        "start_drift_rate": [
            2.220446049250313e-16,
            0.9999999999999998
        ],
        "recall_drift_rate": [
            2.220446049250313e-16,
            0.9999999999999998
        ],
        "shared_support": [
            2.220446049250313e-16,
            100.0
        ],
        "item_support": [
            2.220446049250313e-16,
            100.0
        ],
        "learning_rate": [
            2.220446049250313e-16,
            0.9999999999999998
        ],
        "primacy_scale": [
            2.220446049250313e-16,
            100.0
        ],
        "primacy_decay": [
            2.220446049250313e-16,
            100.0
        ],
        "stop_probability_scale": [
            2.220446049250313e-16,
            0.9999999999999998
        ],
        "stop_probability_growth": [
            2.220446049250313e-16,
            10.0
        ],
        "choice_sensitivity": [
            2.220446049250313e-16,
            100.0
        ],
        "first_presentation_reinforcement": [
            2.220446049250313e-16,
            100.0
        ]
    },
    "fitness": [
        683.4600830078125,
        547.914794921875,
        708.9789428710938,
        616.0155029296875,
        776.3782958984375,
        639.8167114257812,
        788.0814819335938,
        875.6912841796875,
        781.9663696289062,
        1053.1666259765625,
        629.2681884765625,
        905.3322143554688,
        471.8174743652344,
        674.4675903320312,
        712.1803588867188,
        619.8397827148438,
        985.2191162109375,
        689.3048095703125,
        545.4884643554688,
        701.7081909179688,
        938.8755493164062,
        814.69091796875,
        698.3743896484375,
        663.7640991210938
    ],
    "fits": {
        "encoding_drift_rate": [
            0.4049863551922522,
            0.5358324099972819,
            0.4792316240427895,
            0.601157264749032,
            0.6842017806848839,
            0.8648322742522949,
            0.4804855628872352,
            0.45240164212503425,
            0.5051058995616046,
            0.5162803226947814,
            0.34151680420902353,
            0.31624033131701323,
            0.7983798867695455,
            0.36837398845430847,
            0.41079619124639194,
            0.4106724162832061,
            0.47999520947767194,
            0.46608910735455933,
            0.6758394596444066,
            0.40720751218543727,
            0.6685939122164638,
            0.6775906908983702,
            0.49860638521733963,
            0.8338728146728742
        ],
        "start_drift_rate": [
            0.39025892046284427,
            0.2743890385027004,
            0.008987628994424013,
            0.7639625219419052,
            0.5723201562351473,
            0.7838918964258871,
            0.7977118584818783,
            0.6390594969952235,
            0.022050168215791366,
            0.43575647471363654,
            0.07365497334551113,
            0.12916845914110264,
            0.4440799336119431,
            0.36355739079090227,
            0.07563258990957972,
            0.06557572635142134,
            0.4633803273873603,
            0.3186669608117052,
            0.6030091161989806,
            0.018414767564116474,
            0.759646216084819,
            0.8516408215509064,
            0.5113414250820736,
            0.5949312021478302
        ],
        "recall_drift_rate": [
            0.8037292337857136,
            0.2552895859999924,
            0.7828159488316494,
            0.7721934689053641,
            0.7095296423406062,
            0.7720543885881149,
            0.5279294652050712,
            0.5147772139892147,
            0.23148141068168868,
            0.6233674551187889,
            0.7965701280388258,
            0.8437456797201532,
            0.5361796382566578,
            0.4525352286410818,
            0.8718992653932733,
            0.684818044550673,
            0.6780189131813537,
            0.49183978232038134,
            0.5647656800642066,
            0.8337803772240202,
            0.7767837010037015,
            0.6414201946610179,
            0.8270890717404138,
            0.6513393942490693
        ],
        "shared_support": [
            87.28629865222683,
            56.616830422889976,
            10.548434351675041,
            98.97991548141479,
            83.42344452341878,
            87.93223433683126,
            64.99446900235219,
            4.394337574033635,
            87.54857549311441,
            7.6191126636699025,
            1.7351736021775466,
            17.11799272330839,
            97.2751375680081,
            77.7344091257381,
            13.907991395846686,
            96.72003528599879,
            77.4594792708607,
            87.96634491423036,
            53.41789050459814,
            1.6167029153365817,
            98.39796341799881,
            78.9011304894907,
            66.04683504624278,
            11.045595506357188
        ],
        "item_support": [
            80.31265424675385,
            0.5259546976930238,
            9.607939553573424,
            76.46108946305755,
            74.10376489535045,
            73.39371750094688,
            36.70806719552109,
            2.9843015563206734,
            4.294094460709992,
            6.223256533738308,
            1.1628868812315716,
            10.40278616234179,
            21.753668502838252,
            10.053955448992149,
            9.163908151676246,
            84.67217582815243,
            56.3794906990463,
            40.830435240943785,
            37.05335145079811,
            0.37473332448673347,
            93.65011239460748,
            61.200075466474686,
            53.08589133104027,
            9.527364784999556
        ],
        "learning_rate": [
            0.0027414584273039474,
            0.5689445481308079,
            0.0032941432838273776,
            0.008893110787464353,
            0.09719426427632895,
            0.03928015080649905,
            0.5914140791218448,
            0.5129302762333807,
            0.590573646701782,
            0.5076804176431465,
            0.018674252748356046,
            0.0033874399260455596,
            0.21917780858137925,
            0.6547244141233395,
            0.001947819573893228,
            0.0007724466814709565,
            0.01384204218268988,
            0.5900261177897205,
            0.3987947929859724,
            5.7012374140019695e-05,
            0.09745768307107508,
            0.13550664823568365,
            0.004326526046028398,
            0.02067872958755057
        ],
        "primacy_scale": [
            48.042450054775195,
            5.485897489942985,
            5.704916110245527,
            77.98505107704007,
            21.521708876369157,
            13.127390118427549,
            26.66229021964729,
            0.9655900541322495,
            0.8879469194474439,
            1.1347988580887076,
            7.455810390437904,
            80.96810117044963,
            52.12261736257867,
            43.680263049903886,
            67.76420105895042,
            65.52010049665937,
            80.62179672512025,
            25.080962774886835,
            12.171574065775935,
            12.483533621238792,
            19.584724879549537,
            27.036032687891904,
            69.12261038602001,
            0.988301198780448
        ],