{
    "fixed": {
        "mfc_choice_sensitivity": 1.0,
        "allow_repeated_recalls": 1.0
    },
    "free": {
        "encoding_drift_rate": [
            2.220446049250313e-16,
            0.9999999999999998
        ],
        "start_drift_rate": [
            2.220446049250313e-16,
            0.9999999999999998
        ],
        "recall_drift_rate": [
            2.220446049250313e-16,
            0.9999999999999998
        ],
        "shared_support": [
            2.220446049250313e-16,
            100.0
        ],
        "item_support": [
            2.220446049250313e-16,
            100.0
        ],
        "learning_rate": [
            2.220446049250313e-16,
            0.9999999999999998
        ],
        "primacy_scale": [
            2.220446049250313e-16,
            100.0
        ],
        "primacy_decay": [
            2.220446049250313e-16,
            100.0
        ],
        "stop_probability_scale": [
            2.220446049250313e-16,
            0.9999999999999998
        ],
        "stop_probability_growth": [
            2.220446049250313e-16,
            10.0
        ],
        "choice_sensitivity": [
            2.220446049250313e-16,
            100.0
        ],
        "first_presentation_reinforcement": [
            2.220446049250313e-16,
            100.0
        ]
    },
    "fitness": [
        683.3225708007812,
        548.7628784179688,
        709.1258544921875,
        616.3338623046875,
        775.947509765625,
        640.3363037109375,
        785.4530029296875,
        864.78271484375,
        736.431884765625,
        1059.0780029296875,
        628.9046020507812,
        898.7733154296875,
        475.8367919921875,
        671.5165405273438,
        711.6187744140625,
        624.4066162109375,
        995.4945678710938,
        682.5482177734375,
        543.528076171875,
        702.104736328125,
        938.243408203125,
        814.1168823242188,
        698.2694702148438,
        663.7030639648438
    ],
    "fits": {
        "encoding_drift_rate": [
            0.551251152184886,
            0.5373548870020689,
            0.5009867691227787,
            0.7169095047778576,
            0.6824299831558386,
            0.8387442056783827,
            0.4737767850451487,
            0.3628002514691545,
            0.6500425214664032,
            0.5897376531048125,
            0.3783441290589332,
            0.4482116869637104,
            0.6280339985600207,
            0.36002267904246443,
            0.4530964642797184,
            0.4769870834115085,
            0.7446087632375625,
            0.5548178716395701,
            0.5927111394715637,
            0.43407853827472437,
            0.5558366222927307,
            0.6685165317258479,
            0.5952040862009602,
            0.6737639352459008
        ],
        "start_drift_rate": [
            0.6174733153305088,
            0.15557789383318468,
            0.024775839458950732,
            0.754401104096991,
            0.5723710147086809,
            0.7764427439570588,
            0.7618072474590807,
            0.36094308683045134,
            0.5088680376496291,
            0.5702754816893277,
            0.23135162131528691,
            0.027584565988050425,
            0.06156906678922055,
            0.43235249696758205,
            0.16955911382456218,
            0.6526307976576666,
            0.7421369983723892,
            0.29879956416122233,
            0.5784092144878484,
            0.024525088792539784,
            0.6359208253459465,
            0.8152697840662122,
            0.5779369546209466,
            0.5219635470299031
        ],
        "recall_drift_rate": [
            0.557502339599268,
            0.26758464732307496,
            0.7714861696228301,
            0.6861688087787794,
            0.6427600844182308,
            0.7591970517767632,
            0.4827913302707637,
            0.8160314282855319,
            0.6734102507155991,
            0.6162713695919346,
            0.7964183692719353,
            0.8238660374299058,
            0.3025759694594904,
            0.48568102779823497,
            0.8634858783595256,
            0.43384414615915656,
            0.4463237485997857,
            0.6127544731336072,
            0.5448312203874004,
            0.8175442936610562,
            0.7700525325950798,
            0.6356044336902487,
            0.8223017806547555,
            0.6804252866513374
        ],
        "shared_support": [
            5.025544369109056,
            51.69507938569278,
            7.6352887340919935,
            95.8468838468592,
            8.473779758410629,
            87.77264210244073,
            51.071350972116306,
            97.3292469504685,
            6.845002336634259,
            30.33786826215642,
            1.5194572367120571,
            1.0407966283991357,
            40.10416060173958,
            49.34895122830657,
            6.316696944238366,
            15.4595622227789,
            5.3186181011212685,
            4.544590949567031,
            88.71195143736551,
            1.1172045466443876,
            22.01381440710741,
            83.64987442739194,
            83.5038176765384,
            16.978652572991784
        ],
        "item_support": [
            3.8414661031351187,
            1.5607874862042692,
            6.876383815848371,
            75.68024265931001,
            5.770415758603001,
            57.68890671539687,
            32.53692155010144,
            85.88286793595573,
            5.7606484205980735,
            22.96065883669747,
            0.8768544950816519,
            0.3795459106332544,
            0.07558647420161435,
            11.549288627491961,
            4.554217256013175,
            6.8027775341793415,
            3.9469036229797467,
            3.143542348441983,
            38.099092087499855,
            0.024862541913847735,
            21.222333615730626,
            73.69096025423569,
            65.30768004596518,
            12.98340163559547
        ],
        "learning_rate": [
            0.3841728501876843,
            0.5716525857166237,
            0.016887259187638337,
            0.1987813705387985,
            0.25298559520182834,
            0.09615838033136931,
            0.6189635787521535,
            0.0007725207470110795,
            0.08455327524714179,
            0.5107345498553442,
            0.008899474714581523,
            0.00555563697643191,
            0.555667508105341,
            0.6552385015997249,
            0.0006533884756857079,
            0.34652651758532305,
            0.18240117989092025,
            0.4350906191315763,
            0.4894088978435683,
            0.0030374076126262004,
            0.04981822548215296,
            0.1642514992984137,
            2.220446049250313e-16,
            0.022632573795171917
        ],
        "primacy_scale": [
            0.8558350762392948,
            5.918865802134967,
            4.213426550728059,
            25.91953759260458,
            3.294477952454386,
            28.94105759259929,
            12.778241463723766,
            97.10042386588002,
            1.880577141367283,
            6.004774108699074,
            7.688891300189631,
            6.243771269387111,
            0.02389704788453173,
            27.763916573380033,
            20.02887202851791,
            13.32158239586596,
            0.0007471635826448164,
            1.257544500652081,
            37.43216326335198,
            10.331693445706279,
            5.151291325763886,
            14.470597099177589,
            79.40547374736425,
            9.652332827881963
        ],