{
    "fixed": {},
    "free": {
        "encoding_drift_rate": [
            2.220446049250313e-16,
            0.9999999999999998
        ],
        "start_drift_rate": [
            2.220446049250313e-16,
            0.9999999999999998
        ],
        "recall_drift_rate": [
            2.220446049250313e-16,
            0.9999999999999998
        ],
        "shared_support": [
            2.220446049250313e-16,
            100.0
        ],
        "item_support": [
            2.220446049250313e-16,
            100.0
        ],
        "learning_rate": [
            2.220446049250313e-16,
            0.9999999999999998
        ],
        "primacy_scale": [
            2.220446049250313e-16,
            100.0
        ],
        "primacy_decay": [
            2.220446049250313e-16,
            100.0
        ],
        "stop_probability_scale": [
            2.220446049250313e-16,
            0.9999999999999998
        ],
        "stop_probability_growth": [
            2.220446049250313e-16,
            10.0
        ],
        "choice_sensitivity": [
            2.220446049250313e-16,
            100.0
        ],
        "mfc_choice_sensitivity": [
            2.220446049250313e-16,
            100.0
        ]
    },
    "fitness": [
        2788.372314453125,
        1756.755615234375,
        2931.93994140625,
        1317.1920166015625,
        2395.626220703125,
        2825.311279296875,
        1130.0947265625,
        2413.983642578125,
        2169.345947265625,
        3098.583740234375,
        3604.8525390625,
        2611.160888671875,
        3660.86669921875,
        2338.275390625,
        2375.54833984375,
        2454.99658203125,
        2472.606201171875,
        2454.323974609375,
        1486.2799072265625,
        2534.486572265625,
        1349.216064453125,
        1553.6444091796875,
        1589.614990234375,
        2316.840576171875,
        1288.7608642578125,
        1280.9527587890625,
        2504.257080078125,
        1386.222412109375,
        1540.015380859375,
        2810.733642578125,
        1865.3138427734375,
        2727.589111328125,
        2554.970947265625,
        1937.153564453125,
        987.1066284179688
    ],
    "fits": {
        "encoding_drift_rate": [
            0.20994139747577445,
            0.0876764204474457,
            0.6807155675401703,
            0.5486663743447209,
            0.19383342103374968,
            0.31875215634944776,
            0.4124065291179062,
            0.13067139186667026,
            0.2913801988041719,
            0.19346387407104193,
            0.14556267254671346,
            0.042205056446743106,
            0.556632144230361,
            0.30717730121452236,
            0.14010977263388422,
            0.16962359518873393,
            0.3956231134886221,
            0.21168250740464084,
            0.23965671015833712,
            0.23363993849975612,
            0.13928800180667866,
            0.047771141586056776,
            0.3400733141828366,
            0.13028674607772123,
            0.4488799197078227,
            0.06739545356011745,
            0.32676055559058403,
            0.3527830879430263,
            0.37324221740135577,
            0.6804417604730123,
            0.09588012778544125,
            0.09983493929435883,
            0.636275594435096,
            0.15680128607010874,
            0.11314104234654399
        ],
        "start_drift_rate": [
            0.9631178549706569,
            0.10703793142094505,
            0.6362761102357853,
            0.7339523675108259,
            0.9487655846749351,
            0.10842438976329072,
            0.6655381147691715,
            0.8311110303638212,
            0.979097124704079,
            0.8472005037772901,
            0.890080446947033,
            0.14201476382261302,
            0.6062404314740395,
            0.4398146207287006,
            0.6936597977310187,
            0.7073071086812536,
            0.8673970316071982,
            0.9946712582926465,
            0.9476651639076925,
            0.3471002139318322,
            0.3135405696888496,
            0.2476770177393448,
            0.5721031994513891,
            0.8066458961157144,
            0.9394942691195226,
            0.48083319587713613,
            0.4430050594832845,
            0.08045690014867019,
            0.2930187211715092,
            0.6354604729419777,
            0.12175768635057344,
            0.558078595760667,
            0.9820543717713072,
            0.576512100953274,
            0.2502727205718611
        ],
        "recall_drift_rate": [
            0.06004993860381859,
            0.16477967406121896,
            0.6662266757070551,
            0.34387428069988757,
            0.16962580047479942,
            0.4411407005838063,
            0.3371191303919706,
            0.1983527056085872,
            0.047610030655450566,
            0.2953814501469366,
            0.6021242649869316,
            0.2828029987942854,
            0.66098227244192,
            0.1523532205671381,
            0.12140714309067588,
            0.15193089362445442,
            0.3416390753479751,
            0.16189493173665276,
            0.7661965248924781,
            0.27994313397185383,
            0.38347366183010184,
            0.15373601327396996,
            0.8540785200942609,
            0.07768528440128593,
            0.4503029814417561,
            0.7625305672777835,
            0.08365264398608875,
            0.2806833142664351,
            0.9123083194489225,
            0.7961660192226494,
            0.18164616343133483,
            0.262462057972199,
            0.4513406111780636,
            0.08673225334449414,
            0.5900733114009034
        ],
        "shared_support": [
            30.948600630250635,
            49.80977581711961,
            1.3755975856325122,
            5.509698198799526,
            3.7229895090397704,
            23.279010563933035,
            20.505297559009524,
            52.52083160508737,
            0.7771688669028265,
            60.01187425195762,
            5.961044967012185,
            87.3923476704224,
            32.843438325383204,
            1.5279968107399284,
            70.46076655893599,
            15.797690011397435,
            4.301807843055784,
            6.548498644660434,
            94.54047517292699,
            95.54039866673781,
            71.13752558903637,
            71.21178408568478,
            99.5812645284724,
            87.92814516763733,
            35.59233518959374,
            21.487996140688903,
            41.91178481557608,
            31.011435227345487,
            44.92810828888605,
            6.5705267851717934,
            85.527893389378,
            86.24529064823582,
            7.698794245325459,
            96.46475417164852,
            94.50506673276726
        ],