{
    "fixed": {
        "mfc_trace_sensitivity": 1.0
    },
    "free": {
        "encoding_drift_rate": [
            2.220446049250313e-16,
            0.9999999999999998
        ],
        "start_drift_rate": [
            2.220446049250313e-16,
            0.9999999999999998
        ],
        "recall_drift_rate": [
            2.220446049250313e-16,
            0.9999999999999998
        ],
        "shared_support": [
            2.220446049250313e-16,
            100.0
        ],
        "item_support": [
            2.220446049250313e-16,
            100.0
        ],
        "learning_rate": [
            2.220446049250313e-16,
            0.9999999999999998
        ],
        "primacy_scale": [
            2.220446049250313e-16,
            100.0
        ],
        "primacy_decay": [
            2.220446049250313e-16,
            100.0
        ],
        "stop_probability_scale": [
            2.220446049250313e-16,
            0.9999999999999998
        ],
        "stop_probability_growth": [
            2.220446049250313e-16,
            10.0
        ],
        "choice_sensitivity": [
            2.220446049250313e-16,
            100.0
        ]
    },
    "fitness": [
        2105.0068359375,
        1557.94580078125,
        2719.085205078125,
        1278.557861328125,
        2119.482421875,
        2650.887451171875,
        1079.85302734375,
        2218.060302734375,
        1939.5084228515625,
        2757.90234375,
        2511.083740234375,
        2329.718017578125,
        3256.60546875,
        1855.0982666015625,
        2137.02783203125,
        1970.6834716796875,
        2099.9794921875,
        2054.748046875,
        1408.3236083984375,
        2282.995361328125,
        1268.0836181640625,
        1450.885498046875,
        1522.684326171875,
        2109.81689453125,
        1263.296630859375,
        1239.60400390625,
        1838.63916015625,
        1361.513427734375,
        1487.5726318359375,
        2571.273193359375,
        1721.359130859375,
        2081.4873046875,
        2363.091796875,
        1811.72119140625,
        896.3634033203125
    ],
    "fits": {
        "encoding_drift_rate": [
            0.4413708723591099,
            0.2958036869787293,
            0.06760036461688242,
            0.04238755264641583,
            0.32957631836562085,
            0.03332853217697459,
            0.24205436944955502,
            0.07954851998311381,
            0.6008278178936701,
            0.037450324632761274,
            0.5976696360096602,
            0.05540712832746769,
            0.09347219191707933,
            0.4325694511968857,
            0.29684375950500697,
            0.6539595945503045,
            0.534494114901371,
            0.59464602278049,
            0.18959657965219134,
            0.07635821184328516,
            0.06103932386894883,
            0.015803302986667062,
            0.4202136425132096,
            0.06556513576186557,
            0.6472384880258151,
            0.0832807705147461,
            0.685882064197546,
            0.09079930648108009,
            0.010228907909362503,
            0.005228866182406879,
            0.30150002799466363,
            0.4586881473011256,
            0.0084700042444486,
            0.20849182705623814,
            0.5379503425983478
        ],
        "start_drift_rate": [
            0.22718850672925345,
            0.010625176388672974,
            0.092021816263745,
            0.09565359119328548,
            0.8156279454341253,
            0.05305381362543987,
            0.014031755709861704,
            0.8887301527875817,
            0.08757290018915015,
            0.21134826163671722,
            0.28020434470416783,
            0.9145545366717862,
            0.6630126861371068,
            0.18229215056864262,
            0.012307128049455501,
            0.1865702772508388,
            0.8881297873855603,
            0.8491809695837087,
            0.22164958836283843,
            0.931381280933434,
            0.5814671087673772,
            0.21459229699646126,
            0.026324307040330234,
            0.3387119318204568,
            0.11983446021971361,
            0.3489421027052798,
            0.06362765892142963,
            0.05564307045210759,
            0.9932751398375258,
            0.8992686708694302,
            0.05163768674874968,
            0.08812057152332464,
            0.8457991876834077,
            0.029399097493369407,
            0.18743055979208118
        ],
        "recall_drift_rate": [
            0.673276249836274,
            0.3782640298025383,
            0.1886692377599819,
            0.5674764102835904,
            0.5430063047552379,
            0.2544498358167066,
            0.4646744175482857,
            0.24908497179494227,
            0.9848156139006956,
            0.3121816455251808,
            0.6367342282871788,
            0.24689225389094588,
            0.2079513304998868,
            0.6098823386140646,
            0.33628498916367566,
            0.7678961246798403,
            0.719204575228965,
            0.6834173556397504,
            0.8275956796556403,
            0.1653784171197418,
            0.2253851327639,
            0.3259215006823669,
            0.6088827927474897,
            0.25475874180889807,
            0.8552714897112199,
            0.16114082476815134,
            0.7352816305975299,
            0.6128234587732777,
            0.304739730806474,
            0.1659462422847015,
            0.3001934493499451,
            0.6221801083829361,
            0.32643228517120815,
            0.5872884937838672,
            0.6538482872098488
        ],
        "shared_support": [
            4.62140817357583,
            3.3149257978257367,
            82.38951492627476,
            72.51128241700744,
            5.935912326970261,
            89.79592428976639,
            3.9515446934051894,
            50.64184627232824,
            8.03143248640216,
            21.336045110011444,
            5.107595909881788,
            70.18321206289646,
            71.3093093453366,
            4.243068904881056,
            3.963195520422566,
            6.352417830846953,
            7.224384293651497,
            9.178400119726263,
            8.007942151539474,
            77.65296446253404,
            46.335744201675524,
            61.85306607062904,
            2.7127860323636357,
            77.35340380661604,
            0.0009197075985554193,
            84.05071156074956,
            7.847988527163238,
            6.6610479396863695,
            67.31513857292246,
            93.59963224730402,
            3.9273324383394055,
            4.744581225099104,
            85.49268218472656,
            12.924299690299001,
            1.8022817089052552
        ],
        "item_support": [
            1.848344716064645,
            0.2557919365115495,
            1.4510069681444975,
            2.2083762221573693,
            0.45549639443991197,
            19.69719667856537,
            1.8718585196665103,
            3.3047001842135018,
            0.6056600992125851,
            0.24885677688978092,
            2.9912061256332194,
            0.08159784630203148,
            2.121096939003678,
            2.3750471397832627,
            0.05346306349601804,
            3.4626973633449225,
            4.619320946720926,
            0.34398202353464313,
            1.5562611828726247,
            1.7456547143453847,
            0.4741740282347635,
            1.556159042337839,
            0.02259005364667388,
            0.5969445467756458,
            2.5282201046724495,
            4.355227812388598,
            4.318963670674165,
            3.9973085317642543,
            5.119932709589477,
            0.07723428837170587,
            0.08064943424177784,
            2.226191888630602,
            4.1424783337567135,
            5.507780488971285,
            0.4627675384616978
        ],