{
    "fixed": {},
    "free": {
        "encoding_drift_rate": [
            2.220446049250313e-16,
            0.9999999999999998
        ],
        "repetition_drift_rate": [
            2.220446049250313e-16,
            0.9999999999999998
        ],
        "start_drift_rate": [
            2.220446049250313e-16,
            0.9999999999999998
        ],
        "recall_drift_rate": [
            2.220446049250313e-16,
            0.9999999999999998
        ],
        "shared_support": [
            2.220446049250313e-16,
            100.0
        ],
        "item_support": [
            2.220446049250313e-16,
            100.0
        ],
        "learning_rate": [
            2.220446049250313e-16,
            0.9999999999999998
        ],
        "primacy_scale": [
            2.220446049250313e-16,
            100.0
        ],
        "primacy_decay": [
            2.220446049250313e-16,
            100.0
        ],
        "stop_probability_scale": [
            2.220446049250313e-16,
            0.9999999999999998
        ],
        "stop_probability_growth": [
            2.220446049250313e-16,
            10.0
        ],
        "choice_sensitivity": [
            2.220446049250313e-16,
            100.0
        ]
    },
    "fitness": [
        3669.53857421875,
        3585.812255859375,
        3368.00390625,
        4168.45849609375,
        3269.64501953125,
        5595.591796875,
        3531.56982421875,
        4447.80419921875,
        5341.4892578125,
        2960.381103515625,
        1787.81396484375,
        4189.322265625,
        5162.865234375,
        3334.572265625,
        4705.83349609375,
        4404.73681640625,
        2894.009765625,
        3355.650634765625,
        1615.585205078125
    ],
    "fits": {
        "encoding_drift_rate": [
            0.9347700773640695,
            0.8989106829228868,
            0.8737882078534454,
            0.9001168621363713,
            0.8986069301859589,
            0.8321580419982519,
            0.7775578317935256,
            0.8270742451325788,
            0.9630605429614566,
            0.8784416342840383,
            0.9499276028248285,
            0.8454734765379417,
            0.9545103750489307,
            0.9138626897328976,
            0.9615014382864863,
            0.9557041455735613,
            0.835548510393137,
            0.8782787942843491,
            0.8849663163458454
        ],
        "repetition_drift_rate": [
            0.9785057883185578,
            0.948270080209004,
            0.9546546788714438,
            0.8812931616603887,
            0.9431486947282186,
            0.9311240890066363,
            0.8015421733830138,
            0.8448052998994791,
            0.9108323492280568,
            0.99254990995209,
            0.9767215785056338,
            0.9498946946361986,
            0.9470770812091855,
            0.9282514237942474,
            0.9775911889781645,
            0.9853141598992311,
            0.8199561268785018,
            0.9063361982170486,
            0.9713577801184874
        ],
        "start_drift_rate": [
            0.12505548971940045,
            0.5728838744711948,
            0.5618166102789868,
            0.5692834819807846,
            0.5458078762858812,
            0.5897211076996495,
            0.5069781688684072,
            0.6186973489937737,
            0.683736426245921,
            0.6737777480095779,
            0.5978384710123655,
            0.8197830843628944,
            0.6195260110310573,
            0.28406548307891877,
            0.18486645745728095,
            0.20614684465933247,
            0.7185305537503669,
            0.45524368930114123,
            0.7449555243234743
        ],
        "recall_drift_rate": [
            0.9149350248853689,
            0.7915600408995134,
            0.7843121112734317,
            0.843383206604694,
            0.71745154878883,
            0.7203843565397721,
            0.6978474028947198,
            0.739047413443497,
            0.9730626079433731,
            0.8610758725228673,
            0.8268661822145229,
            0.7997213330405862,
            0.8746983363172496,
            0.7517911241113441,
            0.9092596700811851,
            0.9060774956097131,
            0.7967042437658555,
            0.6842731978820931,
            0.8289536576711094
        ],
        "shared_support": [
            9.274097100130717,
            61.89682200111317,
            8.8918354439706,
            87.59445787400396,
            7.292904720558688,
            8.979300071470313,
            6.18366771909681,
            6.656218887891498,
            95.5088298935447,
            50.91640247662029,
            82.82206271970242,
            95.31286204687717,
            76.49097291134248,
            6.944559549334691,
            13.620091098859362,
            12.964695581101516,
            99.97187203590664,
            6.657108137021673,
            8.602737886159431
        ],
        "item_support": [
            8.491312480476587,
            54.64045654624646,
            7.833611268371776,
            64.70491998621499,
            6.065885223223624,
            7.941571509113487,
            5.220984417374666,
            5.670443641265344,
            94.31374196619869,
            46.93976639737673,
            66.77213961324921,
            79.43913659536726,
            69.34797427142232,
            5.845041206288151,
            12.74633117436477,
            11.918998062319766,
            84.10565824995523,
            5.587933313840217,
            7.652899966189736
        ],
        "learning_rate": [
            0.0031959725071012413,
            0.01317588984090906,
            0.0016067858187783517,
            0.1999030239978798,
            0.24534397087605758,
            0.2969952218779671,
            0.03305214787982234,
            0.08441345925002142,
            0.284000333085069,
            0.06529074108712352,
            0.045320828167462246,
            0.1253083296144546,
            0.2707833027614397,
            0.159950123133296,
            0.13698941153478217,
            0.043967284861100575,
            0.05091953599169549,
            0.2221368060886374,
            0.05916745497682849
        ],
        "primacy_scale": [
            4.053910412365987,
            6.948568645298593,
            0.23981570266320773,
            26.41287184424323,
            0.2737516196879852,
            0.23665232279419257,
            0.5113165407087479,
            0.3031156585301815,
            8.34892909196929,
            5.885072427158811,
            26.154013490246815,
            18.306906443302417,
            9.484631301845404,
            1.2944060470293408,
            0.9370777143811608,
            1.9799646172171421,
            27.14998239794168,
            0.4625531520651762,
            0.10425089171850743
        ],
        "primacy_decay": [
            2.3526072130551015,
            0.021780256227920347,
            31.107988109632124,
            0.0013512683037006923,
            82.83853867041442,
            33.75906858269069,
            0.6254261199694113,
            22.892764921859765,
            0.0032295472581367335,
            0.05934147017190128,
            0.02176159251450116,
            0.0002571165937226283,
            0.0007976443061465943,
            13.310502226306092,
            38.04401019047796,
            26.102762263327207,
            0.0004959192042832683,
            70.87536473579107,
            54.12363385911435
        ],