{
    "fixed": {
        "mfc_choice_sensitivity": 1.0
    },
    "free": {
        "encoding_drift_rate": [
            2.220446049250313e-16,
            0.9999999999999998
        ],
        "start_drift_rate": [
            2.220446049250313e-16,
            0.9999999999999998
        ],
        "recall_drift_rate": [
            2.220446049250313e-16,
            0.9999999999999998
        ],
        "shared_support": [
            2.220446049250313e-16,
            100.0
        ],
        "item_support": [
            2.220446049250313e-16,
            100.0
        ],
        "learning_rate": [
            2.220446049250313e-16,
            0.9999999999999998
        ],
        "primacy_scale": [
            2.220446049250313e-16,
            100.0
        ],
        "primacy_decay": [
            2.220446049250313e-16,
            100.0
        ],
        "stop_probability_scale": [
            2.220446049250313e-16,
            0.9999999999999998
        ],
        "stop_probability_growth": [
            2.220446049250313e-16,
            10.0
        ],
        "choice_sensitivity": [
            2.220446049250313e-16,
            100.0
        ],
        "mfc_trace_sensitivity": [
            2.220446049250313e-16,
            0.9999999999999998
        ]
    },
    "fitness": [
        3739.470703125,
        3689.412353515625,
        3480.04638671875,
        4215.0576171875,
        3355.857421875,
        5733.744140625,
        3605.539794921875,
        4518.46923828125,
        5525.79248046875,
        3005.664794921875,
        1804.5787353515625,
        4268.64404296875,
        5313.95654296875,
        3433.766845703125,
        4770.3037109375,
        4501.78515625,
        2943.962890625,
        3452.12109375,
        1672.1416015625
    ],
    "fits": {
        "encoding_drift_rate": [
            0.9133692757724479,
            0.8962134060042024,
            0.8707795113439329,
            0.8571546768255671,
            0.893431752212138,
            0.8476454702887084,
            0.8273387373588392,
            0.8415081539447022,
            0.9553098062980013,
            0.8669609802052798,
            0.928594127214275,
            0.8333655032398877,
            0.9150751596574771,
            0.8885120840106426,
            0.9417603634423534,
            0.9351023890473851,
            0.8449915358773343,
            0.8730193435155924,
            0.8834453355380021
        ],
        "start_drift_rate": [
            0.10140154894428255,
            0.49392569312050527,
            0.617802780910991,
            0.26715096286987583,
            0.6536043048794173,
            0.7452617804152725,
            0.4569735225701533,
            0.5831410981446846,
            0.715802264763395,
            0.6993593059160206,
            0.43079456845753533,
            0.8352261982549247,
            0.7227806963243616,
            0.6030877232588727,
            0.12465310286826586,
            0.2907295870418667,
            0.5244344462858002,
            0.5594757520127082,
            0.7551958478900959
        ],
        "recall_drift_rate": [
            0.8841085214443511,
            0.7259280991453462,
            0.777897893807242,
            0.8215089152916122,
            0.7358931123933469,
            0.7632344523937598,
            0.7021710144909644,
            0.7375702950762172,
            0.9840798628349907,
            0.860585789568608,
            0.7800641365804085,
            0.7803596621237046,
            0.8645257758996945,
            0.7624585958565302,
            0.8746589125833821,
            0.8897156748538091,
            0.7924937461078628,
            0.7090885119160136,
            0.8108548491083538
        ],
        "shared_support": [
            9.781909557609062,
            7.972615980775885,
            5.629584785185017,
            10.01782069800366,
            7.181858612817514,
            70.82599828433146,
            7.567200712540611,
            8.110994129612777,
            76.23441741900623,
            96.92338948700524,
            7.7369649047401055,
            92.4107600681761,
            87.64915441343544,
            69.31645610451505,
            11.334456245060501,
            13.685757869354845,
            6.407466010774016,
            7.468367457845879,
            7.756500176282884
        ],
        "item_support": [
            9.15403398439664,
            7.026465377387709,
            4.7569768483563095,
            9.305643526083252,
            6.083349550427229,
            64.03144384738923,
            6.5553090422147875,
            7.194173477483545,
            77.3998266131417,
            86.31887069711215,
            7.0610013936054585,
            82.88337220393355,
            83.7527818409126,
            61.59443160954541,
            10.605039124485451,
            12.90731679706142,
            5.713704978160713,
            6.5345526673672225,
            6.987334289237658
        ],
        "learning_rate": [
            0.0018105913600741097,
            0.003935323014354321,
            0.005139716796481296,
            0.0691497701254048,
            0.0916569396225475,
            0.1526105059007667,
            0.02496948369767555,
            0.05227458212199638,
            0.16284010660634946,
            0.014168677524128814,
            0.04217848936903493,
            0.06920804612061121,
            0.09585094295167303,
            0.003451015724903775,
            0.09561546135012587,
            0.057466768131304496,
            0.010193612165180443,
            0.06093149041565721,
            0.005746979571069455
        ],
        "primacy_scale": [
            4.704216266374026,
            0.18359819662160248,
            0.10539292538999234,
            1.5622844928100932,
            0.10365560761994885,
            7.014075859893907,
            0.48474113425521637,
            0.29725851419115656,
            30.581329476092062,
            19.971030941567914,
            0.5389312426507331,
            12.442626094582373,
            6.606546945159899,
            8.741644821634289,
            1.7681061922776493,
            1.0798010040204673,
            0.4662803451341304,
            0.279392712257966,
            0.13942900230932764
        ],
        "primacy_decay": [
            2.5742741050547124,
            74.4210428090599,
            75.54112621063753,
            1.37776588358863,
            5.752130102298395,
            0.004741042244866378,
            0.693166670608818,
            13.06555653400217,
            0.02601229443874331,
            0.06956905340400965,
            29.21094105048376,
            0.001760666878404038,
            0.011127343120129559,
            0.006816248663934331,
            24.15132565268236,
            18.752723773264357,
            1.562514187328233,
            43.122134691959744,
            17.951370823127313
        ],
        "stop_probability_scale": [
            0.029831756446429547,
            0.0008464280584036462,
            0.0030847811424024644,
            0.024254584064518192,
            0.002095551010026009,
            0.0018774698131698397,
            0.009788659052954823,
            0.0039024909654216144,
            0.0008129747092545658,
            0.00785937669654918,
            0.06656531851062118,
            0.007434471477906601,
            0.00015227422344293152,
            6.737574386191622e-05,
            0.03031506033403525,
            0.02152132847743501,
            0.000898184707810834,
            1.610971844911283e-05,
            0.007627603507306513
        ],