{
    "fixed": {
        "allow_repeated_recalls": 0.0,
        "mfc_choice_sensitivity": 1.0
    },
    "free": {
        "encoding_drift_rate": [
            2.220446049250313e-16,
            0.9999999999999998
        ],
        "start_drift_rate": [
            2.220446049250313e-16,
            0.9999999999999998
        ],
        "recall_drift_rate": [
            2.220446049250313e-16,
            0.9999999999999998
        ],
        "shared_support": [
            2.220446049250313e-16,
            100.0
        ],
        "item_support": [
            2.220446049250313e-16,
            100.0
        ],
        "learning_rate": [
            2.220446049250313e-16,
            0.9999999999999998
        ],
        "primacy_scale": [
            2.220446049250313e-16,
            100.0
        ],
        "primacy_decay": [
            2.220446049250313e-16,
            100.0
        ],
        "stop_probability_scale": [
            2.220446049250313e-16,
            0.9999999999999998
        ],
        "stop_probability_growth": [
            2.220446049250313e-16,
            10.0
        ],
        "choice_sensitivity": [
            2.220446049250313e-16,
            100.0
        ],
        "mfc_trace_sensitivity": [
            2.220446049250313e-16,
            0.9999999999999998
        ]
    },
    "fitness": [
        733.13671875,
        2188.5126953125,
        2131.51953125,
        1268.919189453125,
        2380.59326171875,
        2300.6728515625,
        2365.1767578125,
        845.9508056640625,
        1533.670166015625,
        598.01220703125,
        1720.11083984375,
        331.327880859375,
        1213.22412109375,
        1247.197265625,
        1001.94091796875,
        1120.5765380859375,
        2283.60107421875,
        367.57025146484375,
        305.7433166503906,
        2079.817626953125,
        347.5065612792969,
        1789.144775390625,
        2465.458984375,
        1090.833251953125,
        272.8827209472656,
        2008.775634765625,
        390.48406982421875,
        315.0581359863281,
        2184.70068359375,
        1328.2740478515625,
        291.2518310546875,
        655.6439819335938,
        374.1343688964844
    ],
    "fits": {
        "encoding_drift_rate": [
            0.8528247896154773,
            0.7540227011104971,
            0.7884226931262361,
            0.7555047265335281,
            0.785121296600959,
            0.8442886426851773,
            0.8528285270401397,
            0.6804155606220988,
            0.7079192531409805,
            0.5753603584028788,
            0.7865828025316706,
            0.5353651735800725,
            0.7602742689364969,
            0.8713989813201899,
            0.8463706682381518,
            0.7815902088676044,
            0.7057528220795841,
            0.6111221889689011,
            0.5110538278496978,
            0.7489803195998005,
            0.7060388166993218,
            0.686561901008475,
            0.7862416351316904,
            0.6657027479298262,
            0.5547906156131375,
            0.7662074253992156,
            0.6523778267015325,
            0.6475241274751606,
            0.7846433698155799,
            0.809515228060359,
            0.508530535361631,
            0.5465838819492408,
            0.8005576710982907
        ],
        "start_drift_rate": [
            0.7215341473528828,
            0.21586710037363355,
            0.2234460459305641,
            0.567934372312895,
            0.17863505136938673,
            0.16942122235362872,
            0.34619942359288425,
            0.7294829872758857,
            0.023421035887273345,
            0.04092730247025683,
            0.9334002588352077,
            0.02476054248642645,
            0.25363882799309223,
            0.41945073063739613,
            0.4653517687695721,
            0.6718598429922505,
            0.19375645883149728,
            0.9349757218673824,
            0.03946928315051207,
            0.5502772891605295,
            0.13254607230074858,
            0.18857296232057258,
            0.08005015952708744,
            0.9939727558859912,
            0.2623088877310257,
            0.43853431357597095,
            0.3212596749575932,
            0.6447715316203808,
            0.043424455077394834,
            0.019390720087181013,
            0.03998262747290582,
            0.6895216507906361,
            0.05617163063429814
        ],
        "recall_drift_rate": [
            0.8040483224163113,
            0.9156249492703514,
            0.8102193808959336,
            0.886591062533663,
            0.8835424211641516,
            0.792218403855503,
            0.7426893911649675,
            0.8390866462736626,
            0.8947027524792519,
            0.4563861391002366,
            0.7372610523749451,
            0.4503508586751189,
            0.8144618966220072,
            0.873542597170886,
            0.8036763038007952,
            0.8458068076505865,
            0.7560235216442719,
            0.9502042524617945,
            0.35999302721777676,
            0.8652236804208593,
            0.4984458431646309,
            0.7128489932896317,
            0.6106783078292455,
            0.22909098425654917,
            0.9661241766806318,
            0.8642178909614291,
            0.8952406766028196,
            0.7887162727276239,
            0.8508412157712075,
            0.8884275988250725,
            0.8501461597178588,
            0.6000909763424725,
            0.9891909963467664
        ],
        "shared_support": [
            16.27455384137364,
            10.867310469498811,
            17.083875645002323,
            5.711838894377372,
            0.4985017445355595,
            8.281146422757963,
            92.1964074243972,
            3.998799749911832,
            0.11691999563203126,
            18.00065280980042,
            0.4226110576529507,
            12.943964686494688,
            13.905812016810287,
            69.5310970902371,
            5.088230556653102,
            14.805397859871661,
            24.57729406836988,
            18.834667720788683,
            26.519336485905555,
            23.939298512918196,
            20.693658199901698,
            17.699603984079978,
            16.706765278734267,
            38.20923353200288,
            32.20977764397535,
            24.98480920299161,
            16.667497902858123,
            9.330100457100698,
            8.274247521314201,
            11.906400351389586,
            27.564249680791313,
            37.368582214667335,
            10.968522675972444
        ],
        "item_support": [
            33.92188759368153,
            11.737584251598776,
            17.48601520705804,
            9.187032947395465,
            2.147660328849037,
            8.369942087480418,
            99.82526164091456,
            10.094289939170139,
            12.641833341269631,
            22.15402798304934,
            7.555220832131923,
            16.425441493836722,
            13.807834906609159,
            77.23786778725709,
            5.121953057331346,
            15.165236418925396,
            26.397221223368327,
            31.013603050995197,
            33.34174000676935,
            27.081901693634098,
            23.832623512889434,
            18.847974837274123,
            17.356444472927166,
            68.5362126057505,
            39.49806629869477,
            27.143422842472155,
            21.463368493187424,
            8.947301871032856,
            8.7442184883772,
            17.44820209556015,
            35.185176169999366,
            44.815013880273135,
            11.162427517303406
        ],