{
    "fixed": {
        "allow_repeated_recalls": 0.0
    },
    "free": {
        "encoding_drift_rate": [
            2.220446049250313e-16,
            0.9999999999999998
        ],
        "start_drift_rate": [
            2.220446049250313e-16,
            0.9999999999999998
        ],
        "recall_drift_rate": [
            2.220446049250313e-16,
            0.9999999999999998
        ],
        "shared_support": [
            2.220446049250313e-16,
            100.0
        ],
        "item_support": [
            2.220446049250313e-16,
            100.0
        ],
        "learning_rate": [
            2.220446049250313e-16,
            0.9999999999999998
        ],
        "primacy_scale": [
            2.220446049250313e-16,
            100.0
        ],
        "primacy_decay": [
            2.220446049250313e-16,
            100.0
        ],
        "stop_probability_scale": [
            2.220446049250313e-16,
            0.9999999999999998
        ],
        "stop_probability_growth": [
            2.220446049250313e-16,
            10.0
        ],
        "choice_sensitivity": [
            2.220446049250313e-16,
            100.0
        ]
    },
    "fitness": [
        737.9169921875,
        2198.22900390625,
        2145.33251953125,
        1287.6832275390625,
        2389.29248046875,
        2320.62109375,
        2384.8291015625,
        846.8540649414062,
        1538.0777587890625,
        596.8736572265625,
        1717.473876953125,
        334.8797912597656,
        1212.056884765625,
        1302.1119384765625,
        1003.232666015625,
        1124.510498046875,
        2315.83203125,
        367.2670593261719,
        306.7730407714844,
        2080.177734375,
        348.59173583984375,
        1805.795654296875,
        2479.77392578125,
        1091.6904296875,
        272.9036560058594,
        2006.2724609375,
        391.3465270996094,
        316.6394348144531,
        2216.486328125,
        1335.20654296875,
        291.3045654296875,
        652.9990844726562,
        378.7931213378906
    ],
    "fits": {
        "encoding_drift_rate": [
            0.6802568472356285,
            0.7409456886816403,
            0.7806157850227358,
            0.7676050145580658,
            0.7443948745507171,
            0.7729280319671927,
            0.8027054696012423,
            0.6558755530275988,
            0.7537600476621701,
            0.6708507117224701,
            0.7947916214130748,
            0.6070237808867194,
            0.6751292147979493,
            0.8882746660307324,
            0.7588698601682061,
            0.7721429616583746,
            0.8693475891913389,
            0.6387310027688735,
            0.5768923658889276,
            0.7019433896304067,
            0.7174556341619143,
            0.7378057823786254,
            0.7821010655949054,
            0.6592976007486794,
            0.5719995084173266,
            0.7275844530352259,
            0.735226588581338,
            0.6166664842292289,
            0.7689452977256056,
            0.8106149845106217,
            0.529285093402941,
            0.6926174348495551,
            0.7859543559290577
        ],
        "start_drift_rate": [
            0.6035855390806687,
            0.14096606109177667,
            0.13256462281778203,
            0.5941082090582116,
            0.15472277244636484,
            0.13906900297642094,
            0.4626457441004773,
            0.7259233061474322,
            0.00917047712748852,
            0.09835379858042709,
            0.9924374403616862,
            0.06001322144200472,
            0.33018686847197043,
            0.5740315291561311,
            0.5074150907744776,
            0.7549797596955183,
            0.024793994365344345,
            0.8510973772468751,
            0.08990383896455717,
            0.5183140181351339,
            0.12887038742673096,
            0.13549288782779562,
            0.09315744456586073,
            0.9819719873234882,
            0.36990516319362937,
            0.2647819096064408,
            0.29169886904845244,
            0.5879440376749289,
            0.02873891098356285,
            0.010869800019213338,
            0.06005313553505226,
            0.5933096556019187,
            0.01985286349192439
        ],
        "recall_drift_rate": [
            0.8562078937627007,
            0.9269374608367882,
            0.9482792886348139,
            0.9238351042942556,
            0.869653926796274,
            0.9404362995141468,
            0.8717173641281571,
            0.8494709496642792,
            0.8383576759172953,
            0.7967304697312807,
            0.6898601408648737,
            0.5157374682629654,
            0.9582794349552934,
            0.957273256887828,
            0.911288361332212,
            0.9224042235040515,
            0.9034669496553254,
            0.8702509455286658,
            0.4528518284839966,
            0.8755936536876425,
            0.4432656650910314,
            0.7842187742703259,
            0.788595451971856,
            0.2785531228231827,
            0.9716004676396043,
            0.8094108573785466,
            0.8393494045996176,
            0.8532757126782761,
            0.8975498635530439,
            0.885179027637075,
            0.8201401707268663,
            0.4793377782963008,
            0.9885507618174775
        ],
        "shared_support": [
            45.89996616888484,
            29.298835768539654,
            0.2915683364179529,
            3.6930693444131606,
            0.38904087499355455,
            6.9763223789178,
            54.86641348824304,
            18.013575860627697,
            0.0991156883399783,
            0.08863813757072592,
            0.37756642084665515,
            22.87867467288187,
            34.86554663981819,
            25.58797612285063,
            29.98598603414698,
            61.471929144030646,
            0.045112496015761394,
            51.307258226859574,
            2.394798127684261,
            28.309812853269367,
            12.218011865934251,
            18.26158122937042,
            45.001347149648616,
            32.839015899883115,
            38.81968643852662,
            16.892305021646607,
            62.573454474980615,
            14.223888326164058,
            21.336570619438287,
            1.9832056622638632,
            19.735839916565723,
            21.429959654517123,
            25.662024905556752
        ],
        "item_support": [
            47.907465667538226,
            30.091435932884668,
            2.814218616188519,
            9.278551781800473,
            3.5297004539480668,
            8.411417682243702,
            57.76957940913458,
            23.055676681720804,
            9.4789365986979,
            21.388938010562253,
            76.75101605415058,
            26.22098966229396,
            36.42500988264718,
            77.39034883496683,
            31.832632240470243,
            64.8158957217985,
            1.378380050372158,
            59.05176603451892,
            10.807950301401505,
            31.372717492069253,
            14.821022718946693,
            19.55829493874477,
            46.544117029982814,
            84.07104143080522,
            46.41331820712142,
            18.450935330312774,
            66.37462065793015,
            14.317638632155386,
            21.571416103744355,
            7.23126738294323,
            27.607468962925964,
            23.08808940854264,
            25.725826303548615
        ],