{
    "fixed": {
        "allow_repeated_recalls": 0.0
    },
    "free": {
        "encoding_drift_rate": [
            2.220446049250313e-16,
            0.9999999999999998
        ],
        "start_drift_rate": [
            2.220446049250313e-16,
            0.9999999999999998
        ],
        "recall_drift_rate": [
            2.220446049250313e-16,
            0.9999999999999998
        ],
        "shared_support": [
            2.220446049250313e-16,
            100.0
        ],
        "item_support": [
            2.220446049250313e-16,
            100.0
        ],
        "learning_rate": [
            2.220446049250313e-16,
            0.9999999999999998
        ],
        "primacy_scale": [
            2.220446049250313e-16,
            100.0
        ],
        "primacy_decay": [
            2.220446049250313e-16,
            100.0
        ],
        "stop_probability_scale": [
            2.220446049250313e-16,
            0.9999999999999998
        ],
        "stop_probability_growth": [
            2.220446049250313e-16,
            10.0
        ],
        "choice_sensitivity": [
            2.220446049250313e-16,
            100.0
        ]
    },
    "fitness": [
        731.212158203125,
        2201.681396484375,
        2144.35595703125,
        1281.7794189453125,
        2396.7841796875,
        2295.077880859375,
        2376.287353515625,
        854.5880126953125,
        1531.8245849609375,
        594.8858642578125,
        1711.2489013671875,
        329.7383728027344,
        1210.1728515625,
        1199.944580078125,
        995.7432250976562,
        1101.836181640625,
        2351.197021484375,
        364.4072265625,
        307.24163818359375,
        2060.2724609375,
        348.0610046386719,
        1798.603759765625,
        2493.480224609375,
        1087.6826171875,
        275.5665283203125,
        1999.91845703125,
        387.8406066894531,
        313.9217834472656,
        2202.07080078125,
        1340.153076171875,
        289.46173095703125,
        653.5783081054688,
        372.3577575683594
    ],
    "fits": {
        "encoding_drift_rate": [
            0.9585350273123582,
            0.8842913058967199,
            0.7492144581281365,
            0.846088415775188,
            0.7449324158655931,
            0.8298094708396382,
            0.8670068784485248,
            0.6866403696045325,
            0.6775127572536119,
            0.5903133910606045,
            0.8898189728501211,
            0.569863618205475,
            0.9092201179969943,
            0.8730241182304166,
            0.9389107957903486,
            0.8661797535626614,
            0.9209052139706566,
            0.9213690396291427,
            0.5002340108184473,
            0.8962065992984396,
            0.8715144740803014,
            0.7536922551124628,
            0.7440611794904058,
            0.6443597293309968,
            0.7625220343188931,
            0.9128314820752994,
            0.563350982877121,
            0.9860776793796818,
            0.7583961486224536,
            0.838054070967478,
            0.9448506948022309,
            0.881830040170626,
            0.9401962256033303
        ],
        "start_drift_rate": [
            0.6337897094440845,
            0.08175111971297533,
            0.16038306965374644,
            0.6851166329102784,
            0.23836998984613622,
            0.16678197506414755,
            0.28752645178298053,
            0.6259320432956363,
            0.023253737458993784,
            0.019962203627004405,
            0.12501741984792264,
            0.018366307601240806,
            0.09384066075624647,
            0.22480272998003725,
            0.5338581666356735,
            0.5637170846003414,
            0.10636824902125414,
            0.6845425088578104,
            0.01643993704083092,
            0.5680392482111447,
            0.1322449941804496,
            0.16781015589038806,
            0.16530847713405855,
            0.9988133536562938,
            0.7576018988402135,
            0.1860224297612064,
            0.19976579263141153,
            0.32235604834369935,
            0.02265244708216979,
            0.03321042681074465,
            0.07319570593644348,
            0.6900830557635055,
            0.003244855258109009
        ],
        "recall_drift_rate": [
            0.9212150969429749,
            0.8238971356848064,
            0.8631111112976344,
            0.9005989205530569,
            0.7028394703626332,
            0.7246548627473554,
            0.6945778107209583,
            0.9245261967249145,
            0.6302782081652618,
            0.6437955982458523,
            0.5377098859301025,
            0.5085829910986673,
            0.9792914587950633,
            0.7848303429132555,
            0.8846814072190022,
            0.8288277818001526,
            0.6861352233402715,
            0.9811447013149891,
            0.4603990758540187,
            0.7675582180137289,
            0.39572539926239886,
            0.6637723725736592,
            0.6450308717657651,
            0.10754127735205665,
            0.9995561308645008,
            0.7124001883651293,
            0.9999522965501922,
            0.9341670200231444,
            0.8286309017274138,
            0.8477351134134676,
            0.8799206087908051,
            0.43805491743028724,
            0.9989496441060068
        ],
        "shared_support": [
            1.2561089747921415,
            11.537506917804059,
            1.0469204847240476,
            47.20671815975316,
            21.765624839599383,
            7.690556776522847,
            63.71919253646156,
            4.34611649048707,
            8.388851658904755,
            10.659244963936779,
            0.6496676947336439,
            13.822375970044789,
            27.942349122470784,
            6.103095622009519,
            92.19791214953652,
            11.214456941499755,
            6.850857057172057,
            7.397259760016546,
            12.92535506854351,
            90.71142726775372,
            28.342147626944413,
            16.279342794556293,
            16.603499927740515,
            16.66252211125785,
            4.410507511533737,
            9.91379335022696,
            0.018074030475952827,
            23.37364615194581,
            7.5118827394065235,
            6.198557933860336,
            1.7171904054139588,
            39.906728527682404,
            0.09601612006469251
        ],
        "item_support": [
            4.347676981928537,
            11.544304395708629,
            1.2161597795699777,
            88.61383362706582,
            22.558704223383614,
            7.55711894369545,
            65.65315378187391,
            9.209724873539727,
            8.73481214339018,
            10.810785306471864,
            0.7392148930945837,
            15.005141610097617,
            28.346043753804278,
            5.825929109468007,
            88.74252485307915,
            11.130665737763358,
            2.689638839639983,
            45.65102824564476,
            15.039574280418258,
            94.45084761469292,
            30.88734425256032,
            16.794646599157815,
            17.062879765383215,
            67.87289827450572,
            82.74528485117152,
            9.909124314133145,
            0.6596652075479383,
            22.51297733913409,
            7.208454659484161,
            7.880121492279443,
            64.09205436399732,
            51.11298784476116,
            0.04561848518761735
        ],