{
    "fixed": {
        "allow_repeated_recalls": 0.0,
        "learn_after_context_update": 0.0
    },
    "free": {
        "encoding_drift_rate": [
            2.220446049250313e-16,
            0.9999999999999998
        ],
        "start_drift_rate": [
            2.220446049250313e-16,
            0.9999999999999998
        ],
        "recall_drift_rate": [
            2.220446049250313e-16,
            0.9999999999999998
        ],
        "shared_support": [
            2.220446049250313e-16,
            100.0
        ],
        "item_support": [
            2.220446049250313e-16,
            100.0
        ],
        "learning_rate": [
            2.220446049250313e-16,
            0.9999999999999998
        ],
        "primacy_scale": [
            2.220446049250313e-16,
            100.0
        ],
        "primacy_decay": [
            2.220446049250313e-16,
            100.0
        ],
        "choice_sensitivity": [
            2.220446049250313e-16,
            100.0
        ]
    },
    "fitness": [
        665.6161499023438,
        1939.6383056640625,
        1865.4140625,
        1124.8919677734375,
        2163.108642578125,
        2060.577880859375,
        2166.9912109375,
        729.529541015625,
        1288.0150146484375,
        511.7972106933594,
        1507.1348876953125,
        291.7310791015625,
        944.53076171875,
        1073.1497802734375,
        886.7166748046875,
        954.7794189453125,
        2107.457275390625,
        321.4015808105469,
        264.4678039550781,
        1817.4654541015625,
        306.5266418457031,
        1494.248291015625,
        2274.42724609375,
        942.092041015625,
        232.66107177734375,
        1761.11328125,
        348.3952331542969,
        273.06170654296875,
        1974.2943115234375,
        1162.670166015625,
        243.25894165039062,
        549.8040771484375,
        334.52899169921875
    ],
    "fits": {
        "encoding_drift_rate": [
            0.9541939235179047,
            0.9164823087140814,
            0.8707772118122068,
            0.9214679030279573,
            0.913731764909741,
            0.9640507275206913,
            0.9468813793926467,
            0.8773488649079468,
            0.8240631957971123,
            0.6989317327560143,
            0.8993042593607841,
            0.7138429307957849,
            0.9804350042794917,
            0.9927706672411912,
            0.984691315643753,
            0.981181228427439,
            0.9316403966649016,
            0.9369864863937962,
            0.7515918056385827,
            0.876693047545803,
            0.9742027206782193,
            0.9030753188055496,
            0.9117036226548902,
            0.8905185110900229,
            0.8470591941760264,
            0.9827280349088182,
            0.9474167692942389,
            0.9978508061867387,
            0.9872040162455166,
            0.9227035132965038,
            0.9113466773361798,
            0.9433929312212119,
            0.9526935261888984
        ],
        "start_drift_rate": [
            0.5385085480926906,
            0.08981489235025969,
            0.03126945635154854,
            0.1355523541163579,
            0.024994232624392265,
            0.3135614225945993,
            0.07424673491008565,
            0.3812727829672138,
            0.004239455988981112,
            0.047093490146276326,
            0.05974962343714607,
            0.008913352492103233,
            0.31569676274242353,
            0.07286923050287353,
            0.3994114215469397,
            0.6520083030530572,
            0.004949919287307203,
            0.6971649155778584,
            0.01834132549371642,
            0.12529000759156034,
            0.03604814919357452,
            0.26773390888588994,
            0.004941601486411096,
            0.998410021988242,
            0.25011051779330135,
            0.3318257004523891,
            0.8888504446037055,
            0.2649348023962984,
            0.006807678256894045,
            0.004099249829903118,
            0.16617160800433817,
            0.41928056051361845,
            0.00414595455370043
        ],
        "recall_drift_rate": [
            0.9610742885946828,
            0.8350539807210913,
            0.9497973117787935,
            0.9845163614654198,
            0.9384633483688367,
            0.9196895986072384,
            0.9383192247038875,
            0.9161299884198628,
            0.7303956248248867,
            0.6408441545225849,
            0.692615189615272,
            0.483494739708542,
            0.9404077661315394,
            0.9985942867434675,
            0.9265536124699079,
            0.971325563140636,
            0.8844330475848543,
            0.9940596635472467,
            0.3553997735051661,
            0.96349105335263,
            0.7862110747153023,
            0.8435703922346287,
            0.7996520385547098,
            0.380530689891679,
            0.9999115207798422,
            0.7652644700325061,
            0.9984197771859781,
            0.8908844807115932,
            0.9929769105813642,
            0.8760802064443034,
            0.8230672457217436,
            0.550907509947439,
            0.9999343806692185
        ],
        "shared_support": [
            0.4434928915529497,
            1.102785315705873,
            0.037020129903694965,
            0.2054145200068831,
            0.15176313803693375,
            2.658398350385319,
            0.0359550618804505,
            0.3613854497998972,
            0.04179381578101271,
            0.05170138755275222,
            0.05931886979379186,
            0.0906562169337235,
            4.485517364263401,
            0.30897229330062004,
            1.7289813829303142,
            2.5614955191942173,
            0.025454921887501314,
            6.030328695697598,
            0.09108959161740851,
            0.35456832528994653,
            0.6773009900027986,
            3.6692421318316093,
            0.00812315931278107,
            1.0384128359078346,
            0.7854442599852263,
            4.18539779163207,
            0.13255634742656497,
            2.8131788211328157,
            0.09757231189944093,
            0.08007529747925446,
            3.8557328420399557,
            11.204436017578864,
            0.06182098530617708
        ],
        "item_support": [
            2.8507879123893716,
            0.06248468237311755,
            0.9229126577438791,
            3.9000467722501426,
            3.6084255996293138,
            38.29089204219921,
            0.8627985695876959,
            9.459242592260466,
            4.9627479236016185,
            2.5605696464828966,
            1.6631969899582728,
            2.2743352173236673,
            16.203674339151263,
            1.4428791253155637,
            6.0941036540037885,
            7.579457083217164,
            0.029525323219587563,
            67.75196989591105,
            2.721425252780186,
            6.637810557855509,
            8.65337112640212,
            68.6210122277279,
            0.6301661477398994,
            94.80836546425758,
            26.683379843669684,
            31.829351548138114,
            51.152817542162396,
            5.422124214924274,
            0.17700335078075113,
            4.933522654720846,
            97.89449087329362,
            85.14067650829665,
            0.06832009913719617
        ],