{
    "fixed": {
        "allow_repeated_recalls": 0.0,
        "learn_after_context_update": 0.0
    },
    "free": {
        "encoding_drift_rate": [
            2.220446049250313e-16,
            0.9999999999999998
        ],
        "start_drift_rate": [
            2.220446049250313e-16,
            0.9999999999999998
        ],
        "recall_drift_rate": [
            2.220446049250313e-16,
            0.9999999999999998
        ],
        "shared_support": [
            2.220446049250313e-16,
            100.0
        ],
        "item_support": [
            2.220446049250313e-16,
            100.0
        ],
        "learning_rate": [
            2.220446049250313e-16,
            0.9999999999999998
        ],
        "primacy_scale": [
            2.220446049250313e-16,
            100.0
        ],
        "primacy_decay": [
            2.220446049250313e-16,
            100.0
        ],
        "choice_sensitivity": [
            2.220446049250313e-16,
            100.0
        ]
    },
    "fitness": [
        669.91259765625,
        1920.62744140625,
        1881.61474609375,
        1123.5982666015625,
        2164.02392578125,
        2050.90087890625,
        2177.7060546875,
        726.7745361328125,
        1294.4896240234375,
        512.4356689453125,
        1512.2236328125,
        296.92059326171875,
        943.609130859375,
        1088.3560791015625,
        880.3702392578125,
        955.965576171875,
        2173.73486328125,
        325.7367858886719,
        263.9891662597656,
        1816.36083984375,
        308.3785400390625,
        1486.90087890625,
        2286.384521484375,
        945.6162719726562,
        233.00271606445312,
        1735.1412353515625,
        348.3323669433594,
        275.3125,
        1952.67578125,
        1151.594482421875,
        246.04702758789062,
        551.7451782226562,
        342.7651062011719
    ],
    "fits": {
        "encoding_drift_rate": [
            0.780871106857708,
            0.7488426410102178,
            0.7698587968343058,
            0.7894477591725991,
            0.7900173096002476,
            0.8388462523690292,
            0.858286911429649,
            0.6675582867559361,
            0.762378763619999,
            0.6364350481972627,
            0.812752309727089,
            0.5924812693659808,
            0.6829776583829581,
            0.9124020871936287,
            0.7783214386367251,
            0.7546807042207073,
            0.8015507450448421,
            0.6624656542306326,
            0.6088745873124084,
            0.6966861963524392,
            0.7145776836926097,
            0.7157268931740828,
            0.798622036736604,
            0.7165135277574421,
            0.5708083642090525,
            0.7299151849505564,
            0.7569211829801712,
            0.6410087186398123,
            0.7912236899239656,
            0.8265691545951337,
            0.5140702225105802,
            0.7025402279271015,
            0.8893173812887845
        ],
        "start_drift_rate": [
            0.8490014097023038,
            0.16686303115233114,
            0.206237905904828,
            0.6492906332599762,
            0.10752038588392981,
            0.1251173750118813,
            0.33106586168379315,
            0.708995113079883,
            0.02476110428378031,
            0.020549300310021112,
            0.3471888431447766,
            0.05257372270966276,
            0.27140657967999376,
            0.6260685222283082,
            0.4987730040538884,
            0.7138587983282186,
            0.13170500285647121,
            0.9677457497069396,
            0.06737027157699865,
            0.418109252476677,
            0.09994222983457746,
            0.1614862290527937,
            0.04972464017939687,
            0.9947289136366423,
            0.31103661888002976,
            0.31872593955273226,
            0.6331729871014704,
            0.6740856841551292,
            0.003951198488930669,
            0.01455935237274314,
            0.0122247405459609,
            0.6020260585029431,
            0.0005513567897365013
        ],
        "recall_drift_rate": [
            0.8749781834938004,
            0.9898202930547649,
            0.9094346355417635,
            0.9158785460487247,
            0.8982837892010074,
            0.937531459168837,
            0.9112217162426692,
            0.8176214509088264,
            0.8580600028009184,
            0.8035492415424668,
            0.8346422302055061,
            0.5384710044961082,
            0.9698961995463957,
            0.9676264849372351,
            0.8868111187707919,
            0.9118350814958098,
            0.7533541461894333,
            0.9274900869050029,
            0.4509098431698286,
            0.890928481412635,
            0.4734097899577651,
            0.8664402948867826,
            0.8233668472353142,
            0.16638580480658968,
            0.9707724953490408,
            0.815531660189168,
            0.9641767714473755,
            0.8898371887722867,
            0.8854052313300411,
            0.8952149199686517,
            0.887878011875167,
            0.5479676624963286,
            0.8861548995063064
        ],
        "shared_support": [
            3.056423964186969,
            0.12349745149041524,
            34.52459108846101,
            1.8589828666483599,
            0.2664711692205515,
            0.20970739046782683,
            0.6399278198548615,
            22.757759688612687,
            0.16608882617357779,
            0.04067838044362304,
            0.27218269902943604,
            30.201025901539374,
            2.3424861896416687,
            14.542612182522788,
            14.313466771127331,
            45.71403966082418,
            31.23802258253347,
            33.039266400631895,
            0.8188723822670099,
            29.990925466445283,
            26.688289432826217,
            33.72086706835276,
            43.675200352999674,
            40.649300995321056,
            40.42250960936734,
            27.21996858100874,
            1.4430982236276577,
            18.96150893232277,
            23.118506132865036,
            3.581702154628431,
            31.011972331477356,
            33.17578266756673,
            19.6187700110474
        ],
        "item_support": [
            13.712044172528849,
            2.265375134127787,
            36.653423524620635,
            8.288139653518826,
            4.129928219377398,
            3.613757402074313,
            3.4690195355466926,
            28.64888410599769,
            12.536042482419703,
            18.507416556105145,
            6.901894550722929,
            33.68547778739249,
            5.046935732984622,
            63.513580599651355,
            16.458571652845556,
            48.33877767330888,
            32.22704872716879,
            40.56903900413452,
            8.249924093577718,
            33.27169484198919,
            29.928547692924525,
            36.531417558375594,
            46.12876543868542,
            67.74195833330828,
            48.21092293634619,
            29.73144006881732,
            7.572141575216037,
            19.655766543814174,
            23.31818629725417,
            8.358910343279788,
            39.64285702553305,
            35.70836035563005,
            18.984636642042997
        ],