{
    "fixed": {
        "allow_repeated_recalls": 0.0,
        "learn_after_context_update": 0.0
    },
    "free": {
        "encoding_drift_rate": [
            2.220446049250313e-16,
            0.9999999999999998
        ],
        "start_drift_rate": [
            2.220446049250313e-16,
            0.9999999999999998
        ],
        "recall_drift_rate": [
            2.220446049250313e-16,
            0.9999999999999998
        ],
        "shared_support": [
            2.220446049250313e-16,
            100.0
        ],
        "item_support": [
            2.220446049250313e-16,
            100.0
        ],
        "learning_rate": [
            2.220446049250313e-16,
            0.9999999999999998
        ],
        "primacy_scale": [
            2.220446049250313e-16,
            100.0
        ],
        "primacy_decay": [
            2.220446049250313e-16,
            100.0
        ],
        "choice_sensitivity": [
            2.220446049250313e-16,
            100.0
        ],
        "mfc_sensitivity": [
            2.220446049250313e-16,
            100.0
        ]
    },
    "fitness": [
        663.7584228515625,
        1925.001220703125,
        1906.8140869140625,
        1116.385009765625,
        2178.0625,
        2031.4173583984375,
        2174.0947265625,
        734.2931518554688,
        1285.5609130859375,
        515.5659790039062,
        1503.2177734375,
        291.17205810546875,
        951.655517578125,
        984.49267578125,
        871.727294921875,
        935.0263061523438,
        2152.69775390625,
        321.9720153808594,
        265.1402893066406,
        1798.639404296875,
        307.2503967285156,
        1476.0960693359375,
        2289.14404296875,
        941.138916015625,
        233.46673583984375,
        1722.5186767578125,
        344.3895263671875,
        273.16009521484375,
        1935.325927734375,
        1156.2841796875,
        243.1813201904297,
        549.4173583984375,
        334.7494812011719
    ],
    "fits": {
        "encoding_drift_rate": [
            0.9242071472783044,
            0.8712052864467188,
            0.6031046541409615,
            0.8196071508810578,
            0.9170607475665029,
            0.8366374432888786,
            0.8367629657834532,
            0.7222001399199782,
            0.6467588627568399,
            0.5609909752215041,
            0.8437083168318384,
            0.5608359429695081,
            0.8107958114668496,
            0.8541269429576008,
            0.926318567502671,
            0.909927769729626,
            0.8661942540743908,
            0.8537901443855029,
            0.5252492365526493,
            0.9042156747316004,
            0.9148131177167027,
            0.8095423965184443,
            0.7424789650748348,
            0.6886098695684406,
            0.6828033728334694,
            0.8751119314996649,
            0.2758295574613734,
            0.9651669653317698,
            0.6763045755994607,
            0.8028766811796318,
            0.7259331252327278,
            0.8949054332069344,
            0.9368595167191168
        ],
        "start_drift_rate": [
            0.6695474221990899,
            0.08877174644425939,
            0.27277984229478597,
            0.6651089749725687,
            0.2615354538020722,
            0.19678512699202128,
            0.27916650653455555,
            0.7377941844169122,
            2.220446049250313e-16,
            0.4921818233925431,
            0.11412185521444218,
            0.00783684180439459,
            0.2739156710665202,
            0.42860920758032506,
            0.39551270158132557,
            0.6833934869862175,
            0.11023139673664212,
            0.9227287713874901,
            0.04815461009327521,
            0.5291155090645956,
            0.08530164010350416,
            0.08041244429247918,
            0.11014485449320043,
            0.9707882629382137,
            0.5132887280875074,
            0.2500789003286011,
            0.06585359014569608,
            0.5662632322004003,
            0.0434306176505253,
            0.04347898836006525,
            0.27107986407141893,
            0.6164513689363522,
            0.006772988168426863
        ],
        "recall_drift_rate": [
            0.7486043291931893,
            0.8030489398756989,
            0.8645004592645114,
            0.87998710996182,
            0.8429954834716442,
            0.7793951989408833,
            0.7231829620939699,
            0.6991194712986043,
            0.6512016689882736,
            0.6029728864558411,
            0.42086189645961825,
            0.45179769382237067,
            0.901402473321872,
            0.8261382686082612,
            0.8361320082907182,
            0.8147233721622711,
            0.6098013923491352,
            0.9989481361151288,
            0.3977953818082984,
            0.7666323805452002,
            0.4567032407443214,
            0.7510681630557954,
            0.6322084766524503,
            0.43966901710699324,
            0.9999556695602756,
            0.6975743587198685,
            0.9081588320319534,
            0.9428320876625995,
            0.8157467253998942,
            0.8473452865406201,
            0.5666427536750593,
            0.7324869889814553,
            0.9994181139721601
        ],
        "shared_support": [
            30.546738529276496,
            5.770984060130047,
            36.94704954793712,
            25.779338204249484,
            14.379841109213288,
            3.755028012710312,
            7.4424837839586075,
            78.85087268815371,
            12.1647660813872,
            11.984430722673217,
            5.428647483077022,
            11.246472466261316,
            61.87509274355841,
            97.85109863779903,
            79.66581359804171,
            53.25225420291031,
            6.503235443976308,
            49.03998096876505,
            3.981620581327462,
            80.38441533382296,
            24.04202620072482,
            7.214840679335936,
            11.418323177048947,
            49.442184683839784,
            16.305714959324803,
            7.243726550761316,
            6.7826683345869725,
            54.09523408211043,
            0.587590573318548,
            15.85943900965382,
            27.29083700520043,
            6.294886265331257,
            0.15701748531281368
        ],
        "item_support": [
            30.033459601577515,
            5.5573262132121,
            88.18727952719877,
            56.756872034291916,
            49.57254343990583,
            3.699082096893136,
            7.2646034280628555,
            97.33191792826878,
            12.77530380063687,
            76.69989919071435,
            5.184725113795508,
            12.168893298503228,
            83.83553890077297,
            97.63275229169253,
            70.27291337694183,
            52.300966223190436,
            3.113183284802645,
            52.42996004314063,
            6.908194210382177,
            87.35028082937538,
            25.2264933931303,
            7.599678700094344,
            11.798646222154389,
            57.64742567273815,
            87.95921511274933,
            7.48270756415485,
            8.511932620316891,
            56.486338000682565,
            0.3119976105249975,
            17.229125532052855,
            40.3777925374007,
            40.5469731153656,
            0.010881722133085248
        ],