{
    "fixed": {
        "allow_repeated_recalls": 0.0,
        "learn_after_context_update": 0.0,
        "mfc_sensitivity": 1.0,
        "mfc_first_pres_reinforcement": 0.0,
        "mcf_first_pres_reinforcement": 0.0
    },
    "free": {
        "encoding_drift_rate": [
            2.220446049250313e-16,
            0.9999999999999998
        ],
        "start_drift_rate": [
            2.220446049250313e-16,
            0.9999999999999998
        ],
        "recall_drift_rate": [
            2.220446049250313e-16,
            0.9999999999999998
        ],
        "shared_support": [
            2.220446049250313e-16,
            100.0
        ],
        "item_support": [
            2.220446049250313e-16,
            100.0
        ],
        "learning_rate": [
            2.220446049250313e-16,
            0.9999999999999998
        ],
        "primacy_scale": [
            2.220446049250313e-16,
            100.0
        ],
        "primacy_decay": [
            2.220446049250313e-16,
            100.0
        ],
        "choice_sensitivity": [
            2.220446049250313e-16,
            100.0
        ],
        "first_pres_reinforcement": [
            2.220446049250313e-16,
            100.0
        ]
    },
    "fitness": [
        663.7437744140625,
        1928.071044921875,
        1864.9139404296875,
        1118.982177734375,
        2180.52880859375,
        2036.5078125,
        2170.17919921875,
        734.5911865234375,
        1286.691162109375,
        516.4613037109375,
        1505.093017578125,
        291.6221923828125,
        940.9340209960938,
        990.9675903320312,
        873.9778442382812,
        935.1485595703125,
        2164.6123046875,
        321.4978942871094,
        265.92706298828125,
        1797.57763671875,
        308.3128967285156,
        1484.447998046875,
        2316.823974609375,
        946.5960693359375,
        235.88438415527344,
        1728.111328125,
        351.03265380859375,
        274.0208435058594,
        1978.025146484375,
        1153.965576171875,
        240.9645233154297,
        547.0374145507812,
        334.0557861328125
    ],
    "fits": {
        "encoding_drift_rate": [
            0.960308885988386,
            0.857965442980481,
            0.7036701916046468,
            0.821612256850861,
            0.8639879498532794,
            0.8405761931568745,
            0.858053078391507,
            0.695030155346773,
            0.6597158929922894,
            0.4831967490113937,
            0.8958661573621596,
            0.5661510833968165,
            0.9661980242765307,
            0.9014101559793906,
            0.9312669631707411,
            0.9154278563999232,
            0.934451668822186,
            0.884210530471147,
            0.493526296837243,
            0.9047813989602049,
            0.8951964331179285,
            0.8258071124718354,
            0.8254065222575935,
            0.7673461394301296,
            0.764689765051985,
            0.9414508092260525,
            0.9627523776768413,
            0.9696950216143365,
            0.9472538273893153,
            0.831656483096652,
            0.7457401208628089,
            0.8925969336690693,
            0.8190367073881328
        ],
        "start_drift_rate": [
            0.6925399566439452,
            0.0673647785319264,
            0.18411054439905522,
            0.7565030708953153,
            0.29910233907320594,
            0.2768397838371848,
            0.4562919216424751,
            0.6164384979506865,
            0.0007753332365153925,
            0.44728934297506345,
            0.0982553176629905,
            0.014926235478385397,
            0.06489351569034274,
            0.45878809521289005,
            0.35726151467551065,
            0.7537691965514737,
            0.09468422709559882,
            0.761065268624987,
            0.09401121652902106,
            0.4911276571747101,
            0.1457489783659835,
            0.3735179151829422,
            0.2676058744258726,
            0.20576531433492992,
            0.6462783726840211,
            0.40472832334250536,
            0.8855714471306815,
            0.5445334848028197,
            0.04561593136776815,
            0.014752961393725506,
            0.27306109255687405,
            0.662336199690897,
            0.041235413192723336
        ],
        "recall_drift_rate": [
            0.9107138426035739,
            0.7908575002300827,
            0.9144322815932286,
            0.9065327629518853,
            0.8777858797595008,
            0.7084002966809647,
            0.7775436770051583,
            0.8989057351236038,
            0.5530865665894157,
            0.4552037322913764,
            0.5713431060018922,
            0.4221988536396202,
            0.932104527803258,
            0.8571312619267273,
            0.8132173778367415,
            0.8703788202385483,
            0.6975643471436542,
            0.9846336929093273,
            0.43700096129661026,
            0.7162801585495487,
            0.47728097751143667,
            0.6148701574440141,
            0.638597884421142,
            0.46813264086518047,
            0.9929210688929909,
            0.7121358797533713,
            0.9736081992153389,
            0.9483869014584415,
            0.9708815673766379,
            0.8447523581170795,
            0.8138867807690862,
            0.725019634167712,
            0.9999960675872621
        ],
        "shared_support": [
            2.0096799369142744,
            0.42867880082441445,
            0.8975538400251679,
            39.23407691214286,
            51.10490913698771,
            90.65075928748884,
            69.55721713736348,
            25.84922195701742,
            4.091249324188226,
            32.54451641174474,
            5.152078306616673,
            1.9576018039933842,
            23.897025404673077,
            88.4611722589128,
            94.51350501654068,
            72.06632034545997,
            3.7721695135738855,
            10.40995234924744,
            0.5108107637489994,
            75.5189682545218,
            20.14775203339975,
            44.8871044131581,
            61.206985377825674,
            47.983201504766235,
            18.448981356189602,
            69.74294651918528,
            0.2672933040029619,
            86.99941720567887,
            7.157413864723253,
            2.658978014467465,
            2.6868797155090363,
            28.15658220486079,
            0.5033972136047922
        ],
        "item_support": [
            4.00012900373342,
            0.2871717638719318,
            1.6577507561476565,
            69.97405729208455,
            93.41972078581216,
            92.14740078874377,
            81.95336519073277,
            29.765133622354977,
            4.390291678386497,
            95.36522536794376,
            5.202511416321649,
            2.8133569380846097,
            24.088085965981286,
            89.74966598761739,
            84.75466191289972,
            76.90832838702454,
            2.042669049322953,
            56.92534931760904,
            6.4142125559482395,
            77.38364105478169,
            22.578716315036196,
            58.13254703066953,
            84.486182756101,
            68.56285216526055,
            88.66555988651479,
            71.96281308401038,
            75.84675020907044,
            88.23588710667883,
            0.7857216004263705,
            4.465996809158035,
            4.4906922523863955,
            88.65334877131252,
            0.10485886403532163
        ],