{
    "fixed": {
        "allow_repeated_recalls": 0.0,
        "learn_after_context_update": 0.0
    },
    "free": {
        "encoding_drift_rate": [
            2.220446049250313e-16,
            0.9999999999999998
        ],
        "start_drift_rate": [
            2.220446049250313e-16,
            0.9999999999999998
        ],
        "recall_drift_rate": [
            2.220446049250313e-16,
            0.9999999999999998
        ],
        "shared_support": [
            2.220446049250313e-16,
            100.0
        ],
        "item_support": [
            2.220446049250313e-16,
            100.0
        ],
        "learning_rate": [
            2.220446049250313e-16,
            0.9999999999999998
        ],
        "primacy_scale": [
            2.220446049250313e-16,
            100.0
        ],
        "primacy_decay": [
            2.220446049250313e-16,
            100.0
        ],
        "choice_sensitivity": [
            2.220446049250313e-16,
            100.0
        ]
    },
    "fitness": [
        670.1770629882812,
        1928.208984375,
        1868.0648193359375,
        1122.412353515625,
        2174.0439453125,
        2053.5625,
        2179.66796875,
        726.2679443359375,
        1294.5582275390625,
        513.028076171875,
        1514.117919921875,
        296.7393493652344,
        943.427490234375,
        1088.62548828125,
        881.18408203125,
        956.231689453125,
        2164.486328125,
        325.7701416015625,
        264.1463623046875,
        1816.5137939453125,
        309.0528869628906,
        1483.5927734375,
        2279.01611328125,
        943.9752197265625,
        233.18341064453125,
        1732.23486328125,
        348.3604736328125,
        276.6184387207031,
        1952.21337890625,
        1153.6231689453125,
        245.4065704345703,
        548.5673828125,
        341.3282165527344
    ],
    "fits": {
        "encoding_drift_rate": [
            0.721117087161508,
            0.7442576841148807,
            0.7437867665476734,
            0.7579635575975989,
            0.7220901651415463,
            0.7848994081526861,
            0.8229201660583831,
            0.6679673035583578,
            0.7073996934241997,
            0.6098129767596285,
            0.7543560240277093,
            0.6130216618641571,
            0.6645683147347062,
            0.9106280254745303,
            0.7620078903500639,
            0.7897368330239488,
            0.7836097455298394,
            0.7119848508211619,
            0.5873156005705841,
            0.7113563109726323,
            0.6982254458563084,
            0.7372006660234227,
            0.7871723149466078,
            0.6728090336213679,
            0.5532169209937513,
            0.7568953089449401,
            0.7297343088980117,
            0.6023368901928522,
            0.7374829555613255,
            0.8067031746302115,
            0.5247641158080001,
            0.6888613481063806,
            0.8021433655951654
        ],
        "start_drift_rate": [
            0.5896906388371947,
            0.16651926337344874,
            0.1272424023620114,
            0.5644241486182373,
            0.22353534678120324,
            0.1424266967491123,
            0.40417844434930483,
            0.7275205044721421,
            0.016362904438879167,
            0.010097944657666003,
            0.22470326434549692,
            0.0650781974999276,
            0.3649647858003347,
            0.5626329849917767,
            0.538273437371198,
            0.7128651795449136,
            0.12952212231276933,
            0.9901316512634302,
            0.06294627459443064,
            0.42939889799847697,
            0.1407526367160557,
            0.15057699084725334,
            0.07474166440613872,
            0.9941219496706375,
            0.3880711488650591,
            0.330617008046186,
            0.5812705991031574,
            0.6179262833954138,
            0.024541978260742513,
            0.018965685750140238,
            0.15663573737923125,
            0.5103342784978546,
            0.057910436651386676
        ],
        "recall_drift_rate": [
            0.8026823460575649,
            0.911956497335974,
            0.9384078011748083,
            0.9327153581891867,
            0.79781282726429,
            0.9180240387603469,
            0.8296946895733228,
            0.8064724946660504,
            0.8580927378921841,
            0.7711462834411308,
            0.8076375119806684,
            0.4952205891669488,
            0.975100330883098,
            0.9635084305463991,
            0.8966264919742477,
            0.8992251704316074,
            0.7338577384898228,
            0.7803058763375857,
            0.42763643904620496,
            0.8787725957067551,
            0.4499982674490245,
            0.7477334264683769,
            0.8111063268430995,
            0.279394296410365,
            0.9795488503437091,
            0.8053834225984915,
            0.9531655073607533,
            0.8607950193880924,
            0.9135234713465721,
            0.8680637964900713,
            0.8061699398652272,
            0.44646414256107714,
            0.997306066952628
        ],
        "shared_support": [
            28.09072744398501,
            25.987610942150518,
            0.44193177496014613,
            1.5678872384391624,
            46.281944599663916,
            0.4772341010581087,
            34.96246453170975,
            9.146899621382687,
            0.2466147454508203,
            0.0844363038060223,
            1.8038363244745952,
            28.530551577734936,
            11.343091894854233,
            12.943574179848007,
            18.37345545543999,
            50.29675982798809,
            37.21517359375377,
            13.930782079663956,
            1.6777976265247432,
            12.51575737544281,
            14.825738660792545,
            39.04294151340012,
            24.254829077011376,
            12.42973997252951,
            27.237672173559837,
            27.212007127808423,
            0.7948525215302382,
            19.563381528577505,
            23.68665624219743,
            32.607057802152625,
            28.784205789714722,
            0.9273952745427678,
            28.82798071297091
        ],
        "item_support": [
            29.6280262761685,
            26.802345614241325,
            3.8720125465609456,
            6.440002885497066,
            48.782638350448046,
            1.8527369814994614,
            37.147582717482116,
            14.57139374083193,
            8.258903494552158,
            18.955993363115653,
            4.51802898381338,
            32.119201881428666,
            13.463124005147698,
            60.23368832712524,
            20.591238317713266,
            52.880965981753846,
            37.62269959560919,
            61.86659931709423,
            7.722441465734597,
            15.502255470276872,
            18.230278311394,
            40.70102016679749,
            26.026857327185805,
            67.64195411598777,
            36.178509048294316,
            28.873378097763023,
            7.111352838932973,
            19.79909908266398,
            23.78194528545063,
            36.17098880204836,
            39.38179198385413,
            2.877440482352192,
            29.083631547071963
        ],