{
    "fixed": {
        "allow_repeated_recalls": 0.0,
        "learn_after_context_update": 0.0,
        "mfc_sensitivity": 1.0
    },
    "free": {
        "encoding_drift_rate": [
            2.220446049250313e-16,
            0.9999999999999998
        ],
        "start_drift_rate": [
            2.220446049250313e-16,
            0.9999999999999998
        ],
        "recall_drift_rate": [
            2.220446049250313e-16,
            0.9999999999999998
        ],
        "shared_support": [
            2.220446049250313e-16,
            100.0
        ],
        "item_support": [
            2.220446049250313e-16,
            100.0
        ],
        "learning_rate": [
            2.220446049250313e-16,
            0.9999999999999998
        ],
        "primacy_scale": [
            2.220446049250313e-16,
            100.0
        ],
        "primacy_decay": [
            2.220446049250313e-16,
            100.0
        ],
        "choice_sensitivity": [
            2.220446049250313e-16,
            100.0
        ]
    },
    "fitness": [
        669.58642578125,
        1931.47802734375,
        1866.9976806640625,
        1119.5509033203125,
        2162.183349609375,
        2031.252197265625,
        2169.52197265625,
        737.90380859375,
        1285.82470703125,
        509.45623779296875,
        1504.168701171875,
        291.6944580078125,
        941.3090209960938,
        990.581298828125,
        873.38134765625,
        934.765869140625,
        2165.854248046875,
        321.64752197265625,
        265.8499450683594,
        1798.2462158203125,
        308.8462219238281,
        1477.25341796875,
        2291.03955078125,
        941.525146484375,
        236.73641967773438,
        1729.931640625,
        346.806640625,
        273.9339599609375,
        1937.6068115234375,
        1157.0902099609375,
        245.80325317382812,
        549.34326171875,
        339.34588623046875
    ],
    "fits": {
        "encoding_drift_rate": [
            0.8575515277531474,
            0.8781872520882574,
            0.43625809549176886,
            0.8380706617301594,
            0.8935426182482973,
            0.8324071252840091,
            0.8645493485064053,
            0.8480368586481852,
            0.6654780315962388,
            0.5537527789033965,
            0.8675350528915198,
            0.5877283207154361,
            0.9144989054374846,
            0.8887602732718567,
            0.9268240986205767,
            0.9014919297454014,
            0.8880879080331099,
            0.8110733189614938,
            0.8582122179328184,
            0.912102345855998,
            0.8823216990720952,
            0.7939036906256607,
            0.7613109717203448,
            0.6694014299195067,
            0.6108931868806011,
            0.9398558335637233,
            0.28434323192826827,
            0.9917582883691545,
            0.7410050765589091,
            0.8161941807132855,
            0.7955104804070289,
            0.9088283087303768,
            0.794460528988284
        ],
        "start_drift_rate": [
            0.7618070096075205,
            0.06517429873616021,
            0.2971230478489326,
            0.6971854582778855,
            0.05874838741876409,
            0.16484956252172495,
            0.39872564494630425,
            0.7647320198179871,
            0.001996980690432415,
            0.16418624960311123,
            0.13835229907498517,
            0.03473749520866254,
            0.1260450982224675,
            0.4983217925243565,
            0.5011205560034455,
            0.7896006695378586,
            0.15836447206070198,
            0.880843166759153,
            0.06844393033814239,
            0.5380959744564906,
            0.17616708301523365,
            0.15073727847681567,
            0.10561101903790665,
            0.9793103932381282,
            0.6383296633312412,
            0.28717619577470366,
            0.34793839674013954,
            0.3824429021853715,
            0.021645300989903526,
            0.03379910721576307,
            0.006437105417314515,
            0.4976387506237818,
            0.06036159284172743
        ],
        "recall_drift_rate": [
            0.8263805099898245,
            0.7840426048848573,
            0.9299294397821172,
            0.9048129160450005,
            0.8726330248576148,
            0.7428514279999802,
            0.7314596236451152,
            0.7632358844632424,
            0.5587322743034497,
            0.3996882471621896,
            0.5471320536281299,
            0.5479003887627109,
            0.9700780961512978,
            0.8496532892381805,
            0.787328996106133,
            0.8791138127524989,
            0.6648186120567284,
            0.9890091932019691,
            0.20244364856770736,
            0.7431802701533096,
            0.5308020393948487,
            0.7016587227121778,
            0.6862316162691017,
            0.34460806420960644,
            0.9982763457283567,
            0.6533180713401232,
            0.879954149117757,
            0.8626657840401315,
            0.8541673015812525,
            0.888873700001301,
            0.8441157102196453,
            0.5914036744744985,
            0.9999999999999998
        ],
        "shared_support": [
            58.03224293953083,
            12.790565136692237,
            1.7907154332390078,
            32.4196686026071,
            0.22218334678398577,
            8.148635157517546,
            86.09467587875696,
            50.54148422796274,
            1.278920221845567,
            58.96840811636306,
            8.619580277222894,
            14.084328814999495,
            24.652419100591427,
            77.16202160947626,
            95.80115139839421,
            59.27920795023887,
            9.419768568736465,
            76.47033088265968,
            0.13742855650381358,
            91.71158512113372,
            57.287884090624175,
            12.26955908683658,
            2.4445138412979617,
            28.16341397880524,
            49.47718512327426,
            71.84502662318162,
            3.7944122031397,
            59.559119393785444,
            14.288642770037022,
            19.611945528304698,
            10.913592584770072,
            52.46529242505989,
            15.511383675453047
        ],
        "item_support": [
            78.43760870536161,
            12.683751706760034,
            4.850703225876501,
            67.96537718957435,
            1.6536960819761646,
            8.052562846818091,
            92.78805079562741,
            91.6476197644462,
            1.785234073821087,
            69.01578165607546,
            8.56042254158912,
            14.801389528426519,
            24.918738777592473,
            79.02230279718795,
            94.89323588259833,
            64.81680942731913,
            6.997552299164191,
            83.80342864166622,
            24.445067911758166,
            95.63081355737623,
            76.29193869679366,
            12.4113945192829,
            2.9821993102230024,
            38.70760910626863,
            86.43961854481876,
            70.01185101790159,
            4.9258009560548075,
            63.54547006636311,
            14.015878292718973,
            21.4559126205849,
            12.194777818136181,
            59.87612279996948,
            15.230604076309696
        ],