{
    "fixed": {
        "allow_repeated_recalls": 0.0,
        "learn_after_context_update": 0.0,
        "mfc_sensitivity": 1.0,
        "mcf_first_pres_reinforcement": 0.0
    },
    "free": {
        "encoding_drift_rate": [
            2.220446049250313e-16,
            0.9999999999999998
        ],
        "start_drift_rate": [
            2.220446049250313e-16,
            0.9999999999999998
        ],
        "recall_drift_rate": [
            2.220446049250313e-16,
            0.9999999999999998
        ],
        "shared_support": [
            2.220446049250313e-16,
            100.0
        ],
        "item_support": [
            2.220446049250313e-16,
            100.0
        ],
        "learning_rate": [
            2.220446049250313e-16,
            0.9999999999999998
        ],
        "primacy_scale": [
            2.220446049250313e-16,
            100.0
        ],
        "primacy_decay": [
            2.220446049250313e-16,
            100.0
        ],
        "choice_sensitivity": [
            2.220446049250313e-16,
            100.0
        ],
        "mfc_first_pres_reinforcement": [
            2.220446049250313e-16,
            100.0
        ]
    },
    "fitness": [
        664.1199951171875,
        1931.35888671875,
        1870.3792724609375,
        1113.7880859375,
        2177.4423828125,
        2036.84130859375,
        2174.50537109375,
        738.0960693359375,
        1287.555908203125,
        510.155517578125,
        1504.8216552734375,
        291.6581115722656,
        940.6983032226562,
        990.3046875,
        873.76806640625,
        934.933837890625,
        2166.64404296875,
        321.38348388671875,
        266.8365783691406,
        1798.5517578125,
        308.8702087402344,
        1476.38134765625,
        2291.31787109375,
        945.248046875,
        236.1826171875,
        1723.526611328125,
        352.5719909667969,
        273.8813171386719,
        1935.544921875,
        1152.376220703125,
        242.16641235351562,
        547.130615234375,
        336.8188781738281
    ],
    "fits": {
        "encoding_drift_rate": [
            0.9459422803733895,
            0.887329811581953,
            0.7273572398476771,
            0.7320002841740829,
            0.8756752346618666,
            0.8391493638147269,
            0.8321605398184009,
            0.8350851394930634,
            0.6815107030575688,
            0.5425995834756439,
            0.9086416323802387,
            0.5621689968357018,
            0.9448522017539939,
            0.8916548023680682,
            0.9376417807635454,
            0.9097586574105558,
            0.9046094329140568,
            0.8865650693585323,
            0.6918384792472966,
            0.9125734698890984,
            0.9024549716558654,
            0.7934409985032183,
            0.7664906830622009,
            0.7740470095296355,
            0.7317900494192353,
            0.9102870147493929,
            0.6329477527639735,
            0.9946482158530773,
            0.7180551023268352,
            0.8835248838539493,
            0.8053263316612388,
            0.8826596131118534,
            0.8787997841559443
        ],
        "start_drift_rate": [
            0.735858443223836,
            0.07926614813721633,
            0.22626348099050908,
            0.4448192074507855,
            0.19825349806963788,
            0.2794246832617411,
            0.27590685358350225,
            0.7716272917660693,
            0.003362306836690032,
            0.02466830570645484,
            0.1341945966414156,
            0.012947606410226131,
            0.10895023538106659,
            0.4895820049474364,
            0.49673407559617827,
            0.7838304047929799,
            0.12862602329825723,
            0.7167188036847078,
            0.09493195200657706,
            0.39849807735319637,
            0.148929352812665,
            0.13047456417322628,
            0.12618252709175648,
            0.8556925020359687,
            0.6130084187588614,
            0.20904176496255278,
            0.6762668918688444,
            0.43366523687103375,
            0.037015453940575004,
            0.016481924273577475,
            0.001486405856068851,
            0.8083980651110503,
            0.02963900828641791
        ],
        "recall_drift_rate": [
            0.9055857277100345,
            0.7984731192049104,
            0.8589549083647763,
            0.8648861141055124,
            0.8116993978284621,
            0.6533676337285366,
            0.7633779383537288,
            0.7853103193121841,
            0.5150014726311272,
            0.4433690652646284,
            0.6372087181949608,
            0.47762008819625296,
            0.8567343775617586,
            0.8550302611370161,
            0.838864264072483,
            0.863241925577902,
            0.6955628994279148,
            0.9950342459141921,
            0.3239987423412567,
            0.7601546948168684,
            0.49828078348720867,
            0.781522478248868,
            0.638571535067012,
            0.32529153170333147,
            0.9984961928973554,
            0.6771134814428142,
            0.958837198652599,
            0.8627169092634852,
            0.83738532884163,
            0.8510575084789498,
            0.5824631560345136,
            0.6738837502244877,
            0.9741322116603347
        ],
        "shared_support": [
            6.5747600514213005,
            11.995561929164701,
            17.06654634183152,
            10.5878690158332,
            6.7629398619537255,
            82.6708847165893,
            8.155744581976343,
            21.475793305873918,
            2.922935236648634,
            1.6526550206276909,
            7.966671129216174,
            8.54428533527961,
            17.72179457037491,
            80.75552217715426,
            10.560178490906132,
            58.02673995841009,
            13.584157261891946,
            8.624422086173766,
            3.9502916036556783,
            89.17289419466229,
            82.07339149012864,
            14.544716687748114,
            14.868103138335343,
            59.6791728297093,
            13.848198580358442,
            11.251979119360307,
            3.069218571482814,
            82.42354069139408,
            11.108425911125465,
            0.885061213868994,
            5.746367422291499,
            58.04605054356121,
            0.36065130493101094
        ],
        "item_support": [
            16.566176718742334,
            11.867043457236,
            17.70232911467984,
            11.51155727731387,
            28.99218329239876,
            82.44033831373834,
            7.941821641734016,
            80.6987011858451,
            3.439279115418323,
            1.317057339770379,
            8.131626336664148,
            9.356036699588671,
            17.803840123648094,
            82.03991546239124,
            10.569278883928575,
            64.51142053050653,
            11.04324313570666,
            63.73736787663316,
            37.306402719742586,
            84.50861161274337,
            96.05968589495153,
            14.786243906467469,
            15.060315906593914,
            79.96597637387852,
            54.987231383027805,
            11.331507667307854,
            33.10135162147465,
            83.27097536167628,
            10.837496288394945,
            2.7862677287226774,
            5.977296827537145,
            88.556274734448,
            0.0380212682998291
        ],