{
    "fixed": {
        "allow_repeated_recalls": 0.0,
        "learn_after_context_update": 0.0,
        "mfc_sensitivity": 1.0
    },
    "free": {
        "encoding_drift_rate": [
            2.220446049250313e-16,
            0.9999999999999998
        ],
        "start_drift_rate": [
            2.220446049250313e-16,
            0.9999999999999998
        ],
        "recall_drift_rate": [
            2.220446049250313e-16,
            0.9999999999999998
        ],
        "shared_support": [
            2.220446049250313e-16,
            100.0
        ],
        "item_support": [
            2.220446049250313e-16,
            100.0
        ],
        "learning_rate": [
            2.220446049250313e-16,
            0.9999999999999998
        ],
        "primacy_scale": [
            2.220446049250313e-16,
            100.0
        ],
        "primacy_decay": [
            2.220446049250313e-16,
            100.0
        ],
        "choice_sensitivity": [
            2.220446049250313e-16,
            100.0
        ],
        "blend_weight": [
            2.220446049250313e-16,
            0.9999999999999998
        ]
    },
    "fitness": [
        663.8634033203125,
        1931.326416015625,
        1860.2930908203125,
        1118.567138671875,
        2173.71533203125,
        2037.216064453125,
        2169.6953125,
        728.546142578125,
        1296.7501220703125,
        509.6029052734375,
        1504.89990234375,
        291.11578369140625,
        940.18017578125,
        990.8560791015625,
        873.136474609375,
        934.5458984375,
        2172.4189453125,
        321.4698181152344,
        263.75762939453125,
        1788.88427734375,
        307.39794921875,
        1473.305908203125,
        2290.8935546875,
        940.614501953125,
        232.4820556640625,
        1726.438232421875,
        346.6707763671875,
        273.4743347167969,
        1935.779296875,
        1155.9088134765625,
        244.51890563964844,
        549.4696044921875,
        338.10150146484375
    ],
    "fits": {
        "encoding_drift_rate": [
            0.9490989229400535,
            0.867921412534072,
            0.7762962519361514,
            0.8451164228131756,
            0.7744763370999398,
            0.8200944748428939,
            0.8554910516718193,
            0.7800050252803773,
            0.641896138387295,
            0.5755554485633296,
            0.8885349566691565,
            0.5642991336409546,
            0.9344002561680107,
            0.8928850926059444,
            0.9223883648758124,
            0.8989378779144279,
            0.8826011915175409,
            0.8639648495739816,
            0.5439255137373549,
            0.8617219750895209,
            0.8806795611976281,
            0.7547205601700525,
            0.6763962516553056,
            0.7706082380916677,
            0.7279534248672639,
            0.9240298506450562,
            0.2454008284911826,
            0.9835062387461599,
            0.7574381386502301,
            0.8536118675249988,
            0.8184520076864333,
            0.8691883539789356,
            0.8801087188616117
        ],
        "start_drift_rate": [
            0.7193549834135863,
            0.08151220794647773,
            0.11789682352863384,
            0.6650512540533405,
            0.17884963542511284,
            0.31426444172195334,
            0.39562329003728286,
            0.8310112170548701,
            0.0023050350843723815,
            0.09254617737577536,
            0.08744711339304015,
            0.02146557411664657,
            0.09287607057127234,
            0.49551406109854124,
            0.45564654788578574,
            0.7515489197213421,
            0.17989202309815572,
            0.7694825750522535,
            0.04057919326182491,
            0.35339543384360217,
            0.08107479762256525,
            0.1512592420592513,
            0.18400921969688105,
            0.9942079231785285,
            0.4548980263000075,
            0.3881807932009426,
            0.21578867577119276,
            0.36878931160458456,
            0.015634719104419662,
            0.025345131876765046,
            0.003956355957996429,
            0.6587580438637531,
            0.0345988349087864
        ],
        "recall_drift_rate": [
            0.9221166846058753,
            0.7935798788988668,
            0.9734752294800456,
            0.9209103089198056,
            0.6566865433884413,
            0.7295501149266025,
            0.7176725925836628,
            0.7454892521074926,
            0.3092027003348057,
            0.31927304611597684,
            0.5914891809941227,
            0.509535992910969,
            0.9133707016913051,
            0.8550412882526977,
            0.8146992672280007,
            0.8519578136585968,
            0.4935644947551117,
            0.9863757218177388,
            0.4445683059559803,
            0.7765075727632247,
            0.42009734542980093,
            0.7172286612194788,
            0.7273274554912063,
            0.2580118421566184,
            0.970396637237564,
            0.6667720827037183,
            0.9447076963993409,
            0.7631082273809066,
            0.8539868721096493,
            0.858026220600733,
            0.8804695150799748,
            0.533817209018607,
            0.9998716224836881
        ],
        "shared_support": [
            4.33413200991199,
            5.395258146906144,
            0.2292232602912847,
            34.86679104076178,
            21.043817584747394,
            71.96149718646565,
            38.48875271276252,
            14.528354031735944,
            6.577475950236398,
            47.835722017446145,
            11.4491415653482,
            7.632089207875616,
            15.384777540280645,
            92.86568238755203,
            89.47384403612025,
            65.20807938856284,
            66.42071162338821,
            14.929527442590661,
            5.116109241446736,
            11.863474630374014,
            86.66673841153937,
            18.650109530000574,
            1.9633486584457387,
            2.9724849469281622,
            78.15362266012357,
            90.41037964387206,
            4.782523075292374,
            34.17546505045826,
            0.8791356125960831,
            23.277504846921556,
            1.2151225718554883,
            46.47405569089213,
            0.3860278402140125
        ],
        "item_support": [
            9.759801886132124,
            5.30177462211028,
            1.5941329032740157,
            53.923179093190555,
            21.80754132296864,
            83.94098433284587,
            40.92385546031545,
            44.29236153788745,
            29.829191560493495,
            51.903779822803784,
            11.58108941705104,
            8.813771920619423,
            15.575761678131663,
            97.21061475507425,
            87.77367841875359,
            68.48799119202266,
            65.75234954668709,
            45.88803105795603,
            7.235017307999577,
            12.086671752192082,
            94.84429556289155,
            19.154086142207316,
            2.8624104258493404,
            28.14249151664133,
            91.79479629837832,
            89.38192062383686,
            6.275828013531367,
            34.203478359631085,
            0.462558233591551,
            25.160745996382616,
            3.73664886928605,
            99.49399285014431,
            0.1146789864476574
        ],