{
    "fixed": {
        "allow_repeated_recalls": 0.0,
        "learn_after_context_update": 0.0,
        "mfc_sensitivity": 1.0
    },
    "free": {
        "encoding_drift_rate": [
            2.220446049250313e-16,
            0.9999999999999998
        ],
        "start_drift_rate": [
            2.220446049250313e-16,
            0.9999999999999998
        ],
        "recall_drift_rate": [
            2.220446049250313e-16,
            0.9999999999999998
        ],
        "shared_support": [
            2.220446049250313e-16,
            100.0
        ],
        "item_support": [
            2.220446049250313e-16,
            100.0
        ],
        "learning_rate": [
            2.220446049250313e-16,
            0.9999999999999998
        ],
        "primacy_scale": [
            2.220446049250313e-16,
            100.0
        ],
        "primacy_decay": [
            2.220446049250313e-16,
            100.0
        ],
        "choice_sensitivity": [
            2.220446049250313e-16,
            100.0
        ],
        "mcf_first_pres_reinforcement": [
            2.220446049250313e-16,
            100.0
        ],
        "mfc_first_pres_reinforcement": [
            2.220446049250313e-16,
            100.0
        ]
    },
    "fitness": [
        664.50537109375,
        1932.950927734375,
        1888.8525390625,
        1116.890625,
        2179.4755859375,
        2036.999267578125,
        2170.65673828125,
        729.6937866210938,
        1295.6917724609375,
        516.6151733398438,
        1536.8309326171875,
        291.0360107421875,
        945.2155151367188,
        989.8407592773438,
        873.984130859375,
        934.759521484375,
        2172.82275390625,
        321.1972961425781,
        266.6470947265625,
        1798.795166015625,
        308.2309875488281,
        1484.22802734375,
        2317.2626953125,
        943.250244140625,
        235.81370544433594,
        1726.05078125,
        353.61236572265625,
        273.4054870605469,
        1976.7752685546875,
        1150.463623046875,
        240.50540161132812,
        547.03662109375,
        333.5279846191406
    ],
    "fits": {
        "encoding_drift_rate": [
            0.9570632904265611,
            0.8664658980348392,
            0.91851675250355,
            0.8492771393660599,
            0.8800057131725068,
            0.8508690357875401,
            0.8649577119192842,
            0.3979083513451918,
            0.6468929979888565,
            0.5084175474408515,
            0.8505639703300136,
            0.5836653018121281,
            0.7529707723239945,
            0.8949808267844543,
            0.9199419461148524,
            0.9032910057860009,
            0.8702682304193687,
            0.9140249145458732,
            0.6789898849222582,
            0.9174486064604883,
            0.9213167241511463,
            0.822950034342073,
            0.7566932891831913,
            0.8041112178136768,
            0.7669701496122204,
            0.9295114062399537,
            0.6847944774726028,
            0.9830621468848094,
            0.8918191533142379,
            0.8673553512462406,
            0.6141518724443427,
            0.8985051058371472,
            0.9000415108879527
        ],
        "start_drift_rate": [
            0.792539777825086,
            0.11730722462086624,
            0.30713347798928725,
            0.7363256755423836,
            0.29101962771822776,
            0.32325634640551065,
            0.3413600100894527,
            0.8220577819819608,
            0.004682007695567814,
            0.16453814802366334,
            0.08301846512618943,
            0.02948931977560254,
            0.15094031203654912,
            0.47591500555803484,
            0.5464839129374803,
            0.7624389065219591,
            0.18913804309303656,
            0.7891207642236029,
            0.11185053572636028,
            0.37969791025894833,
            0.10907036310708428,
            0.43174268661945703,
            0.25541316365230243,
            0.9968526461627011,
            0.7209561121559764,
            0.4427232198930971,
            0.5176345839044837,
            0.46745700157989467,
            0.2100869195697908,
            0.015564846650713893,
            0.001929759122946073,
            0.7474519716730711,
            0.007515814273351906
        ],
        "recall_drift_rate": [
            0.9154902613721874,
            0.882478255006576,
            0.8981307076717184,
            0.9261931658263849,
            0.8125903232968137,
            0.7183425838088568,
            0.7816963600679526,
            0.897235731951517,
            0.46875955147514226,
            0.3861981531462921,
            0.5364630273785285,
            0.42767148734302296,
            0.9356173375870479,
            0.8659958735080231,
            0.8381170431851388,
            0.8652097307763067,
            0.5818902769547255,
            0.9846007442729222,
            0.4651566077706954,
            0.7753122423691531,
            0.4692235306824166,
            0.6644132802154927,
            0.7635766913654094,
            0.1251839626750112,
            0.9991616934302557,
            0.7547372321566647,
            0.7883763103579233,
            0.9352636246313006,
            0.930818808784424,
            0.9101869890032726,
            0.8931159558592383,
            0.7779598164033975,
            0.9998608187780098
        ],
        "shared_support": [
            7.118281241870541,
            11.321256575363705,
            73.55571544548248,
            42.63132788464159,
            74.20994089672206,
            71.07650190700059,
            96.51424081470464,
            14.697817874853328,
            4.0651250687674505,
            76.35661806478487,
            25.326573660478747,
            10.540620045186834,
            31.917066617811795,
            65.45447892998098,
            91.39191802426598,
            58.75800075902089,
            99.05159753481169,
            7.586573921194137,
            1.5309379390087585,
            90.78708137552044,
            28.767355699402504,
            77.81109109610566,
            16.01574729003412,
            55.13239439221016,
            9.207923492299571,
            83.5633022134183,
            43.56924462539957,
            91.66013732173928,
            75.4574916425502,
            0.8738271190275112,
            17.434005883347922,
            31.479013810389926,
            0.14808149726980702
        ],
        "item_support": [
            13.863879708227373,
            11.350913038273902,
            65.21971954981895,
            70.96891515784964,
            93.04241096682478,
            72.23939529863006,
            97.50091689603593,
            31.86379598951679,
            19.36304806609716,
            99.86292576025514,
            38.206539069532205,
            11.603582113940355,
            33.27079925941105,
            66.64460890222372,
            91.50511475619126,
            61.26309166237185,
            98.10661507404487,
            64.09149148951356,
            30.17277836117809,
            85.91488112373854,
            31.323360010343816,
            90.2094242285738,
            42.0771870111557,
            87.23184646321857,
            72.4474337960202,
            92.43711279641285,
            79.70930433327402,
            88.40529235378864,
            73.39337517185518,
            4.040255000949543,
            20.954899941793027,
            89.48512871889159,
            0.016653665707700327
        ],