{
    "fixed": {
        "allow_repeated_recalls": 0.0,
        "learn_after_context_update": 0.0,
        "mfc_sensitivity": 1.0,
        "mfc_first_pres_reinforcement": 0.0
    },
    "free": {
        "encoding_drift_rate": [
            2.220446049250313e-16,
            0.9999999999999998
        ],
        "start_drift_rate": [
            2.220446049250313e-16,
            0.9999999999999998
        ],
        "recall_drift_rate": [
            2.220446049250313e-16,
            0.9999999999999998
        ],
        "shared_support": [
            2.220446049250313e-16,
            100.0
        ],
        "item_support": [
            2.220446049250313e-16,
            100.0
        ],
        "learning_rate": [
            2.220446049250313e-16,
            0.9999999999999998
        ],
        "primacy_scale": [
            2.220446049250313e-16,
            100.0
        ],
        "primacy_decay": [
            2.220446049250313e-16,
            100.0
        ],
        "choice_sensitivity": [
            2.220446049250313e-16,
            100.0
        ],
        "mcf_first_pres_reinforcement": [
            2.220446049250313e-16,
            100.0
        ]
    },
    "fitness": [
        664.44482421875,
        1931.787353515625,
        1868.51806640625,
        1117.27734375,
        2173.63330078125,
        2031.2962646484375,
        2170.1025390625,
        737.184814453125,
        1296.4404296875,
        516.2272338867188,
        1506.852294921875,
        290.9541015625,
        944.588623046875,
        990.3701782226562,
        873.525390625,
        934.4226684570312,
        2166.013671875,
        321.0950012207031,
        265.2062683105469,
        1797.2373046875,
        308.08514404296875,
        1484.537841796875,
        2315.982421875,
        941.8605346679688,
        236.05580139160156,
        1726.868896484375,
        353.1269226074219,
        273.58734130859375,
        1924.186279296875,
        1169.0223388671875,
        241.62680053710938,
        549.5838012695312,
        337.3974914550781
    ],
    "fits": {
        "encoding_drift_rate": [
            0.9526225381317076,
            0.9001783888469246,
            0.5240602282467077,
            0.8641057657491815,
            0.9415192366428066,
            0.8290579356640884,
            0.8564273987793187,
            0.7872682828725419,
            0.6174359981083286,
            0.4497925030031877,
            0.9268395160338694,
            0.5379284926164084,
            0.9839126995111507,
            0.895299978369814,
            0.9288395383201518,
            0.8973122700740599,
            0.8962899061084246,
            0.9210087937580531,
            0.4590244590135968,
            0.9078963299338856,
            0.8710461682737607,
            0.8779118135522925,
            0.7795047510636924,
            0.7383947686305119,
            0.5991674958536117,
            0.935814917106393,
            0.8186721711214862,
            0.9832752841371365,
            0.7628500215969413,
            0.8022763904050805,
            0.6400100225790405,
            0.8852523543497328,
            0.7649973505967615
        ],
        "start_drift_rate": [
            0.7107687340382315,
            0.0914987634476147,
            0.2788049825084884,
            0.7345494482867073,
            0.18889798593138285,
            0.13796142922430682,
            0.35978189795614157,
            0.6805279969523207,
            0.008233980423670517,
            0.46067546590322206,
            0.28861800143162075,
            0.012100927043024234,
            0.252402147907053,
            0.5084069170528402,
            0.48504641844870394,
            0.7640839785015706,
            0.1533343087327657,
            0.7796075991545643,
            0.03323840610984139,
            0.4578646106195011,
            0.2707167694220047,
            0.3147316438671801,
            0.1759809707214487,
            0.9933522490651212,
            0.7787021071417896,
            0.4135381236428273,
            0.24325936494440836,
            0.4180264622897221,
            0.02862221337811638,
            0.3011332528747236,
            0.00018489062709542425,
            0.48322086376287904,
            0.09699747009750172
        ],
        "recall_drift_rate": [
            0.8923638539478349,
            0.8332081035053773,
            0.9143283282175314,
            0.9247337049779203,
            0.8956726597922815,
            0.7101186920534114,
            0.7964533964296096,
            0.9518139341594677,
            0.49556177217254954,
            0.39839550338178104,
            0.59373474027232,
            0.501664075019091,
            0.8868276409069848,
            0.8856797901393172,
            0.8580928537964407,
            0.8653044231615585,
            0.6047676035569602,
            0.9933798508841972,
            0.39699815540030226,
            0.7339071194533737,
            0.6670903138519293,
            0.6755726223541424,
            0.6680988432463973,
            0.12901391281845478,
            0.9996743334507462,
            0.687722443745866,
            0.6440052844194208,
            0.9261774203729487,
            0.8710820433955273,
            0.8332175595901632,
            0.9156619818503118,
            0.6675266582394737,
            0.9992338370634658
        ],
        "shared_support": [
            5.404287213686665,
            12.668509862063466,
            12.812437189646069,
            27.66016772444859,
            4.654063579084408,
            3.530261186934034,
            38.06682783043639,
            4.480509207692698,
            63.71556882531597,
            49.36925744902773,
            5.6652503360750615,
            5.65055798956967,
            29.707306934616344,
            87.6208395852358,
            65.04749840351549,
            78.30625931335246,
            10.830982677138742,
            7.605808520652069,
            10.91554137977576,
            92.02038383560458,
            12.33321779585679,
            47.92409163625479,
            61.14213547673323,
            48.2427148569994,
            12.239001505118658,
            59.14144464163783,
            29.293777040105706,
            37.124159773516936,
            15.403587262982136,
            72.51533091449605,
            24.019800913736606,
            12.161006890706503,
            18.626001542909385
        ],
        "item_support": [
            8.937310380704858,
            12.630367481201944,
            14.662159442269981,
            61.979220719198906,
            23.765673123409954,
            3.3633995759617434,
            42.43381696999068,
            49.47975825619426,
            74.7621053022909,
            82.72768928013218,
            59.80695863482657,
            6.561158463601608,
            34.62431773207526,
            93.5264242924086,
            56.61719559471603,
            84.96620565706137,
            9.798024006025052,
            69.41350300437506,
            45.587219791018555,
            93.37818339070157,
            17.076696310194933,
            72.70356989037543,
            82.49264866272307,
            68.68514387901865,
            60.50439831395266,
            63.295589029600166,
            54.48338156722347,
            36.753709496794315,
            15.095931871081333,
            82.86761961449051,
            26.7209254279399,
            63.77289474905435,
            18.272422990062715
        ],