{
    "fixed": {
        "allow_repeated_recalls": 0.0,
        "learn_after_context_update": 0.0
    },
    "free": {
        "encoding_drift_rate": [
            2.220446049250313e-16,
            0.9999999999999998
        ],
        "start_drift_rate": [
            2.220446049250313e-16,
            0.9999999999999998
        ],
        "recall_drift_rate": [
            2.220446049250313e-16,
            0.9999999999999998
        ],
        "shared_support": [
            2.220446049250313e-16,
            100.0
        ],
        "item_support": [
            2.220446049250313e-16,
            100.0
        ],
        "learning_rate": [
            2.220446049250313e-16,
            0.9999999999999998
        ],
        "primacy_scale": [
            2.220446049250313e-16,
            100.0
        ],
        "primacy_decay": [
            2.220446049250313e-16,
            100.0
        ],
        "choice_sensitivity": [
            2.220446049250313e-16,
            100.0
        ]
    },
    "fitness": [
        1733.336181640625,
        1297.0654296875,
        1987.8240966796875,
        947.2924194335938,
        1904.7852783203125,
        1961.197021484375,
        874.1556396484375,
        1834.173095703125,
        1362.421630859375,
        2355.29150390625,
        1741.0540771484375,
        2012.109375,
        2604.485107421875,
        1502.42041015625,
        1796.9659423828125,
        1581.002197265625,
        1574.9002685546875,
        1581.0909423828125,
        1164.2998046875,
        1925.744384765625,
        1033.6243896484375,
        1251.756103515625,
        1319.7071533203125,
        1686.7607421875,
        977.7058715820312,
        953.0352783203125,
        1489.5091552734375,
        1136.7440185546875,
        1240.153076171875,
        1878.7589111328125,
        1445.35986328125,
        1585.4017333984375,
        1767.4490966796875,
        1449.66162109375,
        743.0661010742188
    ],
    "fits": {
        "encoding_drift_rate": [
            0.7379096321180344,
            0.661093529475521,
            0.7657428849836516,
            0.8731623138465594,
            0.5485321186726382,
            0.7821998385859205,
            0.8688604118545518,
            0.8700663588891902,
            0.7544978059420334,
            0.767772779569896,
            0.8062384446692791,
            0.7520086047351241,
            0.7686614412144936,
            0.7889771626231017,
            0.5350285932976555,
            0.8820684947202484,
            0.6784397069719,
            0.7944499930921005,
            0.7143887951588522,
            0.7407368734035599,
            0.9019799705579059,
            0.8292158356346382,
            0.43027795439434946,
            0.903445037385455,
            0.5157117073051866,
            0.7611347619982112,
            0.6317389277659067,
            0.720561779202681,
            0.9646139147494165,
            0.7797874679226412,
            0.6542253221556646,
            0.7509481830823901,
            0.869222871823015,
            0.763748208651293,
            0.7312677222824184
        ],
        "start_drift_rate": [
            0.7107926246784915,
            0.660526176470739,
            0.19077562833583384,
            0.011224271038902278,
            0.9881950217695579,
            0.21295600835113543,
            0.36028791205634947,
            0.1165152083038476,
            0.04916557505104586,
            0.9880667446077647,
            0.8856720893449819,
            0.5411963258564574,
            0.21550137827505683,
            0.5466360122644007,
            0.5255348257254614,
            0.7149495107210613,
            0.9214517734107859,
            0.9998283555865151,
            0.8744174008452146,
            0.6068344042129169,
            0.885650900786719,
            0.8922073900650949,
            0.4974709084521377,
            0.19680022688642057,
            0.5225819390608042,
            0.8304628518426314,
            0.4749434483917361,
            0.11402816434378255,
            0.0052723359638838785,
            0.16149986184726756,
            0.3715424866066835,
            0.5390122479348856,
            0.6030893922321411,
            0.9893415749102477,
            0.17240931983735724
        ],
        "recall_drift_rate": [
            0.9382411390762966,
            0.9570476007346823,
            0.9234471240978126,
            0.9850485406309517,
            0.8815259117599195,
            0.9879192008765592,
            0.9557530278983922,
            0.8468753723330551,
            0.986293847185079,
            0.9528389969441625,
            0.9036846057305865,
            0.9663230336985871,
            0.9178694516969534,
            0.9409562703961283,
            0.8793423906845861,
            0.9561216262666641,
            0.9472955087348801,
            0.9198980354454898,
            0.931589799296054,
            0.9251498626165755,
            0.9860174228075306,
            0.9621320585908198,
            0.7531677858120576,
            0.9679660001203205,
            0.9182883045708023,
            0.9796518079233024,
            0.9723385347106712,
            0.8060047947536484,
            0.9412283853022194,
            0.9098058460851537,
            0.9311248748207612,
            0.9501908584833375,
            0.9716279299570405,
            0.9264850189256091,
            0.9698498898600213
        ],
        "shared_support": [
            0.23269701890751548,
            13.528880541586744,
            0.1089771208812067,
            0.025153109777598104,
            0.09888678066629097,
            16.003462685521477,
            0.07856235651259169,
            19.88181362759288,
            0.056457883346027415,
            0.059064459578578976,
            8.702999352392595,
            24.557171024253964,
            24.775753998590698,
            3.906935503077122,
            18.244610520566923,
            0.08823829178883358,
            0.2545639578690242,
            0.11746777114517215,
            29.519923862309593,
            17.814749214719207,
            0.2374217831328096,
            27.57659304635815,
            17.893584247290654,
            0.06774223564761428,
            0.029880449947171317,
            0.15943691669318127,
            0.8049722433425472,
            9.00905415836634,
            0.021602881514773742,
            0.2600639761398753,
            0.11203437162748742,
            0.1500821311863163,
            0.17063864092012437,
            0.10078504896304707,
            0.13284510128991656
        ],
        "item_support": [
            1.6683741274732355,
            14.82364297632494,
            2.4212732421988434,
            2.279040036989258,
            1.3494899759521033,
            16.527480557490406,
            1.319527874252394,
            19.84168127512343,
            1.4996645486387195,
            2.78494502928514,
            95.16689743183977,
            25.285450969616917,
            25.578509211381906,
            26.468785903546067,
            18.756955652268804,
            1.5060283267930075,
            2.690346856025741,
            3.878487933765065,
            30.024606765062504,
            18.717924799538675,
            1.1182277013500581,
            28.180626151114236,
            17.215369610295063,
            2.006604964455292,
            4.8258459286264,
            1.9303468413735771,
            1.5073015661658218,
            9.09206604833107,
            1.0893522314138409,
            2.920223265706902,
            0.6467777492587317,
            1.7830149159627524,
            1.8171575593665708,
            1.930791323430178,
            0.4578750008094019
        ],