{
    "fixed": {
        "allow_repeated_recalls": 0.0,
        "learn_after_context_update": 0.0
    },
    "free": {
        "encoding_drift_rate": [
            2.220446049250313e-16,
            0.9999999999999998
        ],
        "start_drift_rate": [
            2.220446049250313e-16,
            0.9999999999999998
        ],
        "recall_drift_rate": [
            2.220446049250313e-16,
            0.9999999999999998
        ],
        "shared_support": [
            2.220446049250313e-16,
            100.0
        ],
        "item_support": [
            2.220446049250313e-16,
            100.0
        ],
        "learning_rate": [
            2.220446049250313e-16,
            0.9999999999999998
        ],
        "primacy_scale": [
            2.220446049250313e-16,
            100.0
        ],
        "primacy_decay": [
            2.220446049250313e-16,
            100.0
        ],
        "choice_sensitivity": [
            2.220446049250313e-16,
            100.0
        ]
    },
    "fitness": [
        1750.6998291015625,
        1274.3876953125,
        1984.28759765625,
        939.6748046875,
        1914.061279296875,
        1945.04248046875,
        864.826171875,
        1818.953857421875,
        1363.6611328125,
        2342.595703125,
        1735.31591796875,
        2003.313720703125,
        2599.900634765625,
        1495.329833984375,
        1809.7213134765625,
        1565.9190673828125,
        1592.702880859375,
        1587.3280029296875,
        1177.126220703125,
        1907.2137451171875,
        1023.0628662109375,
        1234.41064453125,
        1308.9306640625,
        1685.273193359375,
        971.6597900390625,
        948.7110595703125,
        1446.196533203125,
        1125.878662109375,
        1234.849365234375,
        1880.62353515625,
        1439.3642578125,
        1578.305419921875,
        1769.913330078125,
        1443.84326171875,
        733.783203125
    ],
    "fits": {
        "encoding_drift_rate": [
            0.8460204140169805,
            0.8181736544020233,
            0.7698221112808507,
            0.8328702082841575,
            0.6170387897829714,
            0.7355109761823133,
            0.9271252664217253,
            0.9582511060411035,
            0.7863934746187021,
            0.695675785357957,
            0.8571855324843399,
            0.7962126075213689,
            0.881219405148997,
            0.7673425463388579,
            0.706715938861078,
            0.877064293556258,
            0.6989706233538492,
            0.8085613226991529,
            0.9030958474990776,
            0.8621135217993829,
            0.8678565541762424,
            0.8712367363754965,
            0.7334971326424172,
            0.883429575693979,
            0.5981954274023175,
            0.7353643213891897,
            0.8039338643990571,
            0.6555223044782554,
            0.8590732365455067,
            0.8137470221927532,
            0.8332760451792343,
            0.7861259769103627,
            0.8330705006919104,
            0.7862795498558235,
            0.8775177996204224
        ],
        "start_drift_rate": [
            0.4226165326101521,
            0.31081762953304004,
            0.06204971081372157,
            0.039529859614261365,
            0.9918801403541033,
            0.010755387160940488,
            0.43870910139260477,
            0.42964549046760103,
            0.03842190830647779,
            0.47624120254595526,
            0.3702217885867988,
            0.9634017090970239,
            0.10984945235720628,
            0.3215465469907953,
            0.7370747373429888,
            0.16574492618919778,
            0.8877616528653569,
            0.9440381531803226,
            0.968500066766703,
            0.5108717441774191,
            0.41140214710948014,
            0.7320554243508951,
            0.3137659626607946,
            0.15775556047534595,
            0.169016760776938,
            0.4866671829976228,
            0.06799480973854843,
            0.013790390612595127,
            0.026252666638740485,
            0.05171377650305631,
            0.3285427381125736,
            0.22839164402784773,
            0.6536954223186173,
            0.43227530529531855,
            0.3999803374907637
        ],
        "recall_drift_rate": [
            0.9690178396004585,
            0.9242379265447265,
            0.915259260845485,
            0.9489523231760317,
            0.8854519572346209,
            0.9893758348968685,
            0.9477233954549333,
            0.8914009101680842,
            0.9805652673703653,
            0.9648623069900517,
            0.9282151801130067,
            0.9572426591097579,
            0.8996478306708677,
            0.960686679276431,
            0.854774155362301,
            0.9555474247257443,
            0.9245882150484199,
            0.9690112536814955,
            0.9174780169760102,
            0.9396481568232605,
            0.9845498045407346,
            0.9576004806613294,
            0.926992456505465,
            0.9438949997393535,
            0.8427587321281942,
            0.9817398010961322,
            0.9497355140627828,
            0.936693390522769,
            0.9546228598081267,
            0.9335292463891638,
            0.9088472749266305,
            0.9514161447257519,
            0.9896395811348646,
            0.9605140122233615,
            0.9619936250690122
        ],
        "shared_support": [
            0.34076495337563983,
            2.5708677508325195,
            0.043572247260279084,
            0.041002149453781556,
            4.013489591989064,
            0.051925544172082616,
            0.8409270186020379,
            3.204071076704331,
            0.03753823406512424,
            0.07494341812757455,
            0.8726801678488414,
            2.8974768215207476,
            1.672343481216629,
            2.0867090172339644,
            4.302795626791514,
            0.019459481641284526,
            0.0493655713819976,
            0.9254492218730803,
            1.250945201962658,
            0.748124994087199,
            3.390536013681242,
            7.732122046118249,
            0.17771086808821224,
            0.03190654280159322,
            0.005699228694545866,
            0.06875538035610873,
            0.7944149756126038,
            0.13400651886787074,
            0.08528768203960624,
            0.045816148949583635,
            0.8401207072063386,
            0.8756504754883565,
            0.07984231726393176,
            0.051865242966418784,
            2.431421921520446
        ],
        "item_support": [
            0.29673687463782983,
            3.6866389864635423,
            1.3120235972489454,
            0.211402446290883,
            14.636170538251172,
            0.8084801208914385,
            3.1886368416114834,
            5.5390776177430965,
            0.08271185968347794,
            0.4065410605965809,
            2.086450114889992,
            10.34132682107699,
            6.541750291406679,
            1.434789914764373,
            4.145185028715979,
            0.04700888774632972,
            0.5074661620469669,
            0.23004967739468185,
            2.602277588798245,
            5.009201967113555,
            2.5326190135442985,
            4.7755719585490155,
            0.0918412640913715,
            0.16711065708729222,
            0.3592475973363989,
            0.47462850625030484,
            0.11955173851002598,
            1.1169503880513787,
            1.6958607490357949,
            1.2572844063185045,
            0.11563879109255026,
            2.2698086876836143,
            1.680927001690236,
            0.2841171485976304,
            12.653391615682708
        ],