{
    "fixed": {
        "allow_repeated_recalls": 0.0,
        "learn_after_context_update": 0.0
    },
    "free": {
        "encoding_drift_rate": [
            2.220446049250313e-16,
            0.9999999999999998
        ],
        "start_drift_rate": [
            2.220446049250313e-16,
            0.9999999999999998
        ],
        "recall_drift_rate": [
            2.220446049250313e-16,
            0.9999999999999998
        ],
        "shared_support": [
            2.220446049250313e-16,
            100.0
        ],
        "item_support": [
            2.220446049250313e-16,
            100.0
        ],
        "learning_rate": [
            2.220446049250313e-16,
            0.9999999999999998
        ],
        "primacy_scale": [
            2.220446049250313e-16,
            100.0
        ],
        "primacy_decay": [
            2.220446049250313e-16,
            100.0
        ],
        "choice_sensitivity": [
            2.220446049250313e-16,
            100.0
        ]
    },
    "fitness": [
        1731.460693359375,
        1269.691162109375,
        1989.3438720703125,
        977.7403564453125,
        1908.359130859375,
        1951.54052734375,
        871.6343994140625,
        1822.2242431640625,
        1362.4818115234375,
        2373.864013671875,
        1731.183837890625,
        2004.677001953125,
        2607.751220703125,
        1492.94921875,
        1794.3128662109375,
        1589.552001953125,
        1579.508056640625,
        1591.835205078125,
        1167.3275146484375,
        1906.6783447265625,
        1047.48291015625,
        1260.560546875,
        1319.87890625,
        1683.0142822265625,
        975.908447265625,
        954.9041748046875,
        1460.368408203125,
        1139.3795166015625,
        1247.796630859375,
        1907.486083984375,
        1467.4598388671875,
        1594.173583984375,
        1825.2120361328125,
        1460.583251953125,
        743.9141845703125
    ],
    "fits": {
        "encoding_drift_rate": [
            0.756588503985043,
            0.7806823785981459,
            0.7469240186125548,
            0.6181191082698794,
            0.5020136925099518,
            0.7339835932786166,
            0.9538676384467644,
            0.941036870971669,
            0.7480466611191652,
            0.6670208426030145,
            0.834784617950026,
            0.7891753186538557,
            0.7362577159535356,
            0.7032944332031736,
            0.5346683010855734,
            0.8822671157440665,
            0.6353250725045134,
            0.7597934992910987,
            0.690797247256528,
            0.8424740126248114,
            0.7558565613482422,
            0.7673037551865793,
            0.5813639940604295,
            0.8828595589774904,
            0.5560904419915403,
            0.8248464948991099,
            0.7557570739077825,
            0.5891845414069625,
            0.8819974989213419,
            0.68113050038367,
            0.5407352424563368,
            0.7651493656501172,
            0.7837836194437054,
            0.7955668247071886,
            0.7885121127896945
        ],
        "start_drift_rate": [
            0.540252630685663,
            0.13089604174902647,
            0.05722841631958775,
            0.1509211110599712,
            0.9815752868457125,
            0.0234175247711646,
            0.657708538026843,
            0.09356207921877102,
            0.02794371800513329,
            0.2625885281044585,
            0.6668334116040919,
            0.8619861555700328,
            0.13923619606963883,
            0.22045909087398435,
            0.3353312802106895,
            0.6216806665109045,
            0.9296361914215141,
            0.9998870895648223,
            0.7311324490930993,
            0.400310437495597,
            0.436325415172636,
            0.8157905528284828,
            0.2760525548629288,
            0.08404114273405705,
            0.2917217013402609,
            0.7062256587203738,
            0.0929916948320797,
            0.06116372026420608,
            0.04272609226055035,
            0.287445690254021,
            0.4273316501052945,
            0.6359000492030944,
            0.554810975446232,
            0.8333246867395159,
            0.13962175267122612
        ],
        "recall_drift_rate": [
            0.9429719012528659,
            0.9244604129554128,
            0.9268180579417852,
            0.938403045975984,
            0.8616054955751498,
            0.9968454827345257,
            0.9570846622265505,
            0.9301023772462496,
            0.9937958000059431,
            0.8953518092153665,
            0.9170966153708779,
            0.9715690068120696,
            0.8586386474165055,
            0.9311013402819919,
            0.8385180774473249,
            0.9611726572631354,
            0.9477706130022691,
            0.9301397099779594,
            0.8430890632491452,
            0.9438427372508167,
            0.9757987120319902,
            0.9526438506553381,
            0.9723615490858769,
            0.9572555265903716,
            0.8780547724623871,
            0.9905414146347342,
            0.9376419524011823,
            0.8627179817784876,
            0.9937184791029002,
            0.8492945019874378,
            0.9162976030595282,
            0.9362276245758885,
            0.962293214512601,
            0.9310055522701375,
            0.9756877641797275
        ],
        "shared_support": [
            0.1436288044227112,
            0.11145523863546458,
            0.11305836588316832,
            31.58190471610792,
            0.04593207710502623,
            0.08861017086605893,
            0.005217863311818335,
            0.11081937550584087,
            0.0371540591130568,
            34.94103973769302,
            0.18236695139831482,
            0.0681200267714359,
            38.315998189924,
            0.10111467380783523,
            18.05945083702476,
            1.0482263673812966,
            0.22730362106205604,
            0.08251138321607954,
            17.58214085486214,
            0.06667607159168654,
            28.368801903097857,
            31.107552194323585,
            13.516446663294936,
            0.05635404901281049,
            0.02081248976220459,
            1.7238995652367848,
            0.6986061790688751,
            25.448112624164615,
            0.16142578192830825,
            14.378617959734477,
            27.97514327879827,
            3.9908934016938815,
            23.04121951519277,
            1.236489282267243,
            0.03994491427551594
        ],
        "item_support": [
            1.5126343462658483,
            0.08232635620128548,
            2.2298329457564705,
            32.107066821244224,
            0.7596184762335128,
            0.04541088130794435,
            1.9927565550687945,
            0.7325252049705426,
            0.6725644006275147,
            34.8781636623925,
            1.3980354065424834,
            0.38147200032810247,
            38.70054372231445,
            0.6114440532198415,
            17.662438582042917,
            15.538124357722644,
            3.5413275220833995,
            2.095388600172626,
            17.294283354170318,
            0.5066267818737487,
            28.565549142403746,
            31.15167841827256,
            12.553075024039877,
            0.4084031269914803,
            2.6958112478828298,
            76.00761018631549,
            0.21343877089469032,
            25.95050065902941,
            99.38761982438913,
            15.166752548810635,
            28.273354479766112,
            59.800616605710566,
            24.397979175230706,
            15.051041726667634,
            0.49056857288770317
        ],