{
    "fixed": {
        "allow_repeated_recalls": 0.0,
        "learn_after_context_update": 0.0,
        "mfc_sensitivity": 1.0,
        "mfc_first_pres_reinforcement": 0.0
    },
    "free": {
        "encoding_drift_rate": [
            2.220446049250313e-16,
            0.9999999999999998
        ],
        "start_drift_rate": [
            2.220446049250313e-16,
            0.9999999999999998
        ],
        "recall_drift_rate": [
            2.220446049250313e-16,
            0.9999999999999998
        ],
        "shared_support": [
            2.220446049250313e-16,
            100.0
        ],
        "item_support": [
            2.220446049250313e-16,
            100.0
        ],
        "learning_rate": [
            2.220446049250313e-16,
            0.9999999999999998
        ],
        "primacy_scale": [
            2.220446049250313e-16,
            100.0
        ],
        "primacy_decay": [
            2.220446049250313e-16,
            100.0
        ],
        "choice_sensitivity": [
            2.220446049250313e-16,
            100.0
        ],
        "mcf_first_pres_reinforcement": [
            2.220446049250313e-16,
            100.0
        ]
    },
    "fitness": [
        1728.1065673828125,
        1279.9013671875,
        1981.146484375,
        938.3374633789062,
        1903.6715087890625,
        1941.1671142578125,
        865.787353515625,
        1816.7445068359375,
        1365.0262451171875,
        2345.572509765625,
        1710.2960205078125,
        2002.3870849609375,
        2603.964111328125,
        1492.5513916015625,
        1803.793701171875,
        1569.967529296875,
        1568.6007080078125,
        1595.7127685546875,
        1175.324951171875,
        1909.7996826171875,
        1022.5677490234375,
        1238.128662109375,
        1312.17138671875,
        1689.1953125,
        977.5159912109375,
        945.8958740234375,
        1453.925537109375,
        1127.560302734375,
        1233.177978515625,
        1860.4586181640625,
        1438.618408203125,
        1567.677734375,
        1773.7559814453125,
        1449.830322265625,
        732.1709594726562
    ],
    "fits": {
        "encoding_drift_rate": [
            0.6088477920953884,
            0.643070412707907,
            0.7336902232597751,
            0.80171553208414,
            0.42383203279147974,
            0.7113474170238722,
            0.941689298181739,
            0.8467751670104349,
            0.7378724617693753,
            0.7420751202004444,
            0.677066848244747,
            0.6727130170638578,
            0.7787397404488335,
            0.6777321854044925,
            0.6908653519008751,
            0.8181484425883965,
            0.5850960045811174,
            0.5630152273806196,
            0.7050413725299016,
            0.7040077032621423,
            0.8696349392680844,
            0.7975336978198425,
            0.7041013115493104,
            0.8808667733344204,
            0.40639207639573627,
            0.7492021707837848,
            0.6473776833786551,
            0.5975571162608747,
            0.8810910133701697,
            0.6800086500453434,
            0.8483924729948806,
            0.6676017653802778,
            0.7537868966053031,
            0.7717901870166625,
            0.898039416176911
        ],
        "start_drift_rate": [
            0.7529006020613646,
            0.7363165204439687,
            0.07951833766436484,
            0.03305534174841235,
            0.9459606113538598,
            0.08020769989132799,
            0.3700345659977506,
            0.19885912494794156,
            0.11165656182759781,
            0.6094485484870769,
            0.586306581178679,
            0.8637699886711456,
            0.1992348655073769,
            0.4323079952480263,
            0.6856308760859504,
            0.5081845269374851,
            0.8054651822403075,
            0.928429637050191,
            0.9443604310439241,
            0.6057837732885419,
            0.4827287523055334,
            0.7304679212367511,
            0.30372996706988764,
            0.39482835883936435,
            0.691109431548096,
            0.6475886190725717,
            0.23698655330400242,
            0.036596572431556784,
            0.05855489077259579,
            0.2516433000565908,
            0.24985299417486434,
            0.6172438960534521,
            0.6650375754650991,
            0.8283912175741801,
            0.3710933107674141
        ],
        "recall_drift_rate": [
            0.9216379244593922,
            0.9470187145598847,
            0.9071225702919237,
            0.9018644110021998,
            0.8730802432228391,
            0.9922770751755439,
            0.9480870822692496,
            0.8946302707004086,
            0.9644919771983934,
            0.9068880732816258,
            0.827055812796792,
            0.9457106011898967,
            0.8541884928269143,
            0.9359746326028902,
            0.9031883354220509,
            0.9465449342126401,
            0.9043765882384329,
            0.9830434705114001,
            0.8719263687992957,
            0.8606687806069051,
            0.976513628561501,
            0.9654962780834484,
            0.9944772912135744,
            0.9660777554134871,
            0.8667202248527763,
            0.984051360129036,
            0.9041179840714979,
            0.9130339428846492,
            0.9762882818722951,
            0.8577909914535009,
            0.8896049335643894,
            0.9512601401544716,
            0.9859730018931165,
            0.9000406552842073,
            0.9317952423374194
        ],
        "shared_support": [
            31.856539766520847,
            80.8992230226189,
            0.05303159210278352,
            0.03969882663814438,
            9.459741940359919,
            0.08030613737438429,
            0.6722471975540358,
            8.381002096046771,
            6.264157253671399,
            32.31761643771379,
            20.25623564128203,
            72.82004324643442,
            29.531275448962912,
            3.379532696173044,
            16.966048251823757,
            3.8940065840032148,
            0.3281046256979252,
            10.098917759354727,
            85.05016842038714,
            14.8305637241114,
            3.7581867102754103,
            64.75359577832435,
            16.3040015894682,
            3.291378276761222,
            0.16905107310606127,
            6.0791186863424755,
            0.49130910065191813,
            13.559218313058139,
            1.4936100119925158,
            8.29905570635313,
            0.14005764871313886,
            10.383115147988534,
            0.28641037507707523,
            3.727485319272745,
            2.3288118195993945
        ],
        "item_support": [
            17.251947329156266,
            98.90979644807356,
            0.524403459041821,
            0.07396041727343317,
            11.173023391377122,
            0.00979700347623691,
            6.810670405176879,
            8.300645703484449,
            5.7334721622652935,
            31.25509899226565,
            8.656658543801122,
            80.04470772588843,
            28.69797804397743,
            0.7926053413468637,
            11.702992520222814,
            3.347578896679728,
            0.20473980498364597,
            11.845881831845716,
            82.37976410856858,
            33.86597236876024,
            1.6471952574482316,
            66.92038224981495,
            15.87085128246784,
            6.981371756185027,
            3.684036237925312,
            49.09431300071662,
            0.012681510821657582,
            13.881967389196134,
            95.46862444973603,
            8.577996779597264,
            0.7810788063369074,
            25.421494338657364,
            1.8203013160522445,
            18.302254317387483,
            1.11756895869852
        ],