{
    "fixed": {
        "allow_repeated_recalls": 0.0,
        "learn_after_context_update": 0.0,
        "mfc_sensitivity": 1.0
    },
    "free": {
        "encoding_drift_rate": [
            2.220446049250313e-16,
            0.9999999999999998
        ],
        "start_drift_rate": [
            2.220446049250313e-16,
            0.9999999999999998
        ],
        "recall_drift_rate": [
            2.220446049250313e-16,
            0.9999999999999998
        ],
        "shared_support": [
            2.220446049250313e-16,
            100.0
        ],
        "item_support": [
            2.220446049250313e-16,
            100.0
        ],
        "learning_rate": [
            2.220446049250313e-16,
            0.9999999999999998
        ],
        "primacy_scale": [
            2.220446049250313e-16,
            100.0
        ],
        "primacy_decay": [
            2.220446049250313e-16,
            100.0
        ],
        "choice_sensitivity": [
            2.220446049250313e-16,
            100.0
        ],
        "blend_weight": [
            2.220446049250313e-16,
            0.9999999999999998
        ]
    },
    "fitness": [
        1722.224365234375,
        1270.78759765625,
        2004.892822265625,
        933.5337524414062,
        1903.921142578125,
        1947.3787841796875,
        874.86962890625,
        1819.68310546875,
        1351.4403076171875,
        2347.784423828125,
        1707.847900390625,
        2001.9119873046875,
        2600.39990234375,
        1482.4317626953125,
        1791.061279296875,
        1571.8336181640625,
        1572.2227783203125,
        1577.5013427734375,
        1166.821044921875,
        1912.062255859375,
        1029.5611572265625,
        1236.68798828125,
        1309.191650390625,
        1686.521728515625,
        971.9144287109375,
        950.8466796875,
        1441.4234619140625,
        1126.225341796875,
        1230.853759765625,
        1875.250244140625,
        1455.1986083984375,
        1570.5809326171875,
        1773.87451171875,
        1451.82275390625,
        729.380859375
    ],
    "fits": {
        "encoding_drift_rate": [
            0.5647317442481383,
            0.8407222704828441,
            0.6630654422972696,
            0.9043942416140733,
            0.4479600474415115,
            0.6437151539277335,
            0.7628746953282445,
            0.873484276866712,
            0.711505992317302,
            0.7171944860247472,
            0.6536930774095813,
            0.7015451294562954,
            0.7753642550924122,
            0.5757436938553444,
            0.567290789468814,
            0.8089404956091784,
            0.5735419353489607,
            0.7409843904356359,
            0.7683491802089479,
            0.6291078842042503,
            0.7625241392405943,
            0.8171395226523881,
            0.643263440379094,
            0.8202671509702952,
            0.6594804831235974,
            0.6543049107687406,
            0.7438850813111205,
            0.8552096464590602,
            0.9401991520368415,
            0.6940072759180752,
            0.535668108296756,
            0.5778752014502553,
            0.725842110496917,
            0.6302599506017716,
            0.7853615575265671
        ],
        "start_drift_rate": [
            0.6415522291985161,
            0.29499873213163463,
            0.4479975105386878,
            0.00537410898465801,
            0.9392611697837727,
            0.21418548979940044,
            0.3769890899419242,
            0.22025646827269352,
            0.0905170714101286,
            0.6108704664678515,
            0.5404255460354589,
            0.8236657991266847,
            0.20912695495006484,
            0.4366651622265374,
            0.45689483148507654,
            0.7195890322910011,
            0.8878632870350918,
            0.9963190052494364,
            0.9316943896240806,
            0.5278819860145036,
            0.6077040146253916,
            0.8144940191459036,
            0.3617644236825106,
            0.20439682264227532,
            0.06124271117786617,
            0.7177117202746193,
            0.12860662509857002,
            0.01647435823093718,
            0.015305495234620936,
            0.3564546108359288,
            0.6908039189914145,
            0.6244718802610212,
            0.7120691116818108,
            0.9425081218758428,
            0.2263647609795566
        ],
        "recall_drift_rate": [
            0.8799393299960283,
            0.9498629140619955,
            0.9269005768236326,
            0.9656364602599845,
            0.8751119980271982,
            0.9856600193404202,
            0.9327200987814486,
            0.9136257080062591,
            0.9651265224601598,
            0.9071617591467163,
            0.8463994591589228,
            0.9317920426840117,
            0.9339166894994608,
            0.9146091831865337,
            0.8316973042466491,
            0.9457704176381487,
            0.9015281897866272,
            0.9217965925786473,
            0.8936760343893386,
            0.8951635816081942,
            0.9830126891136144,
            0.9782949213872016,
            0.9994681761559236,
            0.9482200515964615,
            0.9234062315129106,
            0.9619069721054312,
            0.9511929686343626,
            0.7720975333752405,
            0.9442091453717346,
            0.8554883731390823,
            0.9855099132372303,
            0.9247669681829234,
            0.9677297531871293,
            0.9077810010777607,
            0.9659807453199293
        ],
        "shared_support": [
            2.276976796405883,
            0.8878174778405281,
            10.481366448476628,
            0.00784613889377539,
            8.720745524361064,
            3.877767018427022,
            11.800815240313021,
            14.321021329370822,
            0.07655719379187076,
            12.97512742522352,
            1.8267531026088335,
            6.885925792708029,
            11.513304108407205,
            5.804292102028796,
            13.066124486308183,
            7.56755307811509,
            9.12780908335997,
            0.13659006364189707,
            59.78174859530877,
            9.462249583797941,
            15.154780758132482,
            9.422171496401411,
            22.216266616732394,
            0.10364501090688805,
            0.0012076118961086518,
            14.892220003565654,
            2.7886723315135242,
            9.05572659689878,
            0.022971618798891313,
            8.09142775056656,
            21.00539068232017,
            2.0816494866495816,
            14.546625837677176,
            0.3127583553518605,
            0.11194704846494119
        ],
        "item_support": [
            2.437604246039257,
            5.210998555337767,
            11.381158617117734,
            0.13690724563187473,
            10.205681889548167,
            4.648934817235563,
            12.230958970728025,
            14.482729768357814,
            0.18177559255696707,
            13.049723778388469,
            1.9054590211169895,
            7.3503884765134515,
            11.938721095722677,
            6.163660905882942,
            13.284887100994467,
            22.477584847922817,
            10.00132192062437,
            1.7030424466748926,
            81.8950129976896,
            9.921671342632763,
            15.484751040511199,
            9.785611142560903,
            22.24772542922855,
            0.16963385713715695,
            0.9886667186826728,
            15.886813424236323,
            0.4682214368837663,
            8.823069905520676,
            0.6632871500764494,
            8.581110671035553,
            22.07604522054554,
            2.4281661504195853,
            15.80779574149156,
            1.9145497891306533,
            0.09376916296879045
        ],