{
    "fixed": {
        "allow_repeated_recalls": 0.0,
        "learn_after_context_update": 0.0,
        "mfc_sensitivity": 1.0
    },
    "free": {
        "encoding_drift_rate": [
            2.220446049250313e-16,
            0.9999999999999998
        ],
        "start_drift_rate": [
            2.220446049250313e-16,
            0.9999999999999998
        ],
        "recall_drift_rate": [
            2.220446049250313e-16,
            0.9999999999999998
        ],
        "shared_support": [
            2.220446049250313e-16,
            100.0
        ],
        "item_support": [
            2.220446049250313e-16,
            100.0
        ],
        "learning_rate": [
            2.220446049250313e-16,
            0.9999999999999998
        ],
        "primacy_scale": [
            2.220446049250313e-16,
            100.0
        ],
        "primacy_decay": [
            2.220446049250313e-16,
            100.0
        ],
        "choice_sensitivity": [
            2.220446049250313e-16,
            100.0
        ],
        "mcf_first_pres_reinforcement": [
            2.220446049250313e-16,
            100.0
        ],
        "mfc_first_pres_reinforcement": [
            2.220446049250313e-16,
            100.0
        ]
    },
    "fitness": [
        1723.052734375,
        1267.636474609375,
        1983.4217529296875,
        939.62451171875,
        1903.5582275390625,
        1940.7684326171875,
        865.1490478515625,
        1816.8531494140625,
        1355.2037353515625,
        2342.409912109375,
        1706.2989501953125,
        1998.6422119140625,
        2599.84375,
        1490.3055419921875,
        1802.54052734375,
        1560.7850341796875,
        1577.46044921875,
        1575.947265625,
        1174.4149169921875,
        1913.17138671875,
        1022.578857421875,
        1239.516845703125,
        1312.308837890625,
        1685.894287109375,
        971.2161865234375,
        945.306396484375,
        1439.4444580078125,
        1125.5877685546875,
        1236.89501953125,
        1862.5946044921875,
        1438.827392578125,
        1568.526611328125,
        1773.9127197265625,
        1449.9149169921875,
        740.5338134765625
    ],
    "fits": {
        "encoding_drift_rate": [
            0.6421627159903771,
            0.8399198353451145,
            0.7477746666072544,
            0.8163471733287175,
            0.47292985539305626,
            0.7093865338422016,
            0.9129868900724469,
            0.9147627177409947,
            0.6927910435839745,
            0.668910123444432,
            0.6920691937505958,
            0.7348285416683421,
            0.7673786315539357,
            0.6596072894383225,
            0.6719097211953027,
            0.8188113133417647,
            0.6412597812041236,
            0.724574020376711,
            0.6477746383830729,
            0.6416160354978584,
            0.8645033326314311,
            0.7114982020894991,
            0.7701660629999394,
            0.8312851263194294,
            0.6618889547164192,
            0.7600795879314296,
            0.7180404277635758,
            0.7036902871499565,
            0.748504079753136,
            0.6634586014830887,
            0.8648170803550821,
            0.6316840213913042,
            0.749873506570963,
            0.7316768084088607,
            0.6322250096334572
        ],
        "start_drift_rate": [
            0.7095919417123917,
            0.30937933207274204,
            0.06289710301395096,
            0.09362276469218334,
            0.950002678736554,
            0.10941528575157328,
            0.20120168989115672,
            0.24413547663097657,
            0.10686554002531529,
            0.6141039480156469,
            0.583483152558342,
            0.821928082673014,
            0.07908697901114875,
            0.5153406667656251,
            0.6030138376290269,
            0.4749675957230006,
            0.9203311756200729,
            0.9710345320458337,
            0.7125979226359713,
            0.5883600011018726,
            0.3035197825998043,
            0.808141868209288,
            0.3024810390692899,
            0.24870999765056,
            0.051874386947770135,
            0.5743275917550889,
            0.19583237671518783,
            0.06020690261114603,
            0.011450872143512147,
            0.33406499199074646,
            0.2569050255148524,
            0.6155252506358446,
            0.6445285486809584,
            0.8335351801351685,
            0.2786552620006652
        ],
        "recall_drift_rate": [
            0.8793665780774707,
            0.9420517720885389,
            0.8862453611456287,
            0.905953711529373,
            0.8429581999765619,
            0.9899559727262375,
            0.9463448314648385,
            0.9121744208980629,
            0.9291897786987,
            0.9641740786631213,
            0.8414981330731661,
            0.9126172903278655,
            0.8522503269087192,
            0.9513704696211154,
            0.8487403322450189,
            0.9446310872053465,
            0.8858102548731894,
            0.9465311719687799,
            0.7125667354101235,
            0.8389943582559891,
            0.9875911074172841,
            0.9498891578088272,
            0.9436031382353891,
            0.9543151891553255,
            0.911691703297407,
            0.9739665394092037,
            0.9448354890686858,
            0.7853626590139461,
            0.8590470685651548,
            0.8131290531119055,
            0.8996227816555611,
            0.9224184517651814,
            0.9845675528554831,
            0.9284774402594791,
            0.7803259212866341
        ],
        "shared_support": [
            35.53485522306249,
            2.48371292544509,
            0.05091884817299075,
            0.051148510323277115,
            46.03396956492472,
            0.12532543398190654,
            0.022605514422055672,
            7.923725285664745,
            0.17730404607999617,
            13.056299498504828,
            19.440017139509774,
            12.381698548133642,
            10.728697726162338,
            9.962473145226404,
            10.222390942043177,
            4.539303368263404,
            27.08147908319668,
            4.083425410402008,
            11.598530513668713,
            12.416763442883735,
            0.05183366992822869,
            12.94717003738183,
            3.4744162174950546,
            0.11667466783499236,
            0.000495167868903774,
            0.07358465088877608,
            5.437207982766246,
            50.028988822357114,
            6.804105208448583,
            4.899092651578414,
            0.21965737842036503,
            19.447454929611425,
            0.2962868781533601,
            3.1235446631841555,
            7.022317796644664
        ],