{
    "fixed": {
        "allow_repeated_recalls": 0.0,
        "learn_after_context_update": 0.0,
        "mfc_sensitivity": 1.0,
        "mfc_first_pres_reinforcement": 0.0,
        "mcf_first_pres_reinforcement": 0.0
    },
    "free": {
        "encoding_drift_rate": [
            2.220446049250313e-16,
            0.9999999999999998
        ],
        "start_drift_rate": [
            2.220446049250313e-16,
            0.9999999999999998
        ],
        "recall_drift_rate": [
            2.220446049250313e-16,
            0.9999999999999998
        ],
        "shared_support": [
            2.220446049250313e-16,
            100.0
        ],
        "item_support": [
            2.220446049250313e-16,
            100.0
        ],
        "learning_rate": [
            2.220446049250313e-16,
            0.9999999999999998
        ],
        "primacy_scale": [
            2.220446049250313e-16,
            100.0
        ],
        "primacy_decay": [
            2.220446049250313e-16,
            100.0
        ],
        "choice_sensitivity": [
            2.220446049250313e-16,
            100.0
        ],
        "first_pres_reinforcement": [
            2.220446049250313e-16,
            100.0
        ]
    },
    "fitness": [
        1722.063232421875,
        1269.860107421875,
        1993.0257568359375,
        938.5089721679688,
        1901.05859375,
        1946.8369140625,
        864.859130859375,
        1818.245361328125,
        1365.721923828125,
        2341.6025390625,
        1709.2677001953125,
        2003.0086669921875,
        2604.617431640625,
        1502.3140869140625,
        1804.4102783203125,
        1561.54736328125,
        1579.7137451171875,
        1577.6947021484375,
        1176.634033203125,
        1907.7288818359375,
        1030.7177734375,
        1239.53662109375,
        1312.2833251953125,
        1700.927001953125,
        972.1337890625,
        951.12109375,
        1440.7515869140625,
        1125.3013916015625,
        1236.9921875,
        1881.8365478515625,
        1439.968994140625,
        1569.35693359375,
        1780.14697265625,
        1450.968017578125,
        732.5865478515625
    ],
    "fits": {
        "encoding_drift_rate": [
            0.6345924927876625,
            0.802438784230928,
            0.7229411713724327,
            0.8490133077929434,
            0.4821733127438156,
            0.7181700161975202,
            0.8948151425505262,
            0.8542172106910033,
            0.60988334893519,
            0.7269166789269693,
            0.6521745572289483,
            0.645554720055937,
            0.7942901413422225,
            0.5977350393802623,
            0.6663168850329555,
            0.7406803436154028,
            0.6288977846777127,
            0.7496704380207179,
            0.7071261138735502,
            0.8014599946235684,
            0.7048933278484613,
            0.7604989818271318,
            0.6039907213934599,
            0.7296041087330292,
            0.6332230560715009,
            0.6177055026023379,
            0.7514662156522145,
            0.6445363328481108,
            0.7341322170970852,
            0.6766685745481605,
            0.767145979972931,
            0.6812244037137186,
            0.6801378642334777,
            0.7018447971107293,
            0.8716761646932571
        ],
        "start_drift_rate": [
            0.6783181205638156,
            0.34023606713342436,
            0.16092465654929616,
            0.0505291294917094,
            0.9345639879436154,
            0.036292320497135544,
            0.17765800487459676,
            0.21230800222507729,
            0.2802172872151515,
            0.6009341469747349,
            0.6664186246858671,
            0.5905521992761128,
            0.28995455160726136,
            0.7364882157611305,
            0.6957323517499748,
            0.33932359263731665,
            0.890876772417053,
            0.9964114230104661,
            0.9447390219639384,
            0.45951691922330035,
            0.565967593877771,
            0.814205819963352,
            0.2709867146309033,
            0.39896838436769627,
            0.14171611017438618,
            0.7375648993875249,
            0.12984005389215897,
            0.013043014681718812,
            0.017907063803685713,
            0.4279848146214398,
            0.42871833689392946,
            0.47567812147232313,
            0.724645033190063,
            0.8312793920655352,
            0.43086184208927525
        ],
        "recall_drift_rate": [
            0.8875152474138115,
            0.9180367292017866,
            0.8956661269133819,
            0.9272660167803319,
            0.8221179564819796,
            0.994265827869421,
            0.9548596803521351,
            0.8980162793127822,
            0.9346362990410462,
            0.9052566015745056,
            0.8349546154781571,
            0.9249508048970829,
            0.8528450551957458,
            0.9308770434811959,
            0.8475713113357213,
            0.9397361790642158,
            0.8912861636074272,
            0.9567777689309874,
            0.8666593524306849,
            0.8570798514959217,
            0.9767437536896312,
            0.9626869944351059,
            0.6441311856113772,
            0.9127124370605304,
            0.8916366761358876,
            0.9833934660865935,
            0.9592432421548628,
            0.820568927765408,
            0.8743013182152868,
            0.8377429010695618,
            0.8254557570875305,
            0.9312036399612846,
            0.9835488198574248,
            0.9171670893424401,
            0.9465559624042215
        ],
        "shared_support": [
            28.379713380838567,
            2.810047999996698,
            0.12013941266023664,
            0.026072550127562127,
            0.20392698667154618,
            9.481508840672092,
            0.02829085059558878,
            5.601413501867327,
            7.8756175764979375,
            87.02913727972981,
            63.36598335044553,
            9.883991774636883,
            81.37992675566241,
            82.95237361931035,
            60.8640878288648,
            0.2590469877100787,
            34.99295429346263,
            0.04738269360038316,
            30.548848583766237,
            3.204228144033536,
            14.166365341957096,
            17.666985073651738,
            8.140613693493442,
            8.981391859943983,
            0.0013213668694519402,
            13.524569878586064,
            2.5759418396676423,
            8.51825792636565,
            7.889658235662758,
            68.40963651037396,
            0.6599151627333057,
            10.276539314009902,
            5.50497274097232,
            11.595170508891002,
            3.602761497913008
        ],
        "item_support": [
            5.098606165825856,
            1.1053010695589904,
            0.157709690869126,
            0.06474325021897442,
            0.09728366903028274,
            20.043952090845274,
            0.08606885962348798,
            5.500143237879044,
            8.249797005556466,
            85.74881940937716,
            63.0130729259879,
            9.959174183655222,
            83.27610786362158,
            87.28659159002706,
            57.38637993157971,
            0.03734660074200491,
            35.229310045501435,
            0.17569534800168896,
            32.97907385475763,
            12.951024209905945,
            14.557968935238122,
            18.164377710769507,
            7.28043746035236,
            9.082336176252994,
            1.0853896585327405,
            14.857273160126425,
            0.6354966285901611,
            8.282999594503835,
            7.734370778938306,
            80.87633524016299,
            0.054475336404699704,
            0.498693857102964,
            7.140190390855253,
            60.02168063807912,
            7.430554662534014
        ],