{
    "fixed": {
        "allow_repeated_recalls": 0.0,
        "learn_after_context_update": 0.0
    },
    "free": {
        "encoding_drift_rate": [
            2.220446049250313e-16,
            0.9999999999999998
        ],
        "start_drift_rate": [
            2.220446049250313e-16,
            0.9999999999999998
        ],
        "recall_drift_rate": [
            2.220446049250313e-16,
            0.9999999999999998
        ],
        "shared_support": [
            2.220446049250313e-16,
            100.0
        ],
        "item_support": [
            2.220446049250313e-16,
            100.0
        ],
        "learning_rate": [
            2.220446049250313e-16,
            0.9999999999999998
        ],
        "primacy_scale": [
            2.220446049250313e-16,
            100.0
        ],
        "primacy_decay": [
            2.220446049250313e-16,
            100.0
        ],
        "choice_sensitivity": [
            2.220446049250313e-16,
            100.0
        ],
        "mfc_sensitivity": [
            2.220446049250313e-16,
            100.0
        ]
    },
    "fitness": [
        1727.0511474609375,
        1272.876953125,
        2006.7880859375,
        943.5018310546875,
        1930.6812744140625,
        1949.0858154296875,
        866.0780029296875,
        1815.8077392578125,
        1350.90185546875,
        2347.7578125,
        1698.3857421875,
        2004.8587646484375,
        2605.281005859375,
        1492.9764404296875,
        1801.3543701171875,
        1566.970947265625,
        1580.1697998046875,
        1586.788818359375,
        1172.21923828125,
        1914.73388671875,
        1023.6406860351562,
        1236.64697265625,
        1312.465087890625,
        1686.6580810546875,
        973.78466796875,
        945.2010498046875,
        1460.244873046875,
        1127.807861328125,
        1236.243896484375,
        1871.99853515625,
        1438.9501953125,
        1572.489990234375,
        1765.687255859375,
        1454.28955078125,
        732.3553466796875
    ],
    "fits": {
        "encoding_drift_rate": [
            0.6323543661062452,
            0.777843596585999,
            0.7104960489218588,
            0.9439129545239986,
            0.4655548490974274,
            0.6694516166738378,
            0.8802153550243892,
            0.9334990071741478,
            0.7271167943686798,
            0.6624714843395013,
            0.6544449144924442,
            0.6183755535395017,
            0.7735619302056783,
            0.5372656185322513,
            0.5573401049954781,
            0.8504935549833172,
            0.6447973212832603,
            0.6411342738918404,
            0.48589759626730866,
            0.611379521323353,
            0.836312479465944,
            0.8374353593797277,
            0.6027664303424437,
            0.8380726129495546,
            0.4059032891688952,
            0.7677206873381331,
            0.6242399283484645,
            0.665323564282163,
            0.741868376381136,
            0.6892465290892272,
            0.821683742160592,
            0.5439870907101361,
            0.7427995513993727,
            0.5087344611703685,
            0.872347113149055
        ],
        "start_drift_rate": [
            0.7194825280553181,
            0.4608220850211394,
            0.3898263414636297,
            0.20898706642648485,
            0.7599179830246378,
            0.08008838965946863,
            0.3212765395236944,
            0.4866194144951793,
            0.04661406728789619,
            0.5113866539793991,
            0.477419821783488,
            0.8344569184197375,
            0.5309466546557794,
            0.4289129661965647,
            0.5794108525366731,
            0.41805744862052235,
            0.9215277530943022,
            0.9519502868574151,
            0.8797242601564952,
            0.6957555610257017,
            0.41048324265035746,
            0.6930860192557241,
            0.3491769108291611,
            0.36135402670553773,
            0.9551386323642995,
            0.5453419008575098,
            0.24969321879900302,
            0.000334139742161621,
            0.054770601603376434,
            0.2517310730940165,
            0.3176475381113971,
            0.7751113601456954,
            0.644397371101767,
            0.9169744495466614,
            0.4389870515961948
        ],
        "recall_drift_rate": [
            0.8725560343013743,
            0.964326075386413,
            0.9175928764710601,
            0.9941901563679604,
            0.7376682219517429,
            0.9926440230354431,
            0.9340663221211143,
            0.9134026142120615,
            0.972028784362437,
            0.9417850678877362,
            0.8461980593676848,
            0.9513288703313412,
            0.8710490941054609,
            0.9600858211372365,
            0.9439380129098893,
            0.9506392048768817,
            0.9068221873284077,
            0.9642403445113553,
            0.9136386702627095,
            0.9060240527429535,
            0.9882268306547892,
            0.9370646500915315,
            0.8840474441332002,
            0.951699493583675,
            0.9228459125202269,
            0.9870435249926663,
            0.9604261027229951,
            0.8318497027937595,
            0.9612619463853117,
            0.816964393473091,
            0.9226850902932762,
            0.9529679393358063,
            0.976701577455599,
            0.9830081971261945,
            0.9754618970661636
        ],
        "shared_support": [
            20.872223579217962,
            3.1326455795442527,
            19.75247964941601,
            0.13885603128746027,
            8.966246278849148,
            22.039804297591974,
            0.03304873595395463,
            6.284855479787247,
            0.046093853488102354,
            14.399441537248869,
            0.7196218508229109,
            15.109534184715187,
            29.687476165872877,
            7.447524453946684,
            10.161588820974728,
            1.3696382017507034,
            29.802172591550963,
            8.32778056912025,
            16.796694036917934,
            11.362136743808982,
            0.06130647637571229,
            18.629861735686248,
            3.679683842487222,
            0.09130122911341942,
            0.2859268582407992,
            0.049352636093253466,
            0.24907150869774597,
            8.746595328755483,
            43.748478844044925,
            0.6797626807836821,
            0.4703285626223561,
            2.2337894852054347,
            0.2741320979482893,
            6.688815173435444,
            1.902050081951657
        ],
        "item_support": [
            5.67534066040151,
            25.064507668254937,
            45.56342920062528,
            75.04384075573982,
            3.7304128738291453,
            67.78873184653696,
            0.15980349693494134,
            8.165795876733448,
            0.14420263267233935,
            14.545342437163683,
            0.6074402698041581,
            15.841652914049284,
            72.92123576680726,
            7.634939099414964,
            10.43298916369909,
            0.3256904324159251,
            46.538955971088086,
            25.245549186301886,
            18.133896807820864,
            11.951309064933525,
            0.05809382001603325,
            22.917168070265515,
            3.106628994605501,
            0.035290551132710846,
            12.879622377567621,
            0.246461465719662,
            0.03790464148935513,
            8.713488450398039,
            47.82772492133029,
            0.718924959643239,
            0.5870737261901695,
            3.083797254650392,
            1.5024526869167119,
            8.730843445037458,
            11.041588531503521
        ],