{
    "fixed": {
        "allow_repeated_recalls": 0.0,
        "learn_after_context_update": 0.0,
        "mfc_sensitivity": 1.0,
        "mcf_first_pres_reinforcement": 0.0
    },
    "free": {
        "encoding_drift_rate": [
            2.220446049250313e-16,
            0.9999999999999998
        ],
        "start_drift_rate": [
            2.220446049250313e-16,
            0.9999999999999998
        ],
        "recall_drift_rate": [
            2.220446049250313e-16,
            0.9999999999999998
        ],
        "shared_support": [
            2.220446049250313e-16,
            100.0
        ],
        "item_support": [
            2.220446049250313e-16,
            100.0
        ],
        "learning_rate": [
            2.220446049250313e-16,
            0.9999999999999998
        ],
        "primacy_scale": [
            2.220446049250313e-16,
            100.0
        ],
        "primacy_decay": [
            2.220446049250313e-16,
            100.0
        ],
        "choice_sensitivity": [
            2.220446049250313e-16,
            100.0
        ],
        "mfc_first_pres_reinforcement": [
            2.220446049250313e-16,
            100.0
        ]
    },
    "fitness": [
        1722.885986328125,
        1264.718505859375,
        2006.7493896484375,
        945.1934814453125,
        1904.24755859375,
        1952.6055908203125,
        864.7891845703125,
        1820.9876708984375,
        1362.1549072265625,
        2341.774169921875,
        1707.010498046875,
        1998.2564697265625,
        2599.27880859375,
        1482.372802734375,
        1803.2684326171875,
        1561.9044189453125,
        1579.0892333984375,
        1598.595703125,
        1172.888427734375,
        1906.7373046875,
        1022.732177734375,
        1239.4951171875,
        1312.196533203125,
        1688.376708984375,
        970.9884033203125,
        951.2342529296875,
        1440.9212646484375,
        1126.0338134765625,
        1234.318115234375,
        1875.251220703125,
        1460.537353515625,
        1568.1861572265625,
        1780.8709716796875,
        1449.64599609375,
        733.7767333984375
    ],
    "fits": {
        "encoding_drift_rate": [
            0.6295363071778246,
            0.7635225841404063,
            0.6438744638192586,
            0.9064462777045863,
            0.4100887808354736,
            0.5767369605313275,
            0.9254752966301654,
            0.8557685500608789,
            0.7505047376767301,
            0.7086818762337583,
            0.6850144953364335,
            0.7306402237834796,
            0.7320198744295399,
            0.634147098254823,
            0.6960361294653316,
            0.763542066485622,
            0.5381200362599415,
            0.5474655941274483,
            0.6777415076579014,
            0.8242568058355415,
            0.8464034525026611,
            0.7308413993550996,
            0.6677277194409669,
            0.8851018427919781,
            0.6927764840796442,
            0.5922624363259678,
            0.7489705413100379,
            0.643399826933448,
            0.7746319161612959,
            0.7008403602893711,
            0.5199846607638561,
            0.6734113813628262,
            0.6733698076355636,
            0.7558870288289476,
            0.668241389685317
        ],
        "start_drift_rate": [
            0.6744685631771161,
            0.270196992717083,
            0.2965526886232419,
            0.111894520330865,
            0.9414664564697593,
            0.3007889276849236,
            0.2566432128356252,
            0.2382108382349185,
            0.13210430579654325,
            0.547441572549203,
            0.5878418249493607,
            0.8723974293055994,
            0.1094498077981852,
            0.33058653991086495,
            0.689593805777852,
            0.5168611962950925,
            0.8801695710439725,
            0.9430869865928689,
            0.8363874937560574,
            0.4005041265309134,
            0.4245263195663409,
            0.7520598741067849,
            0.2501239206226636,
            0.3508892754767879,
            0.039679339351887555,
            0.7633624927148412,
            0.1134212338979424,
            0.05310609496133556,
            0.010266436035247795,
            0.2871017185211806,
            0.8475450210866249,
            0.5689866607899333,
            0.7495378800640325,
            0.6994419923740136,
            0.2630706057574172
        ],
        "recall_drift_rate": [
            0.8729290753404089,
            0.9049711415143147,
            0.8427684435856466,
            0.9616484540619155,
            0.8479927588833309,
            0.9946884851369826,
            0.9710344403908698,
            0.8823604415246111,
            0.9643835416604609,
            0.9296815365759008,
            0.8166941386691906,
            0.9360634659626959,
            0.9016424173905335,
            0.9344678526957775,
            0.8734025809470025,
            0.911834460834376,
            0.8878668435927979,
            0.9944136865777525,
            0.9290469050084194,
            0.8996193074689445,
            0.9643381437251269,
            0.945263386561192,
            0.8755052736632856,
            0.934516798212083,
            0.9129750531633067,
            0.9654083431460956,
            0.9525011806465032,
            0.8175864717600276,
            0.9042300194493209,
            0.8578294947731535,
            0.9924777480393019,
            0.9452323204735277,
            0.9844153244962911,
            0.8836580615692524,
            0.9498731446694697
        ],
        "shared_support": [
            20.11232219800921,
            0.07374161646191933,
            7.863263085428137,
            0.7322143032509203,
            4.734281756768638,
            2.405556987237624,
            0.005937121550772417,
            12.278082131365153,
            6.002791297087562,
            12.098006138824225,
            35.07822516193154,
            6.305839136520042,
            1.2469349498499938,
            0.4613336499516265,
            27.514964794010545,
            6.747337463382358,
            7.759644894757876,
            10.726815893871738,
            13.177898475954123,
            1.3795819412774577,
            5.581890815239696,
            13.198079281048145,
            16.542842674416534,
            4.075554477640331,
            1.4550775763305405e-08,
            12.643053613311025,
            1.9402996758191904,
            6.290401256778402,
            0.31900706429076564,
            0.5441533380900836,
            14.413179120754208,
            5.810247548040465,
            10.15859470385854,
            4.56258068092022,
            10.774137329060395
        ],
        "item_support": [
            3.721114619941517,
            0.04559483038811152,
            8.4542384763906,
            0.7937717989390691,
            6.792354308356266,
            3.6704223852581777,
            0.030444093777205694,
            12.33983949111932,
            9.074546415060667,
            12.225913618019,
            10.893561422039468,
            15.404479877280053,
            1.1582981340760696,
            0.19703893054948907,
            19.301259204425232,
            1.4666390910376776,
            8.776412324301617,
            12.690498220838784,
            13.329569272579562,
            0.7614195820175098,
            4.312288530268674,
            13.484808764434575,
            16.100580749941024,
            0.8710244044777795,
            0.02104164016546406,
            13.921795249630605,
            0.019649791988804566,
            5.988963640206265,
            0.17802048899599043,
            0.8257980740280928,
            15.714399316361202,
            7.438325401229612,
            11.680946955240529,
            9.74700070228765,
            10.896198841184855
        ],