{
    "fixed": {
        "allow_repeated_recalls": 1.0,
        "learn_after_context_update": 0.0,
        "mfc_sensitivity": 1.0
    },
    "free": {
        "encoding_drift_rate": [
            2.220446049250313e-16,
            0.9999999999999998
        ],
        "start_drift_rate": [
            2.220446049250313e-16,
            0.9999999999999998
        ],
        "recall_drift_rate": [
            2.220446049250313e-16,
            0.9999999999999998
        ],
        "shared_support": [
            2.220446049250313e-16,
            100.0
        ],
        "item_support": [
            2.220446049250313e-16,
            100.0
        ],
        "learning_rate": [
            2.220446049250313e-16,
            0.9999999999999998
        ],
        "primacy_scale": [
            2.220446049250313e-16,
            100.0
        ],
        "primacy_decay": [
            2.220446049250313e-16,
            100.0
        ],
        "choice_sensitivity": [
            2.220446049250313e-16,
            100.0
        ],
        "blend_weight": [
            2.220446049250313e-16,
            0.9999999999999998
        ]
    },
    "fitness": [
        415.1181640625,
        271.251220703125,
        352.0565185546875,
        345.74462890625,
        496.2691955566406,
        318.42144775390625,
        515.6776733398438,
        552.0865478515625,
        451.26409912109375,
        732.781494140625,
        352.5248718261719,
        659.5025024414062,
        210.134033203125,
        401.0263671875,
        444.8909912109375,
        352.190185546875,
        704.3079833984375,
        414.7682800292969,
        282.0057678222656,
        407.7773132324219,
        644.2972412109375,
        525.6610107421875,
        421.0853271484375,
        392.33660888671875
    ],
    "fits": {
        "encoding_drift_rate": [
            0.4215879889817756,
            0.5274385449860868,
            0.5077169021688962,
            0.6495394412244238,
            0.5217269799801447,
            0.9019797356897569,
            0.5152022712188291,
            0.486210614492388,
            0.7851449417336311,
            0.49056843031561564,
            0.3101390156340367,
            0.3071544624101367,
            0.848573697216515,
            0.35042566286225313,
            0.3903559225180604,
            0.4552981776835685,
            0.4237015408247977,
            0.5539835210824395,
            0.5819338938432601,
            0.42350928885735795,
            0.6964699051381383,
            0.7065855123906893,
            0.8574653008649811,
            0.7183987432200548
        ],
        "start_drift_rate": [
            0.4563728766317348,
            0.2601707212820589,
            0.022747922620387884,
            0.5425221146501272,
            0.33635117093361167,
            0.7617915579130478,
            0.8117301507026705,
            0.013876018612630714,
            0.5494667388654021,
            0.4211863348911227,
            0.09987182738897121,
            0.3999345522936091,
            0.5034023961637966,
            0.410836928950097,
            0.026678279434347862,
            0.25269368245539886,
            0.25259362512277506,
            0.28101835654679547,
            0.574626285972234,
            0.0051119668954388575,
            0.7655274073481625,
            0.8010274169964335,
            0.7027977091188107,
            0.5675285566585079
        ],
        "recall_drift_rate": [
            0.8195120678355905,
            0.2526944551421836,
            0.8011030562554913,
            0.6602608608324472,
            0.23565811128898012,
            0.7897321545596263,
            0.490970242526749,
            0.7724150898726252,
            0.5578826513590895,
            0.6329298250126771,
            0.8123128337142399,
            0.4299228954008294,
            0.5628891777702384,
            0.43686294742073883,
            0.8786916413383945,
            0.6689832860010316,
            0.6632230106611076,
            0.5554238397421518,
            0.5316245459379402,
            0.8186421704047295,
            0.7711469588560379,
            0.662750873234013,
            0.7003607558602282,
            0.6589675256484179
        ],
        "shared_support": [
            82.54457672495101,
            80.36601736014708,
            1.2172487692245535,
            6.231682659601425,
            65.253790866656,
            83.88191494105556,
            86.4170271490742,
            5.310849175778287,
            5.120743600251515,
            6.5586693306627595,
            8.182880194406764,
            43.49331615098959,
            5.555807932542308,
            92.68233562577568,
            19.24631997902474,
            47.01752184251996,
            99.76181074123372,
            5.4753543965897435,
            51.25125952365443,
            1.2038331752456841,
            94.845571536101,
            57.90760994449767,
            8.035349788045174,
            37.13245489508057
        ],
        "item_support": [
            72.93211889056636,
            0.18472362657917785,
            0.24702427495743962,
            5.211970899600594,
            8.010040402558353,
            66.47928101820962,
            52.40052058554,
            4.780255821810911,
            4.258768138477741,
            5.309594434485383,
            5.889264476567249,
            17.137093955489412,
            4.039996984198574,
            4.907222957713515,
            14.086419431896402,
            34.106796409986856,
            89.32280431467777,
            3.5221692484957217,
            24.634917641145282,
            0.13823238381061742,
            87.89982863683358,
            50.20378435439057,
            7.089661982671885,
            32.065469710805885
        ],
        "learning_rate": [
            0.00054834282730356,
            0.5752491850011234,
            0.006416547813237591,
            0.2538100307637839,
            0.5964753224205839,
            0.001331307020043821,
            0.5692523865349152,
            0.0017523715256345226,
            0.21807341188620533,
            0.5137568288272295,
            0.004812882480542402,
            0.695091773866604,
            0.16081192577011066,
            0.6550549134677071,
            0.0001592137802059468,
            2.220446049250313e-16,
            0.001133063150863256,
            0.46634154169815256,
            0.48543457882828295,
            0.0006257484106473776,
            0.11788920245553808,
            0.11986603602063652,
            0.03584759391831895,
            0.00937524879585961
        ],
        "primacy_scale": [
            70.30629625520348,
            8.503579560078286,
            6.4057764358236255,
            1.0373261125481008,
            0.05100118518803498,
            13.204839653510234,
            28.855765835327414,
            4.07519374760475,
            0.1562332805610822,
            1.1396503567661753,
            31.998298151254133,
            12.476627322776501,
            0.0009362784070034991,
            58.26215320347434,
            78.79581894597453,
            58.953345060885454,
            45.46586751923358,
            1.443497528787745,
            19.397393083109687,
            10.221130091742268,
            25.737774595221573,
            11.179217714662336,
            0.0033623961415401027,
            9.891006862427403
        ],