{
    "fixed": {
        "allow_repeated_recalls": 1.0,
        "learn_after_context_update": 0.0
    },
    "free": {
        "encoding_drift_rate": [
            2.220446049250313e-16,
            0.9999999999999998
        ],
        "start_drift_rate": [
            2.220446049250313e-16,
            0.9999999999999998
        ],
        "recall_drift_rate": [
            2.220446049250313e-16,
            0.9999999999999998
        ],
        "shared_support": [
            2.220446049250313e-16,
            100.0
        ],
        "item_support": [
            2.220446049250313e-16,
            100.0
        ],
        "learning_rate": [
            2.220446049250313e-16,
            0.9999999999999998
        ],
        "primacy_scale": [
            2.220446049250313e-16,
            100.0
        ],
        "primacy_decay": [
            2.220446049250313e-16,
            100.0
        ],
        "choice_sensitivity": [
            2.220446049250313e-16,
            100.0
        ]
    },
    "fitness": [
        468.4997863769531,
        346.58660888671875,
        404.2326965332031,
        371.746337890625,
        503.164306640625,
        338.12469482421875,
        554.5741577148438,
        602.7337646484375,
        497.67010498046875,
        769.157958984375,
        411.96405029296875,
        679.05078125,
        254.81707763671875,
        425.6268615722656,
        499.0228271484375,
        405.7167663574219,
        748.494873046875,
        470.9429626464844,
        308.3525695800781,
        470.08929443359375,
        684.9866943359375,
        553.1318359375,
        451.3495788574219,
        426.55279541015625
    ],
    "fits": {
        "encoding_drift_rate": [
            0.8598391124135902,
            0.8158441477937801,
            0.8623012605919624,
            0.8652914644502626,
            0.8506779811568961,
            0.8536323201992251,
            0.8873960716600415,
            0.8127798474533394,
            0.8331486318361505,
            0.834147261792906,
            0.8545213555988973,
            0.8207323740976786,
            0.8449883956613864,
            0.8572089179443174,
            0.8468627372494011,
            0.827305199636837,
            0.7750514554030076,
            0.8451022431185287,
            0.865415027434004,
            0.837093083417375,
            0.8573634138358806,
            0.8463581003327336,
            0.8412549366089412,
            0.8627365749877465
        ],
        "start_drift_rate": [
            0.838242719839942,
            0.7495595453471672,
            0.8585759262103908,
            0.8291587085706758,
            0.7620109761199146,
            0.8227347132315341,
            0.8322300537607916,
            0.8507520001155913,
            0.7640193415071533,
            0.6234552702372567,
            0.8406785252798892,
            0.8669288159807771,
            0.7276441421025224,
            0.728653994187693,
            0.7902097687633262,
            0.7812159877010101,
            0.7887871929588511,
            0.7764463652477002,
            0.8094320127043408,
            0.8207722748981292,
            0.8408647948281782,
            0.8871696138542822,
            0.7591678449109964,
            0.8177165382109404
        ],
        "recall_drift_rate": [
            0.7015591568373415,
            0.6761374414364445,
            0.7195985159398439,
            0.7198692318895484,
            0.8007204553005961,
            0.7660919985263032,
            0.7645491419516814,
            0.7573002926044184,
            0.7349050662338255,
            0.8149701495560828,
            0.7437822461335439,
            0.785210016236291,
            0.7379309933827283,
            0.7714310096574303,
            0.7995197864123135,
            0.6787797762568409,
            0.7072577393077664,
            0.7614009991395134,
            0.7147846607118353,
            0.7862191783770104,
            0.7904193296673879,
            0.6864404807346597,
            0.7647906128007352,
            0.6557311390286573
        ],
        "shared_support": [
            3.9259156147309113,
            93.1422397824353,
            0.8440855922502735,
            2.070495252872462,
            13.129744533805507,
            90.46772060849014,
            12.071355202789704,
            96.92470653924397,
            82.25368647931575,
            14.92483487796428,
            84.97590109532817,
            54.18211677173635,
            12.943884169489003,
            1.4551283105064954,
            99.00696423116766,
            40.0066952896923,
            87.52691376474766,
            72.57687010513912,
            91.08492089010684,
            40.1736233288647,
            12.651627723407223,
            91.83007442200086,
            72.87598944418569,
            8.512250491909938
        ],
        "item_support": [
            3.024226761173317,
            63.05865205120442,
            0.012275395472996347,
            1.2200364096850222,
            1.8491009402705743,
            76.90845697806537,
            11.377177899605599,
            60.39361476253649,
            33.71781442603213,
            13.863372232342677,
            47.08481504253111,
            1.958847567996699,
            0.30185153235566275,
            0.27832528085843933,
            51.405974327199175,
            13.227426918950243,
            47.138852655800356,
            33.35567068879022,
            74.31901963590082,
            0.9335235634967276,
            12.030003303304703,
            71.8137245453816,
            59.53291209038368,
            7.552706569128581
        ],
        "learning_rate": [
            0.0030493603464990127,
            0.00014915685267274936,
            0.0003220361279914763,
            0.0023444639075631546,
            0.0022257283381919013,
            0.0022256501771857305,
            0.0058196753154059425,
            6.044355104168826e-07,
            0.12205939037552288,
            0.02701219480098192,
            0.0010889370480566818,
            0.0007885255394352381,
            0.0015452831325665863,
            0.0010167607363063547,
            2.220446049250313e-16,
            0.001839219906630496,
            0.0023148748206255343,
            0.004455343445375071,
            2.220446049250313e-16,
            9.975460076346126e-05,
            0.0012762169836910875,
            0.0034445670947883126,
            0.0025073779671076967,
            0.0008406822845285068
        ],
        "primacy_scale": [
            0.001840500916969745,
            33.77540339332713,
            0.0009359821139938163,
            0.021517644526603874,
            16.303136552083295,
            16.38593875338922,
            0.036021534160077806,
            51.394124737981606,
            56.84710677088024,
            1.0914992971543143,
            54.43474789536652,
            89.55499439056175,
            16.98006769977225,
            0.9649516143669956,
            82.09733283036647,
            29.378015208167252,
            49.7574006067654,
            52.36508882490928,
            17.73636552006962,
            68.2311290868684,
            0.09692345018962101,
            19.464812824144893,
            17.966185815514088,
            0.0006869512237099855
        ],