{
    "fixed": {
        "allow_repeated_recalls": 1.0,
        "learn_after_context_update": 0.0,
        "mfc_sensitivity": 1.0,
        "mcf_first_pres_reinforcement": 0.0
    },
    "free": {
        "encoding_drift_rate": [
            2.220446049250313e-16,
            0.9999999999999998
        ],
        "start_drift_rate": [
            2.220446049250313e-16,
            0.9999999999999998
        ],
        "recall_drift_rate": [
            2.220446049250313e-16,
            0.9999999999999998
        ],
        "shared_support": [
            2.220446049250313e-16,
            100.0
        ],
        "item_support": [
            2.220446049250313e-16,
            100.0
        ],
        "learning_rate": [
            2.220446049250313e-16,
            0.9999999999999998
        ],
        "primacy_scale": [
            2.220446049250313e-16,
            100.0
        ],
        "primacy_decay": [
            2.220446049250313e-16,
            100.0
        ],
        "choice_sensitivity": [
            2.220446049250313e-16,
            100.0
        ],
        "mfc_first_pres_reinforcement": [
            2.220446049250313e-16,
            100.0
        ]
    },
    "fitness": [
        421.18939208984375,
        272.0526123046875,
        355.1844482421875,
        343.4373779296875,
        465.4361877441406,
        316.8088684082031,
        510.1234436035156,
        569.423095703125,
        441.9309997558594,
        737.5880126953125,
        352.5921936035156,
        614.4263916015625,
        206.73739624023438,
        396.9620056152344,
        444.4839782714844,
        360.4667053222656,
        702.87158203125,
        414.55413818359375,
        278.20123291015625,
        403.55133056640625,
        645.772216796875,
        527.0257568359375,
        409.68255615234375,
        390.9674987792969
    ],
    "fits": {
        "encoding_drift_rate": [
            0.6309163076456015,
            0.5077928444729999,
            0.42498889340275037,
            0.7437000724250997,
            0.8205176749306728,
            0.8515256628366943,
            0.5419196662875546,
            0.397737770155559,
            0.591427383723288,
            0.4327384118822968,
            0.3084365299141967,
            0.42585080354087046,
            0.48024572584519865,
            0.32286968337136734,
            0.44664123565814196,
            0.7750144185594927,
            0.4078162955767154,
            0.5274529599948795,
            0.5939549688951474,
            0.44052316297750854,
            0.85027638618052,
            0.7961643912197501,
            0.4655584129590863,
            0.743680510350387
        ],
        "start_drift_rate": [
            0.8121615148772142,
            0.14737045091529638,
            0.17387966503209307,
            0.7593349544065888,
            0.628941507895016,
            0.5529598491165,
            0.8246503200514741,
            0.597628473870957,
            0.4435853774561056,
            0.42140629532160595,
            0.14486570140032695,
            0.014397018870896894,
            0.3616970197617716,
            0.3432721536132799,
            0.02637096136434483,
            0.6514544285977979,
            0.1769498994355186,
            0.29035047483573917,
            0.5759792626297163,
            0.003737613559425257,
            0.6990045822656595,
            0.8469089205210885,
            0.3582904188681432,
            0.5750341339200377
        ],
        "recall_drift_rate": [
            0.6096625817380932,
            0.26418593091863796,
            0.8428948304698236,
            0.7298847309366092,
            0.7171007592888684,
            0.808829346899993,
            0.5051917867937002,
            0.512405940098503,
            0.6921651414696489,
            0.6094082659165799,
            0.8317115709161524,
            0.8408247005810929,
            0.4817280700312245,
            0.47145649844625664,
            0.8408773464773043,
            0.42996235355753076,
            0.6878342415220841,
            0.5837652388221095,
            0.5206679056981116,
            0.8302859590277385,
            0.7261179021888088,
            0.6176746008045069,
            0.8316866255507931,
            0.71743065786961
        ],
        "shared_support": [
            92.61490784256944,
            87.43700518713385,
            14.546540075050686,
            84.46198256649484,
            6.836153653025676,
            11.167683930608682,
            66.75441318676422,
            3.0691382001044474,
            6.958877037188209,
            68.34786244210869,
            18.694411229947917,
            1.1377533530484456,
            60.37413697863016,
            87.93075983321076,
            6.03242760092121,
            4.588787395134084,
            83.52776022485202,
            5.159616426846384,
            60.24062947748682,
            1.1062507923391625,
            10.334088006525626,
            7.175831403456847,
            69.72418164619559,
            7.3219217470315385
        ],
        "item_support": [
            44.18038147666719,
            0.6639614660121111,
            7.9857834051356775,
            68.66933309669588,
            5.912634150800599,
            9.77757141454677,
            49.53745614319858,
            2.2961890639669775,
            6.284935369623689,
            47.61249420933244,
            12.751767692272495,
            0.43948709036156686,
            3.4444895416646517,
            27.62652851624294,
            5.147110078259928,
            3.2597692208239253,
            75.64087358323789,
            3.541688748098828,
            32.670828189546086,
            0.04128012204594711,
            9.41601167849867,
            6.2602200506734675,
            54.49033873238811,
            4.662938641121372
        ],
        "learning_rate": [
            0.2765135944852814,
            0.5812001763237734,
            0.002930976953480713,
            0.13530611315048066,
            0.09005388961274535,
            0.005366691179018931,
            0.548951668921772,
            0.48712720966810824,
            0.061321598056040795,
            0.6419625088251898,
            0.004672538229521739,
            0.0028362133682529045,
            0.4921847815438215,
            0.6871666195224413,
            0.004771972842576821,
            0.17232284993770405,
            0.00026995943333161534,
            0.4677750777728987,
            0.49424417715962743,
            2.220446049250313e-16,
            0.2658757591355277,
            0.08809650528185896,
            0.000623549457849419,
            0.002687139717324268
        ],
        "primacy_scale": [
            70.34058762154203,
            13.188321175057574,
            47.249412644026776,
            22.37225631574251,
            0.039467472710121854,
            1.0652646250187772,
            16.176865166417834,
            0.7448965173271205,
            1.9714465938884942,
            14.354100715823101,
            94.11331302572532,
            6.8550646475210115,
            64.9477041493895,
            40.55006443006127,
            9.978320113038258,
            0.0014605548455506323,
            33.52873973951115,
            1.338838784826045,
            19.367939034207005,
            9.915767137937214,
            0.13611494018764603,
            0.01316850226679378,
            99.58181725284798,
            5.0941855559694345
        ],