{
    "fixed": {
        "allow_repeated_recalls": 1.0,
        "learn_after_context_update": 0.0,
        "mfc_sensitivity": 1.0,
        "mcf_first_pres_reinforcement": 0.0
    },
    "free": {
        "encoding_drift_rate": [
            2.220446049250313e-16,
            0.9999999999999998
        ],
        "start_drift_rate": [
            2.220446049250313e-16,
            0.9999999999999998
        ],
        "recall_drift_rate": [
            2.220446049250313e-16,
            0.9999999999999998
        ],
        "shared_support": [
            2.220446049250313e-16,
            100.0
        ],
        "item_support": [
            2.220446049250313e-16,
            100.0
        ],
        "learning_rate": [
            2.220446049250313e-16,
            0.9999999999999998
        ],
        "primacy_scale": [
            2.220446049250313e-16,
            100.0
        ],
        "primacy_decay": [
            2.220446049250313e-16,
            100.0
        ],
        "choice_sensitivity": [
            2.220446049250313e-16,
            100.0
        ],
        "mfc_first_pres_reinforcement": [
            2.220446049250313e-16,
            100.0
        ]
    },
    "fitness": [
        2611.96728515625,
        2737.45458984375,
        2405.1796875,
        3090.6708984375,
        2390.4462890625,
        4706.07958984375,
        2518.70703125,
        3500.885986328125,
        4477.16357421875,
        2095.044189453125,
        755.710205078125,
        3207.435791015625,
        4436.44873046875,
        2626.08349609375,
        3711.82568359375,
        3357.447265625,
        2144.99755859375,
        2781.256591796875,
        966.33447265625
    ],
    "fits": {
        "encoding_drift_rate": [
            0.9682530847026526,
            0.9087120519488223,
            0.895913134248024,
            0.8902902518855833,
            0.890131591681715,
            0.826998215690858,
            0.7993416356485566,
            0.8323993401405909,
            0.9487703180051297,
            0.8824742782038024,
            0.9360393796514904,
            0.8403779046464337,
            0.9297276767051854,
            0.9204696916843571,
            0.9700815990448902,
            0.9597657847985448,
            0.8141267374033909,
            0.8843873268280529,
            0.902257983157654
        ],
        "start_drift_rate": [
            0.506668226060874,
            0.45282060586040684,
            0.6197623103102832,
            0.46198422193313343,
            0.684603844532436,
            0.5676664744616091,
            0.6393310544697774,
            0.5785820390195624,
            0.6411261955347298,
            0.6461293465883899,
            0.49060695739350074,
            0.8071337975815234,
            0.531947729126098,
            0.38655793832153695,
            0.2828921089037963,
            0.5454800239064793,
            0.5417949946138724,
            0.6290142917303942,
            0.7038086515066148
        ],
        "recall_drift_rate": [
            0.9162381550791181,
            0.7481546934608028,
            0.7969315814765712,
            0.8573120398110716,
            0.7257240243600063,
            0.7064205846848434,
            0.6896205955444519,
            0.7186561104575431,
            0.9645569436273127,
            0.828175668257092,
            0.7960558003425618,
            0.7692479394463778,
            0.8289682177659814,
            0.7432778665124257,
            0.9066021984730042,
            0.9052469954838012,
            0.7697479914987111,
            0.6903930276439064,
            0.8212550732003558
        ],
        "shared_support": [
            98.7098026317959,
            7.791762009757747,
            90.72665461279377,
            9.170220271244304,
            89.01944419857173,
            8.332693994247187,
            96.30441633271533,
            6.7913066635406665,
            4.57063660325678,
            91.06993391205508,
            8.055113905276663,
            9.052834305078747,
            9.582895609779143,
            8.040223301962222,
            42.01385210693477,
            99.01340275572599,
            6.6835648551241675,
            94.16716423028791,
            6.199592938390786
        ],
        "item_support": [
            80.17404773799663,
            6.669345472252303,
            72.39039208756768,
            8.299693936294851,
            73.3319334091452,
            7.242170783141759,
            82.8042030933587,
            5.775466606908658,
            4.351713746345169,
            77.37740938386398,
            7.398749548836697,
            8.158074195880303,
            8.675343385749862,
            6.904975358765455,
            20.33294112590209,
            73.13184896015915,
            6.008340328283424,
            78.62849356803477,
            5.081135397415551
        ],
        "learning_rate": [
            0.056247084366369715,
            0.09830982885947293,
            0.04183263812773893,
            0.23124668817439364,
            0.21378895282717095,
            0.31614837065244206,
            0.06687122611346774,
            0.12556816378957597,
            0.35381352510456715,
            0.11332150188040563,
            0.08809172918031997,
            0.144011373914501,
            0.3337083438341346,
            0.1709877818201318,
            0.16958167677163255,
            0.035883177900275565,
            0.11915764273820267,
            0.18627304636019842,
            0.10696138119331496
        ],
        "primacy_scale": [
            20.760988073068244,
            0.31717870725208996,
            15.077636279286686,
            0.32792919195420467,
            12.4709835760505,
            0.284661791252816,
            13.435875441125958,
            0.35400606116075295,
            0.03839554233185538,
            19.569931673827533,
            0.3314190605494787,
            0.02878554109376097,
            0.26311933597046533,
            0.6218172214137141,
            21.391446009910965,
            24.499204140660257,
            0.37109909954142495,
            13.262347996734121,
            0.208252497595943
        ],
        "primacy_decay": [
            6.784167389639606e-06,
            77.18825592721,
            0.00035647451545238283,
            2.679985484871011,
            0.00030120805624019503,
            49.19059012242716,
            0.007792534912262283,
            68.18469777890274,
            99.36186079222891,
            0.047592035114014664,
            61.32153861002172,
            82.85539528053339,
            70.43437276588803,
            34.72061495407803,
            4.815380509241659e-06,
            8.702923800285589e-06,
            79.40363678020897,
            0.0002565659970355174,
            48.66000395717989
        ],
        "choice_sensitivity": [
            31.993247493833817,
            92.20720854424704,
            60.56468170358478,
            79.99278249875132,
            81.68385213702979,
            94.00976293461667,
            98.18430521401146,
            78.64792923769981,
            35.11463423964432,
            51.88491736899403,
            95.1082144373676,
            91.02185635631727,
            89.30159954044618,
            99.46171191788038,
            13.184727677662906,
            25.84184604216787,
            91.33067453462499,
            87.52118791534124,
            67.58131932866903
        ],