{
    "fixed": {
        "allow_repeated_recalls": 1.0,
        "learn_after_context_update": 0.0
    },
    "free": {
        "encoding_drift_rate": [
            2.220446049250313e-16,
            0.9999999999999998
        ],
        "start_drift_rate": [
            2.220446049250313e-16,
            0.9999999999999998
        ],
        "recall_drift_rate": [
            2.220446049250313e-16,
            0.9999999999999998
        ],
        "shared_support": [
            2.220446049250313e-16,
            100.0
        ],
        "item_support": [
            2.220446049250313e-16,
            100.0
        ],
        "learning_rate": [
            2.220446049250313e-16,
            0.9999999999999998
        ],
        "primacy_scale": [
            2.220446049250313e-16,
            100.0
        ],
        "primacy_decay": [
            2.220446049250313e-16,
            100.0
        ],
        "choice_sensitivity": [
            2.220446049250313e-16,
            100.0
        ]
    },
    "fitness": [
        464.3760070800781,
        349.70965576171875,
        394.0193176269531,
        370.744140625,
        503.26263427734375,
        340.1632080078125,
        554.4201049804688,
        606.569091796875,
        494.73773193359375,
        768.5826416015625,
        407.4226989746094,
        675.7619018554688,
        254.7775115966797,
        426.7499084472656,
        499.2749328613281,
        405.8428039550781,
        756.2327880859375,
        470.8483581542969,
        308.5847473144531,
        469.92816162109375,
        680.1267700195312,
        553.8926391601562,
        451.3289489746094,
        424.2587585449219
    ],
    "fits": {
        "encoding_drift_rate": [
            0.8310547422794532,
            0.8385665485386402,
            0.812849801549028,
            0.8533864297559133,
            0.845930228307934,
            0.8810087020917441,
            0.8944002097429478,
            0.8376249123656088,
            0.8209705531703095,
            0.842420671546416,
            0.8380782027139781,
            0.7708539992594449,
            0.8384978487682283,
            0.8525944324298842,
            0.8510250049919961,
            0.8185961657234659,
            0.8166183575076,
            0.84531406364317,
            0.8662415233141842,
            0.8422978948433852,
            0.8473832550638873,
            0.8460324348256723,
            0.8460935255539468,
            0.8451566367413474
        ],
        "start_drift_rate": [
            0.7857385350342853,
            0.7943029138276176,
            0.7621027807586094,
            0.8277227941355614,
            0.7367942395278415,
            0.856258014376845,
            0.8222346332532571,
            0.8649116020850445,
            0.6073624034851022,
            0.6371176829548573,
            0.6520606296608764,
            0.558605028077575,
            0.7256613828736458,
            0.8272000020468222,
            0.7765498633241483,
            0.7905835029995566,
            0.8649105991109862,
            0.7774830361312864,
            0.8278224058312662,
            0.8385469777934822,
            0.8173802310738509,
            0.894667860452866,
            0.7613661419803378,
            0.8058692793148828
        ],
        "recall_drift_rate": [
            0.7616447707649053,
            0.6244886327580244,
            0.821065015745194,
            0.7258881411715475,
            0.7833244960758748,
            0.7248124581124893,
            0.772539187418768,
            0.6728224226852866,
            0.7278642533450836,
            0.8392862282080034,
            0.7433041127057997,
            0.7718642270551195,
            0.7403306416348328,
            0.7656746995270426,
            0.8106533980581185,
            0.6766279454760992,
            0.5944943154644255,
            0.7504599808798599,
            0.6917051643971184,
            0.7644088857608642,
            0.8341646599993982,
            0.6781620210702648,
            0.7699893163159396,
            0.6991211932197995
        ],
        "shared_support": [
            78.22205469778046,
            7.286810146626024,
            15.403886780803958,
            60.34655383928763,
            64.2978244035386,
            4.506965766547005,
            11.61637001702313,
            3.4950572531748634,
            6.823064233574847,
            17.721235999893928,
            6.941824851780829,
            12.88585961654941,
            65.30491352274757,
            31.446444657975114,
            41.65114823959985,
            87.29549646824796,
            2.4088770042192778,
            91.65766065923927,
            91.86954212652773,
            65.16243646900533,
            88.57194677036443,
            81.62251467026611,
            72.92436434304585,
            93.7451797203745
        ],
        "item_support": [
            60.68468843927158,
            6.255462680231723,
            0.0036122530953974774,
            11.972689632609601,
            15.60241144541883,
            3.5626291867148296,
            10.91403238336921,
            2.547331787994544,
            5.721049412021763,
            16.75944949002134,
            5.975369739263684,
            11.6900755160638,
            3.0633321078634523,
            0.6276732002260843,
            23.534418381129196,
            39.71105620475854,
            1.164741645677303,
            50.347523351886345,
            54.42520133667051,
            1.9613288503810153,
            80.78002959321452,
            51.71400795965152,
            58.00436500329866,
            57.10261871613931
        ],
        "learning_rate": [
            0.010271100508229,
            0.003151546536995497,
            0.0007246190203803732,
            0.0007475638916593086,
            0.006742034858818968,
            0.0015298231315626354,
            2.220446049250313e-16,
            0.0024803107631499286,
            0.14577923192916992,
            0.0029249987061384375,
            0.0003239342025958202,
            2.220446049250313e-16,
            0.0055402605699675644,
            0.0007211912577927415,
            7.744130792099664e-06,
            0.0009011826144825928,
            0.022275729827056626,
            0.012962602105766939,
            6.49703333563576e-05,
            0.00016882859613352096,
            2.220446049250313e-16,
            0.010552574039302869,
            2.220446049250313e-16,
            0.011179348920586585
        ],
        "primacy_scale": [
            22.790485151099936,
            0.004137190902234522,
            28.7457252060575,
            58.314207094222596,
            67.40056893486891,
            0.012820936452982323,
            0.06034004727597164,
            0.0039917544999283905,
            0.4622089508893765,
            1.1199446259928862,
            0.8301304277918744,
            1.7054413141677784,
            87.51651286144006,
            43.552399033677226,
            33.124644158663116,
            52.95743235419652,
            2.9359802475426022e-05,
            53.06156617756558,
            38.5244941175818,
            97.87447026011546,
            15.409597298231226,
            28.645023524054015,
            20.89063017644547,
            42.981596513184975
        ],