{
    "fixed": {
        "allow_repeated_recalls": 1.0,
        "learn_after_context_update": 0.0,
        "mfc_sensitivity": 1.0,
        "mfc_first_pres_reinforcement": 0.0,
        "mcf_first_pres_reinforcement": 0.0
    },
    "free": {
        "encoding_drift_rate": [
            2.220446049250313e-16,
            0.9999999999999998
        ],
        "start_drift_rate": [
            2.220446049250313e-16,
            0.9999999999999998
        ],
        "recall_drift_rate": [
            2.220446049250313e-16,
            0.9999999999999998
        ],
        "shared_support": [
            2.220446049250313e-16,
            100.0
        ],
        "item_support": [
            2.220446049250313e-16,
            100.0
        ],
        "learning_rate": [
            2.220446049250313e-16,
            0.9999999999999998
        ],
        "primacy_scale": [
            2.220446049250313e-16,
            100.0
        ],
        "primacy_decay": [
            2.220446049250313e-16,
            100.0
        ],
        "choice_sensitivity": [
            2.220446049250313e-16,
            100.0
        ],
        "first_pres_reinforcement": [
            2.220446049250313e-16,
            100.0
        ]
    },
    "fitness": [
        2597.542724609375,
        2740.76318359375,
        2401.599609375,
        3102.53857421875,
        2394.31689453125,
        4710.34326171875,
        2520.178466796875,
        3509.156005859375,
        4485.76025390625,
        2101.278076171875,
        758.5895385742188,
        3212.426025390625,
        4452.1044921875,
        2639.774169921875,
        3706.58154296875,
        3356.757568359375,
        2160.255859375,
        2791.1357421875,
        967.4872436523438
    ],
    "fits": {
        "encoding_drift_rate": [
            0.9471366974126063,
            0.9063051388260227,
            0.8789720639355965,
            0.8942632056780582,
            0.8951343494955836,
            0.8263409689095591,
            0.7895494846757966,
            0.8266127650639163,
            0.9541530709544932,
            0.8868787059259908,
            0.933858669946098,
            0.8614128980197768,
            0.9472940605213352,
            0.9145978511515094,
            0.9655547710568649,
            0.9731329066664017,
            0.8280840257978475,
            0.888060373116226,
            0.9040683856237441
        ],
        "start_drift_rate": [
            0.16413419504461318,
            0.5941206962145925,
            0.41966099943086993,
            0.5746815347450716,
            0.664108738308293,
            0.6105030185702975,
            0.6483010005374663,
            0.74031244834158,
            0.5750119807202237,
            0.6513465773685283,
            0.6055192678879887,
            0.812656943800675,
            0.6419032914774523,
            0.5583681860558547,
            0.12104417002072282,
            0.5394604459455626,
            0.7186533334968791,
            0.6569605550975585,
            0.7890830535480624
        ],
        "recall_drift_rate": [
            0.9342578331079603,
            0.7712424978693069,
            0.7795899980959438,
            0.8634333618140764,
            0.7166849726677632,
            0.737420353181913,
            0.7061354740605276,
            0.7645505486346418,
            0.9717370771544026,
            0.8139779997492536,
            0.83671622765297,
            0.8105389714256944,
            0.8604752150628043,
            0.7506025837466087,
            0.9011686881904974,
            0.91827474696314,
            0.7980297879969064,
            0.7110636109062725,
            0.8379126565521913
        ],
        "shared_support": [
            14.92290085790465,
            97.98714573715364,
            6.79972466868611,
            92.59650774196605,
            94.93670288509253,
            9.008001907461328,
            90.02844356013404,
            94.55756811109158,
            14.120463768641976,
            97.28655967797265,
            90.29151529223918,
            92.9138617763188,
            82.59225762333426,
            97.19392474740977,
            14.081799180112966,
            97.2548591379171,
            65.26357852458557,
            94.61052004840124,
            82.50135791527839
        ],
        "item_support": [
            14.15230510866806,
            81.0210269414587,
            5.654102769567679,
            63.5587213868144,
            70.57516957704817,
            7.967724281143717,
            73.78420789734159,
            79.68250150045799,
            13.909782170667349,
            69.99260156977508,
            76.81151687679215,
            68.91004513325778,
            58.10910486096592,
            72.45030263977243,
            13.145667843481114,
            59.64684940708129,
            51.16986362552064,
            58.70155348708701,
            71.04239710465617
        ],
        "learning_rate": [
            0.0002511959791182683,
            0.03545624603445788,
            0.07833485993454276,
            0.19973830421672178,
            0.24866435413564475,
            0.29225225062675775,
            0.05983272352411101,
            0.07625105641391039,
            0.31354009644185554,
            0.1398337361464546,
            0.02979526933758192,
            0.11689434974891885,
            0.30477349351270333,
            0.1454504587204202,
            0.1440369877406597,
            0.04879302119621487,
            0.04398541490918766,
            0.20627800451402212,
            0.05162718938912015
        ],
        "primacy_scale": [
            2.9646876412650087,
            16.377064522315834,
            0.5475453926742659,
            37.98315749819604,
            18.151543543678418,
            0.2184851241914174,
            17.919891641788702,
            15.780453561329935,
            0.2925227851608838,
            35.79428955127203,
            23.56001850193186,
            28.066269101572534,
            30.318166621872756,
            21.593088086286784,
            1.5363998307658946,
            29.31634395817513,
            22.630345121609935,
            34.52757161388146,
            11.048562277517675
        ],
        "primacy_decay": [
            2.315803762662746,
            0.008099704191950406,
            2.4938983216805184,
            2.220446049250313e-16,
            0.001767560984716331,
            6.385766075498658,
            0.01451376335329968,
            0.006809024886535179,
            33.90139072971332,
            0.04363285756686963,
            0.028712906687772488,
            0.0005809241457345033,
            7.042711221316722e-05,
            0.002631360869263921,
            51.6191653593203,
            0.000537840320219314,
            0.001065810435065914,
            0.0005421730724961549,
            0.0029625460323741697
        ],
        "choice_sensitivity": [
            94.81734764464935,
            64.20715763276223,
            78.47999000902199,
            22.38355578833219,
            63.5045998785588,
            96.40397182674465,
            73.21622132129018,
            61.416739886619624,
            97.2444477698462,
            32.64358011052646,
            44.40971267023002,
            30.964675300120366,
            24.38930223251229,
            53.540791774802585,
            89.80992448675943,
            20.848030780243636,
            34.79063248612047,
            36.31472912662156,
            71.81799253882085
        ],