{
    "fixed": {
        "allow_repeated_recalls": 1.0,
        "learn_after_context_update": 0.0
    },
    "free": {
        "encoding_drift_rate": [
            2.220446049250313e-16,
            0.9999999999999998
        ],
        "start_drift_rate": [
            2.220446049250313e-16,
            0.9999999999999998
        ],
        "recall_drift_rate": [
            2.220446049250313e-16,
            0.9999999999999998
        ],
        "shared_support": [
            2.220446049250313e-16,
            100.0
        ],
        "item_support": [
            2.220446049250313e-16,
            100.0
        ],
        "learning_rate": [
            2.220446049250313e-16,
            0.9999999999999998
        ],
        "primacy_scale": [
            2.220446049250313e-16,
            100.0
        ],
        "primacy_decay": [
            2.220446049250313e-16,
            100.0
        ],
        "choice_sensitivity": [
            2.220446049250313e-16,
            100.0
        ]
    },
    "fitness": [
        539.9992065429688,
        443.0832214355469,
        441.9627380371094,
        453.18402099609375,
        562.697998046875,
        419.5265808105469,
        1407.451904296875,
        696.9384765625,
        572.8401489257812,
        825.3909301757812,
        510.9352722167969,
        760.3289184570312,
        334.72906494140625,
        521.9147338867188,
        565.300537109375,
        527.1024169921875,
        862.00341796875,
        560.55712890625,
        407.1924743652344,
        550.9815063476562,
        751.3794555664062,
        1358.0892333984375,
        534.3104248046875,
        542.6012573242188
    ],
    "fits": {
        "encoding_drift_rate": [
            0.8772600224018161,
            0.8874056510844437,
            0.8654834353311238,
            0.9177791230471508,
            0.927315102328619,
            0.9879475320031867,
            3.110648055693055e-05,
            0.8715808214250274,
            0.9046464129136613,
            0.9282263985642074,
            0.9428864088901275,
            0.863531790667659,
            0.915782100961338,
            0.9560619566303522,
            0.941631909151622,
            0.9082857338136845,
            0.8756556456602294,
            0.9369580149150591,
            0.9726167450922716,
            0.9128693517569273,
            0.9569174190257748,
            5.380646839758807e-05,
            0.9197481180465994,
            0.9290172596987689
        ],
        "start_drift_rate": [
            0.9966356787785897,
            0.9998739324797974,
            0.977144377573836,
            0.9964570504995167,
            0.9261414713834646,
            0.9437180429448709,
            0.11724137776363602,
            0.9980362605710298,
            0.865938983022065,
            0.9370126127395184,
            0.9995729420621222,
            0.9963574346679479,
            0.9976310572910643,
            0.9967846850064872,
            0.993893287400207,
            0.9997865760872013,
            0.9976345178232409,
            0.9530650570286388,
            0.9487651717895623,
            0.9956698611483995,
            0.8933487003883727,
            0.29642962634967096,
            0.9981116180096289,
            0.9985482105219212
        ],
        "recall_drift_rate": [
            0.9699801040176937,
            0.934042814183667,
            0.9839844561971398,
            0.9692945865768009,
            0.9764354052927908,
            0.9982654199222295,
            0.560259986185998,
            0.959223720718384,
            0.9532268988176692,
            0.9874199207681688,
            0.9492499661717256,
            0.955384561068015,
            0.9455421478123618,
            0.9786230686440787,
            0.9785369219030531,
            0.9498498123960288,
            0.9431393260235167,
            0.9665951870393172,
            0.9817412215507011,
            0.9633632307538638,
            0.9893662888836487,
            0.5263583286241671,
            0.9676849160728284,
            0.9558392024213117
        ],
        "shared_support": [
            5.0142291300562505,
            4.429702450104877,
            1.915325674823741,
            6.3153086010371595,
            4.7158283480418035,
            3.836635727469769,
            95.94566791641313,
            4.483654923196376,
            3.697683437999899,
            3.5709189393248764,
            8.176819673750366,
            7.140289307594287,
            4.429975416316118,
            7.038468034280626,
            5.2967396716732225,
            7.041769843258969,
            11.634284192169666,
            7.021557866017297,
            6.298362376628745,
            8.008748802185536,
            3.7104093491785264,
            98.23480899105937,
            8.834348162817761,
            8.443780472446882
        ],
        "item_support": [
            0.053579855716265,
            0.010371672453345582,
            0.0016616216539659945,
            0.030988423102179752,
            0.021624124070612538,
            0.008960436891477741,
            0.2693694169843255,
            0.044088212962165585,
            0.006380663295018962,
            0.0738287338821948,
            0.009914982963678654,
            0.011643353377351673,
            0.011281017537676519,
            0.04186893158650662,
            0.008298739316657588,
            0.01158612092559963,
            0.04684343556441206,
            0.0015055707739151103,
            0.022217753398109608,
            0.025936462831815277,
            0.006951155473920778,
            0.0586354565308298,
            0.0347960655007995,
            0.03366837639354969
        ],
        "learning_rate": [
            0.0008945794785525929,
            0.0002197681684562025,
            2.779651154238838e-05,
            6.560600957711271e-05,
            1.4379378445728008e-06,
            0.0003540056756869969,
            0.07744435810362865,
            0.002208429804408385,
            0.0017808188250867385,
            0.03222589878830906,
            0.00039682087875231423,
            0.0006561825984572334,
            2.821394307245262e-05,
            0.00041333408320731735,
            0.001132760810222122,
            1.1378861058841672e-05,
            0.00021138003735976518,
            0.0012023505073563423,
            0.00037512106842990667,
            0.0005727868160211314,
            0.06218492521125974,
            0.004674601005069334,
            0.00013590378841693562,
            0.00027389018581325253
        ],
        "primacy_scale": [
            88.0732977571661,
            90.81838576242382,
            57.467098941296,
            91.98230975508694,
            55.455849675806625,
            80.57577908373227,
            9.32718707668311,
            77.57060877809766,
            46.40453951778702,
            74.68280903206562,
            82.0737120376846,
            91.99581491826832,
            62.6189479727688,
            85.9576182915199,
            67.48632955694929,
            79.04630668552088,
            89.60046988670092,
            64.40570426504135,
            75.16682823054154,
            98.7588542341258,
            85.7620400402995,
            14.694774015712355,
            96.03902738021361,
            82.32661656301156
        ],