{
    "fixed": {
        "allow_repeated_recalls": 1.0,
        "learn_after_context_update": 0.0
    },
    "free": {
        "encoding_drift_rate": [
            2.220446049250313e-16,
            0.9999999999999998
        ],
        "start_drift_rate": [
            2.220446049250313e-16,
            0.9999999999999998
        ],
        "recall_drift_rate": [
            2.220446049250313e-16,
            0.9999999999999998
        ],
        "shared_support": [
            2.220446049250313e-16,
            100.0
        ],
        "item_support": [
            2.220446049250313e-16,
            100.0
        ],
        "learning_rate": [
            2.220446049250313e-16,
            0.9999999999999998
        ],
        "primacy_scale": [
            2.220446049250313e-16,
            100.0
        ],
        "primacy_decay": [
            2.220446049250313e-16,
            100.0
        ],
        "choice_sensitivity": [
            2.220446049250313e-16,
            100.0
        ]
    },
    "fitness": [
        2700.227783203125,
        2862.68896484375,
        2522.4189453125,
        3150.03271484375,
        2490.7392578125,
        4859.66796875,
        2598.104248046875,
        3590.965576171875,
        4665.2001953125,
        2154.57275390625,
        786.0033569335938,
        3294.01416015625,
        4606.73046875,
        2727.879150390625,
        3774.30908203125,
        3463.30908203125,
        2213.550537109375,
        2879.619873046875,
        1029.2119140625
    ],
    "fits": {
        "encoding_drift_rate": [
            0.9511434000835548,
            0.8844830184246442,
            0.872301537505715,
            0.840129371567973,
            0.8601309113301185,
            0.842428369934392,
            0.8264777506270234,
            0.8393506733673819,
            0.9637350847965526,
            0.8591701585114953,
            0.91024820903654,
            0.8221362445981737,
            0.9306498076366851,
            0.8955605142114971,
            0.9453005036585533,
            0.9391907823007987,
            0.8334242683323261,
            0.8769081659759317,
            0.8768986621585209
        ],
        "start_drift_rate": [
            0.5006421988428794,
            0.557736890018038,
            0.657324024460664,
            0.33118761149307674,
            0.7370207121833957,
            0.7314657116777603,
            0.6335976686292262,
            0.7446055882707685,
            0.7101501827872893,
            0.6785791424475327,
            0.604521405043158,
            0.8147619191470974,
            0.6943458832835938,
            0.477970138237194,
            0.10659169667838403,
            0.21088494373577799,
            0.6503605479313266,
            0.6788783196844058,
            0.8002886872809177
        ],
        "recall_drift_rate": [
            0.8970369671654785,
            0.7473976939267841,
            0.7921594201416915,
            0.8564644416122679,
            0.7989496134224986,
            0.78145747233191,
            0.7170063935094106,
            0.7707695262262082,
            0.9891898353708395,
            0.8513991101352048,
            0.8215348893747203,
            0.7769121211047199,
            0.8514913886933742,
            0.7554794028526409,
            0.877667148476005,
            0.9055326442557083,
            0.806585092506233,
            0.7392989424917649,
            0.817368853072659
        ],
        "shared_support": [
            50.69865916298376,
            8.384492944992182,
            84.47382398530729,
            10.627349017650225,
            93.12408205293914,
            9.658139316954319,
            84.94857102378273,
            90.84307143408034,
            89.26233805296066,
            69.85988185640434,
            88.92772384399561,
            8.402792172454802,
            12.302044715457697,
            7.854489161363517,
            13.822995343760525,
            11.784845368678795,
            8.547299259572064,
            8.087519817125091,
            93.17967074694184
        ],
        "item_support": [
            37.51084988425416,
            7.563452648925335,
            61.82274902078849,
            10.059215672168875,
            85.41875505056265,
            8.940441755611687,
            68.57230811831002,
            66.75553518092003,
            92.69951956063791,
            62.68503319662119,
            80.42425022139795,
            7.794401171403756,
            11.744455475186385,
            7.070750633608249,
            13.05346333533366,
            11.118482404453665,
            7.9726978799440715,
            7.360079737067323,
            73.6595669668036
        ],
        "learning_rate": [
            0.03219460360408177,
            0.004478006969266329,
            2.220446049250313e-16,
            0.040765614628025054,
            2.220446049250313e-16,
            0.13192180582998625,
            0.01283379702995324,
            0.013840707109010308,
            0.15472508701599907,
            0.0020378069471547445,
            0.0011233980437644541,
            0.051340817510295324,
            0.09809314301656796,
            0.006692924932987634,
            0.11261082510085246,
            0.02883633657892592,
            0.003148136928188272,
            0.0035835433711529177,
            0.001135092522091207
        ],
        "primacy_scale": [
            21.8091058286066,
            0.12373980956207475,
            28.745390020964006,
            1.3688070901577305,
            11.338792262299151,
            0.09001417863492378,
            18.77421861807359,
            31.871442248493313,
            81.62776078082506,
            14.78327288022907,
            18.594426585957358,
            0.04306430697739927,
            0.02751208352907497,
            0.3598397245602314,
            2.071453590674963,
            1.8006134475090505,
            0.2090287866434366,
            0.07212625852483967,
            29.4007755600026
        ],
        "primacy_decay": [
            0.00011678697215562983,
            7.173200163840718,
            0.0020082245787875763,
            1.1668285639042892,
            0.021669343747852565,
            99.18683939178439,
            0.015055284497782677,
            0.007548014336421817,
            0.029679966158482785,
            0.07417948874265079,
            0.03684706166954636,
            46.013930017296175,
            7.09632903312697,
            24.021152364717146,
            14.569628423758317,
            3.042764454513211,
            52.94045882961094,
            48.10376793072445,
            0.008437274800229488
        ],
        "choice_sensitivity": [
            17.835592947618487,
            98.46848959142638,
            33.868975079748864,
            92.30372341158969,
            91.61639579569771,
            89.84508469549553,
            61.02131874157706,
            30.326538438533973,
            8.679608198734257,
            55.19479524749051,
            60.33039849679393,
            87.58096079739079,
            96.91809661864971,
            96.35312546580975,
            93.57569437372176,
            79.6211711396496,
            99.2328106094235,
            97.535925889055,
            37.787591614674525
        ],
        "allow_repeated_recalls": [
            1.0,
            1.0,
            1.0,
            1.0,
            1.0,
            1.0,
            1.0,
            1.0,
            1.0,
            1.0,
            1.0,
            1.0,
            1.0,
            1.0,
            1.0,
            1.0,
            1.0,
            1.0,
            1.0
        ],