{
    "fixed": {
        "allow_repeated_recalls": 1.0,
        "learn_after_context_update": 0.0,
        "mfc_sensitivity": 1.0
    },
    "free": {
        "encoding_drift_rate": [
            2.220446049250313e-16,
            0.9999999999999998
        ],
        "start_drift_rate": [
            2.220446049250313e-16,
            0.9999999999999998
        ],
        "recall_drift_rate": [
            2.220446049250313e-16,
            0.9999999999999998
        ],
        "shared_support": [
            2.220446049250313e-16,
            100.0
        ],
        "item_support": [
            2.220446049250313e-16,
            100.0
        ],
        "learning_rate": [
            2.220446049250313e-16,
            0.9999999999999998
        ],
        "primacy_scale": [
            2.220446049250313e-16,
            100.0
        ],
        "primacy_decay": [
            2.220446049250313e-16,
            100.0
        ],
        "choice_sensitivity": [
            2.220446049250313e-16,
            100.0
        ]
    },
    "fitness": [
        414.5025634765625,
        272.05084228515625,
        352.0196838378906,
        348.05560302734375,
        463.72479248046875,
        318.32098388671875,
        515.36376953125,
        552.0464477539062,
        447.50347900390625,
        732.6698608398438,
        352.3976135253906,
        615.4837646484375,
        210.11102294921875,
        400.7244567871094,
        444.80426025390625,
        355.42950439453125,
        705.176025390625,
        422.120361328125,
        281.9017333984375,
        410.9756774902344,
        644.1768798828125,
        525.7770385742188,
        410.22918701171875,
        392.293701171875
    ],
    "fits": {
        "encoding_drift_rate": [
            0.3381275163262206,
            0.5153840668995162,
            0.5033923494795808,
            0.7503360644733341,
            0.6010529765715739,
            0.8574939054412549,
            0.5340989782772061,
            0.47738053508299344,
            0.5934639672501894,
            0.506571133230934,
            0.310605532553253,
            0.4351697131406891,
            0.8461447156462929,
            0.32267590963524084,
            0.4011683674491684,
            0.4861184386927637,
            0.47798105905171084,
            0.4600202900172645,
            0.6433121815166427,
            0.35313021018406754,
            0.6440632687996644,
            0.6944250038298467,
            0.4784605511916864,
            0.6492114971206366
        ],
        "start_drift_rate": [
            0.031968010093586186,
            0.20749207893911414,
            0.002936433080445333,
            0.7389158187255179,
            0.6109686279296116,
            0.7711280828831517,
            0.7688422546974816,
            0.014290568884691934,
            0.5118176286223208,
            0.4996501350248124,
            0.05107254091075092,
            0.017494338728379244,
            0.510876550374333,
            0.4052944984932811,
            0.04815559759757204,
            0.6584013062691305,
            0.41199837962134916,
            0.36369439967436995,
            0.602149250654439,
            0.051752394289423465,
            0.7456569692033438,
            0.819131466989228,
            0.3710956539996612,
            0.6106595119769438
        ],
        "recall_drift_rate": [
            0.8066787168871503,
            0.257361734049906,
            0.8025820017168012,
            0.6645755352605793,
            0.6911466551018741,
            0.7763347569804955,
            0.4894012240701924,
            0.7614910335942148,
            0.7425994250758253,
            0.6473342488951571,
            0.8360576014839571,
            0.8386193004560798,
            0.5575872308204451,
            0.46925282200386315,
            0.8728967026778791,
            0.5364037550602805,
            0.6911895676895617,
            0.5184655538479682,
            0.5779117091323603,
            0.8500437210847085,
            0.775055151108526,
            0.6328728882413526,
            0.8121643220628149,
            0.70231854038889
        ],
        "shared_support": [
            97.04673749252984,
            54.17810924944308,
            1.2267209907086496,
            65.48718958560094,
            4.564601954704287,
            82.40994291465285,
            56.28902483951712,
            8.60976642581062,
            70.75012019351433,
            7.737888530214683,
            15.176473966794482,
            1.2068267437012985,
            6.042677983291689,
            62.536307746996,
            16.563932847410065,
            23.40741143997591,
            95.1104816782971,
            73.74183152399237,
            66.88329248556619,
            11.078569493702098,
            99.10821322848074,
            55.666275045961115,
            69.58383664671608,
            85.24988966957466
        ],
        "item_support": [
            88.95835048564068,
            0.3682872908507733,
            0.22167637681086205,
            50.790095419471946,
            2.1719567663309576,
            71.95101937983887,
            38.88218722763247,
            8.115250204488262,
            59.49488200285019,
            6.557886945363606,
            10.778632447023078,
            0.4807247737263367,
            4.3333012398801145,
            3.74805988379903,
            12.056508244671903,
            5.7917524303388035,
            76.19914956866795,
            37.13061774790462,
            44.74122225077855,
            1.9172981816133614,
            93.52771924142975,
            45.732642364181046,
            52.98909800082957,
            60.56312080265556
        ],
        "learning_rate": [
            2.220446049250313e-16,
            0.5761254499490818,
            0.006539484189478099,
            0.1774941029189707,
            0.18209604055690368,
            0.032004381123907355,
            0.5627955361939281,
            0.0017422377401782319,
            7.94481906337599e-05,
            0.48917041426236707,
            0.0006888419660820623,
            0.0005161598083042202,
            0.1898221514498606,
            0.6818515033048428,
            0.0012243214958947424,
            0.17627073810553254,
            0.008985159680362785,
            0.6052558795113461,
            0.4156311488120497,
            2.220446049250313e-16,
            0.1001029798546143,
            0.11470963129368814,
            0.0005549939538825275,
            0.001071539452092856
        ],
        "primacy_scale": [
            78.37194428868989,
            8.036432964858513,
            6.430245304768448,
            18.05699178410281,
            5.031506161591594,
            9.751515861740131,
            13.792238694077454,
            3.921272341499119,
            50.21021931562939,
            1.0854109575428197,
            70.56755688159734,
            6.999036447439188,
            0.004729685807710382,
            39.57171813510068,
            68.01943403434663,
            46.95190331448515,
            70.53974603379912,
            21.304853024431537,
            18.587789607605494,
            94.58240062575175,
            24.242997104142678,
            14.138023420345611,
            98.14469448882832,
            69.6556733475502
        ],