{
    "fixed": {
        "allow_repeated_recalls": 1.0,
        "learn_after_context_update": 0.0,
        "mfc_sensitivity": 1.0
    },
    "free": {
        "encoding_drift_rate": [
            2.220446049250313e-16,
            0.9999999999999998
        ],
        "start_drift_rate": [
            2.220446049250313e-16,
            0.9999999999999998
        ],
        "recall_drift_rate": [
            2.220446049250313e-16,
            0.9999999999999998
        ],
        "shared_support": [
            2.220446049250313e-16,
            100.0
        ],
        "item_support": [
            2.220446049250313e-16,
            100.0
        ],
        "learning_rate": [
            2.220446049250313e-16,
            0.9999999999999998
        ],
        "primacy_scale": [
            2.220446049250313e-16,
            100.0
        ],
        "primacy_decay": [
            2.220446049250313e-16,
            100.0
        ],
        "choice_sensitivity": [
            2.220446049250313e-16,
            100.0
        ],
        "mcf_first_pres_reinforcement": [
            2.220446049250313e-16,
            100.0
        ],
        "mfc_first_pres_reinforcement": [
            2.220446049250313e-16,
            100.0
        ]
    },
    "fitness": [
        409.21697998046875,
        272.00799560546875,
        355.35015869140625,
        343.417724609375,
        464.42950439453125,
        318.11639404296875,
        510.7237243652344,
        577.6365966796875,
        448.5211486816406,
        737.7691040039062,
        352.38885498046875,
        658.715087890625,
        207.03909301757812,
        396.81866455078125,
        446.495361328125,
        352.078857421875,
        712.9588012695312,
        423.10906982421875,
        278.23284912109375,
        403.6905517578125,
        643.5180053710938,
        526.6275634765625,
        409.0543518066406,
        392.8305358886719
    ],
    "fits": {
        "encoding_drift_rate": [
            0.4761264032334033,
            0.49450647356033994,
            0.39242395230123067,
            0.7794146656012563,
            0.7744435023655827,
            0.8292859277224611,
            0.751452925904662,
            0.2801564018066404,
            0.804423088064453,
            0.45848332713732703,
            0.3018053078890133,
            0.30359863331146175,
            0.6156101677851156,
            0.3370405084336341,
            0.404937655795704,
            0.4388491451869184,
            0.7567524161574983,
            0.3757707674005057,
            0.6415674774988895,
            0.4265134543817728,
            0.689439105467131,
            0.685959818928056,
            0.5623146417415072,
            0.8816384978390324
        ],
        "start_drift_rate": [
            0.12592289798403566,
            0.19437576784342747,
            0.05562471721299245,
            0.7359495194528248,
            0.6106797323740925,
            0.7530663181553516,
            0.7571428547297918,
            0.6070248569732277,
            0.5676781407742629,
            0.5032179281515303,
            0.005670545417125805,
            0.2848256262390203,
            0.32038228568913407,
            0.36280392666028993,
            0.035547478105712016,
            0.14607565176023624,
            0.7339238605479329,
            0.025148622147187886,
            0.5745698061166122,
            0.0002298473862490935,
            0.7682752907560007,
            0.8570705604558106,
            0.4504293271628179,
            0.6373684212874408
        ],
        "recall_drift_rate": [
            0.7632808180303987,
            0.2587164984689883,
            0.8664370122931089,
            0.7398694739854098,
            0.7086725854983695,
            0.7799627620004751,
            0.5950187042865981,
            0.4407150989037518,
            0.6230866827987072,
            0.5644736952196945,
            0.8256947547672708,
            0.4295763949049066,
            0.45055423530094485,
            0.48963035865480464,
            0.8458627794400513,
            0.6547622251150393,
            0.47936480345129234,
            0.7964979430449638,
            0.5425050084535856,
            0.8247568128021834,
            0.7654340111746637,
            0.65492973715579,
            0.7872410207108053,
            0.6637107464310779
        ],
        "shared_support": [
            7.343041894511501,
            92.48661951871634,
            16.94468690865284,
            98.43822198542162,
            88.75927295053796,
            99.27895642030128,
            6.012330948380281,
            61.200633078672055,
            5.725938111160701,
            79.31514984333857,
            9.709978647830134,
            92.01440010728271,
            16.307892551527388,
            54.268728085072496,
            98.20908278949662,
            23.61229903126576,
            7.615685440148241,
            80.54871597386445,
            62.05734142214189,
            1.2653281250524202,
            85.15811398559363,
            87.49936172100233,
            19.0235069965062,
            8.100763229865983
        ],
        "item_support": [
            6.762440787849904,
            0.46816001653524353,
            7.440133629130642,
            81.13502461368522,
            44.525918287102876,
            84.09956893356491,
            5.128230489488104,
            31.34113520169054,
            4.913365927495448,
            52.39250519940511,
            6.779828403442664,
            18.516295907753193,
            0.34771580682377135,
            2.5845823599172846,
            89.71188020738026,
            20.094619738123264,
            6.303109994078312,
            66.77068484212603,
            35.97771516773409,
            0.10732266792268774,
            80.5060135590555,
            64.46375318306981,
            16.853464045996255,
            7.101408280687849
        ],
        "learning_rate": [
            0.00011264878171352022,
            0.5832954741823028,
            0.0019871836587313546,
            0.12539779563126213,
            0.13917770464646628,
            0.04765760606907209,
            0.4005239260750842,
            0.7147781012694803,
            0.10049732568328597,
            0.6143161055841726,
            0.006440040478361135,
            0.7117267348177774,
            0.438439210030217,
            0.683809373075296,
            6.425605844913293e-05,
            0.00141966515741615,
            0.1530492866535617,
            0.0006416969891168629,
            0.4794344876191697,
            0.0005748913468867634,
            0.1252171481927113,
            0.06273581817897023,
            2.220446049250313e-16,
            0.006068912883127727
        ],
        "primacy_scale": [
            3.648113995361676,
            16.684343345571527,
            80.11268827726188,
            23.890809100550936,
            59.92021843621704,
            17.16010892285034,
            0.11718854090430852,
            14.444504803318566,
            0.18447885015358878,
            19.02882754542345,
            43.262998768942055,
            29.83581981067651,
            11.204959344884642,
            35.394144334124654,
            98.38563574940574,
            16.12618316417379,
            1.2886785697219239e-05,
            91.25364882777656,
            16.945645622401514,
            10.393696722313628,
            15.739940031076436,
            40.50317612553673,
            8.826430257937488,
            0.09519950148882117
        ],