{
    "fixed": {
        "allow_repeated_recalls": 1.0,
        "learn_after_context_update": 0.0,
        "mfc_sensitivity": 1.0,
        "mfc_first_pres_reinforcement": 0.0
    },
    "free": {
        "encoding_drift_rate": [
            2.220446049250313e-16,
            0.9999999999999998
        ],
        "start_drift_rate": [
            2.220446049250313e-16,
            0.9999999999999998
        ],
        "recall_drift_rate": [
            2.220446049250313e-16,
            0.9999999999999998
        ],
        "shared_support": [
            2.220446049250313e-16,
            100.0
        ],
        "item_support": [
            2.220446049250313e-16,
            100.0
        ],
        "learning_rate": [
            2.220446049250313e-16,
            0.9999999999999998
        ],
        "primacy_scale": [
            2.220446049250313e-16,
            100.0
        ],
        "primacy_decay": [
            2.220446049250313e-16,
            100.0
        ],
        "choice_sensitivity": [
            2.220446049250313e-16,
            100.0
        ],
        "mcf_first_pres_reinforcement": [
            2.220446049250313e-16,
            100.0
        ]
    },
    "fitness": [
        2605.599365234375,
        2751.289794921875,
        2409.546142578125,
        3100.42529296875,
        2397.740966796875,
        4718.98583984375,
        2527.658935546875,
        3514.110107421875,
        4483.576171875,
        2104.942626953125,
        760.5252685546875,
        3210.47802734375,
        4459.78662109375,
        2636.8701171875,
        3721.5322265625,
        3370.553955078125,
        2156.932373046875,
        2793.244384765625,
        969.5709228515625
    ],
    "fits": {
        "encoding_drift_rate": [
            0.9684718360000353,
            0.9165318445219479,
            0.892816233487953,
            0.8948076531262512,
            0.8872345602115859,
            0.8279272834030695,
            0.8071521569080192,
            0.8320841392396512,
            0.9668995285908095,
            0.8767961995865838,
            0.9416849011985924,
            0.8521440864017,
            0.9457921661336035,
            0.9173690569891422,
            0.9697425768234711,
            0.9801126427379474,
            0.8306233048476444,
            0.8930352213188593,
            0.9074222612492227
        ],
        "start_drift_rate": [
            0.23574366172727795,
            0.464131469975025,
            0.6357576369808855,
            0.5626823245976148,
            0.5276828704664823,
            0.6837982349743061,
            0.6567608554489012,
            0.7271151079578406,
            0.6400793925628443,
            0.6885724946756208,
            0.6226743291717549,
            0.8038121922051342,
            0.6571121285772091,
            0.6055885943600857,
            0.2670017814197905,
            0.5391188122948768,
            0.7244636811351955,
            0.5967178139829225,
            0.7913064784917968
        ],
        "recall_drift_rate": [
            0.9118548495168091,
            0.7627976961481998,
            0.7916546329253658,
            0.8484751431984014,
            0.7232086975458294,
            0.7499188387328585,
            0.7173850484251967,
            0.7347170713534329,
            0.9737436312358998,
            0.8462824603700123,
            0.8296873296796232,
            0.7946829390845894,
            0.8628652233733145,
            0.7727396840950003,
            0.9014250154995025,
            0.9388755050250541,
            0.7953567208033981,
            0.6666201001945612,
            0.8345912523182188
        ],
        "shared_support": [
            9.666464491823021,
            8.971308330210142,
            86.56892404117515,
            94.8290805570029,
            7.677898522979419,
            97.84573426387652,
            94.33172395322731,
            98.86913850818699,
            55.45542171092892,
            97.96973106471577,
            98.11992532399854,
            86.50771763183405,
            93.82580769743308,
            94.82918051362842,
            92.16290219355551,
            98.30518242493372,
            82.83140613387279,
            94.36437006992813,
            92.08526766014407
        ],
        "item_support": [
            8.74193538620765,
            7.889859677099587,
            52.59208451963144,
            75.19129489062252,
            6.5261539338047,
            81.41028018329865,
            62.166050960040586,
            67.61955906195877,
            37.267740871065435,
            80.52782952572656,
            77.30379750799322,
            69.53160383624984,
            65.65985568591279,
            76.33459730934172,
            40.61836722670687,
            82.08042001675423,
            72.19404274488528,
            61.59254975384414,
            68.74361852328977
        ],
        "learning_rate": [
            0.041132935092767886,
            0.08754957151811399,
            0.04619857553756285,
            0.2046198034291133,
            0.2748124151178748,
            0.299925086244043,
            0.06158628235733133,
            0.091126272128009,
            0.33947747403652173,
            0.09170286122384896,
            0.07212558000163044,
            0.14827412617849584,
            0.2954020477470404,
            0.10117594605131791,
            0.16155967961217776,
            0.10950248289409048,
            0.05028973396616412,
            0.21310836131655864,
            0.04832047874822633
        ],
        "primacy_scale": [
            1.246439733029284,
            0.33220318155485984,
            29.258193144448075,
            25.334249474086974,
            0.3812653053820583,
            15.912233626133812,
            37.60123332246347,
            32.76328090430288,
            70.50707491078201,
            28.17941532840286,
            31.621254052613445,
            19.245308459308923,
            33.94468025703894,
            17.661755892553664,
            60.46031686520635,
            15.428421704606698,
            15.220637312919223,
            28.20202307653526,
            25.176667671181406
        ],
        "primacy_decay": [
            2.153531129952327,
            76.46602158659692,
            0.00019690141035511033,
            2.220446049250313e-16,
            32.527721265682054,
            0.003807636832789285,
            0.011277045838545153,
            0.0024027714937062683,
            0.00437556833063829,
            0.053875329631154045,
            0.020430504880245337,
            0.00021168722375364268,
            0.0035340080077332914,
            0.001400957756125365,
            2.220446049250313e-16,
            0.00010334034708847639,
            0.0005981682381293349,
            0.0006299378321088511,
            0.001974411443483696
        ],
        "choice_sensitivity": [
            65.92817323038372,
            98.36474714380547,
            33.00691076324395,
            33.51456678385419,
            99.13648883036413,
            62.554655423526185,
            36.63441410762801,
            33.6334056317767,
            7.35854731377129,
            40.14274291661135,
            35.97068960552177,
            43.01583020513607,
            24.909083222897877,
            59.685489763102375,
            11.008951157581023,
            36.00080414221998,
            61.79168693043072,
            47.21159656431694,
            38.49757076491903
        ],