{
    "fixed": {
        "allow_repeated_recalls": 1.0,
        "learn_after_context_update": 0.0
    },
    "free": {
        "encoding_drift_rate": [
            2.220446049250313e-16,
            0.9999999999999998
        ],
        "start_drift_rate": [
            2.220446049250313e-16,
            0.9999999999999998
        ],
        "recall_drift_rate": [
            2.220446049250313e-16,
            0.9999999999999998
        ],
        "shared_support": [
            2.220446049250313e-16,
            100.0
        ],
        "item_support": [
            2.220446049250313e-16,
            100.0
        ],
        "learning_rate": [
            2.220446049250313e-16,
            0.9999999999999998
        ],
        "primacy_scale": [
            2.220446049250313e-16,
            100.0
        ],
        "primacy_decay": [
            2.220446049250313e-16,
            100.0
        ],
        "choice_sensitivity": [
            2.220446049250313e-16,
            100.0
        ]
    },
    "fitness": [
        2760.10009765625,
        3252.599609375,
        2824.554443359375,
        3321.328369140625,
        2835.58203125,
        5204.17919921875,
        3031.833251953125,
        3951.456787109375,
        4685.45068359375,
        2332.776123046875,
        853.8948364257812,
        3560.17236328125,
        4797.638671875,
        3116.93701171875,
        3834.971435546875,
        3522.48388671875,
        2487.6767578125,
        3336.49267578125,
        1167.2470703125
    ],
    "fits": {
        "encoding_drift_rate": [
            0.9962374650955533,
            0.9831836942350975,
            0.9672371462579709,
            0.9773669676263754,
            0.9857222500541016,
            0.961392298448733,
            0.9095625076901401,
            0.9421049042658683,
            0.9975810946945076,
            0.9877449300032451,
            0.9937962358555763,
            0.9342837698817006,
            0.999674910777866,
            0.9873780327193552,
            0.9979829371164439,
            0.9994716224551121,
            0.9483669520178174,
            0.9832137894350249,
            0.974404601761676
        ],
        "start_drift_rate": [
            0.46014378635537545,
            0.697406510181644,
            0.7412587442392355,
            0.5615519961900295,
            0.9092505640246462,
            0.8655885348528491,
            0.7923776070068524,
            0.87952402771611,
            0.7400970120000728,
            0.7377216835642378,
            0.5369513439870888,
            0.941702358500765,
            0.822655520013988,
            0.7435433970132126,
            0.2877536718921916,
            0.509743755733691,
            0.8496362935833701,
            0.9483286657701433,
            0.9595310114077864
        ],
        "recall_drift_rate": [
            0.9933330090369096,
            0.9849064134807488,
            0.9756777206530607,
            0.9863343740481716,
            0.9925849797913289,
            0.9809746539683373,
            0.9396347264081871,
            0.9649296718506009,
            0.9998214771139692,
            0.9983861254574437,
            0.9969126572421927,
            0.9532957898420032,
            0.9996010855686179,
            0.9854245547694936,
            0.9973739978779115,
            0.9992786004749722,
            0.9699382962797771,
            0.9776085916690272,
            0.9867170430105955
        ],
        "shared_support": [
            9.439703774304846,
            9.902491294533974,
            14.741820138998143,
            12.45322990937212,
            7.879427385726515,
            13.553359619667624,
            10.842413504105444,
            10.287266373519891,
            2.0164649508516277,
            3.2348217762897207,
            3.476827535156467,
            14.948768704364632,
            3.2491682518481895,
            10.471113484060936,
            11.950550955766936,
            9.506756794761564,
            12.168517653148221,
            13.244385760210903,
            6.289706504795198
        ],
        "item_support": [
            0.02726473280752373,
            0.1268780636831579,
            0.02425662877855217,
            0.1370503720048717,
            0.18053899630275794,
            0.5615497412621906,
            0.03687437878430444,
            0.11331471276129435,
            4.38085300248072,
            0.5523880226203559,
            0.12210604544071657,
            0.3780083598684527,
            0.7727290288453972,
            0.09060523080208327,
            0.005485622273042168,
            0.0302698623867812,
            0.00405229609321367,
            0.08709969354235625,
            0.08298295685580825
        ],
        "learning_rate": [
            0.040789904941631816,
            0.006493242267513577,
            0.0034556240787025983,
            0.05051866349999323,
            0.06170463638627466,
            0.09521219279987941,
            0.0018378530845232777,
            0.0036108438397688416,
            0.030063759546897828,
            0.03932394109392606,
            0.04072510314923067,
            0.013393757051420097,
            0.0340450820955005,
            0.027556923433912084,
            0.07037181482821414,
            0.03100911245179311,
            0.03427139242458216,
            0.04907001602287975,
            0.006677919243739172
        ],
        "primacy_scale": [
            66.4399210656542,
            82.42486225497194,
            93.09167446327552,
            95.4187558984785,
            99.02806624943551,
            93.44533124543636,
            86.26627148139241,
            69.84973096909181,
            58.5068221747532,
            95.79671954164203,
            86.7858137365471,
            80.80864490179678,
            90.03222343716003,
            79.00631705609507,
            75.41587404829639,
            94.93725626671431,
            98.71474207057267,
            91.99201783351711,
            50.862378467118575
        ],
        "primacy_decay": [
            0.0016601990326208238,
            0.04202495731362177,
            0.009652867127110025,
            0.030779702900632908,
            0.06442191697510495,
            0.024979669403699303,
            0.0476308576485352,
            0.036154435809929414,
            0.09084310154629094,
            0.20643503847765743,
            0.1470874361898069,
            0.02239350899517234,
            0.06450576581566736,
            0.026311130224222268,
            0.0019038769066810346,
            0.0006826522954170855,
            0.006384182417598083,
            0.007290925877967425,
            0.03159521340206339
        ],
        "choice_sensitivity": [
            2.1468995237694486,
            2.56757983239865,
            2.9093707191834355,
            2.3037836404726875,
            2.243249845794047,
            2.2672884831176603,
            3.3036103254441755,
            2.6881558849617875,
            1.4266870098510154,
            1.8439826064124887,
            2.1703330593711385,
            3.1098719451069954,
            1.3258493280679886,
            2.654988358132421,
            1.8118714150449264,
            1.6231841746101452,
            2.8160789676617526,
            2.597094860832975,
            2.8144231265860284
        ],
        "allow_repeated_recalls": [
            1.0,
            1.0,
            1.0,
            1.0,
            1.0,
            1.0,
            1.0,
            1.0,
            1.0,
            1.0,
            1.0,
            1.0,
            1.0,
            1.0,
            1.0,
            1.0,
            1.0,
            1.0,
            1.0
        ],