{
    "fixed": {
        "allow_repeated_recalls": 1.0,
        "learn_after_context_update": 0.0
    },
    "free": {
        "encoding_drift_rate": [
            2.220446049250313e-16,
            0.9999999999999998
        ],
        "start_drift_rate": [
            2.220446049250313e-16,
            0.9999999999999998
        ],
        "recall_drift_rate": [
            2.220446049250313e-16,
            0.9999999999999998
        ],
        "shared_support": [
            2.220446049250313e-16,
            100.0
        ],
        "item_support": [
            2.220446049250313e-16,
            100.0
        ],
        "learning_rate": [
            2.220446049250313e-16,
            0.9999999999999998
        ],
        "primacy_scale": [
            2.220446049250313e-16,
            100.0
        ],
        "primacy_decay": [
            2.220446049250313e-16,
            100.0
        ],
        "choice_sensitivity": [
            2.220446049250313e-16,
            100.0
        ],
        "mfc_sensitivity": [
            2.220446049250313e-16,
            100.0
        ]
    },
    "fitness": [
        408.45416259765625,
        269.3825378417969,
        350.90625,
        346.7821044921875,
        463.7437744140625,
        318.322265625,
        515.2565307617188,
        549.5771484375,
        450.987060546875,
        735.8685302734375,
        352.1351623535156,
        616.0745239257812,
        207.6561737060547,
        371.1474304199219,
        443.9914855957031,
        355.14373779296875,
        707.0174560546875,
        414.7234191894531,
        278.02984619140625,
        404.84423828125,
        643.2586059570312,
        526.9376831054688,
        408.43310546875,
        391.72686767578125
    ],
    "fits": {
        "encoding_drift_rate": [
            0.4575667089063074,
            0.5178197135867498,
            0.4976067870252619,
            0.515099960411654,
            0.5692575644396757,
            0.8612061158525857,
            0.5220513187773039,
            0.46750206559769864,
            0.7900399196624597,
            0.5346743783607256,
            0.308654218037657,
            0.45181530244532087,
            0.7175520406541241,
            0.36632905263144316,
            0.4132394507134708,
            0.4734435910337423,
            0.4098159246886307,
            0.5347049245122126,
            0.7421018422234268,
            0.44248338909468676,
            0.5124215852453579,
            0.7926768734602412,
            0.46222815435225284,
            0.7003501627151607
        ],
        "start_drift_rate": [
            0.03866518457641177,
            0.1481671430881638,
            0.03053497650626641,
            0.591023576549357,
            0.6091648899256047,
            0.7632515764358605,
            0.8138986131507673,
            0.008786307580590458,
            0.4942035774130214,
            0.3926170555461643,
            0.0729888270068087,
            0.03678968726829173,
            0.3594786166398267,
            0.024386526626352212,
            0.07476896262157925,
            0.6289483247491108,
            0.8179565757568084,
            0.3361607160812611,
            0.3574710701110292,
            0.03223370108941688,
            0.634686427448311,
            0.8225860518004684,
            0.25947388713684694,
            0.5956511353298006
        ],
        "recall_drift_rate": [
            0.782714194727779,
            0.261024609724883,
            0.8060684279394565,
            0.777603886541013,
            0.7188746981530689,
            0.7939667409921439,
            0.4811775057513569,
            0.7623923404987059,
            0.5529643608216386,
            0.8442152098280706,
            0.8373313514650418,
            0.8335388982333812,
            0.4808282856699653,
            0.8269863530458688,
            0.8673011018012147,
            0.4106040291320256,
            0.4962440013748488,
            0.5746695458230211,
            0.5775042714324214,
            0.8252008876390644,
            0.7913352765498315,
            0.5910783556905347,
            0.8011416288002858,
            0.6531447689418615
        ],
        "shared_support": [
            8.19661577061732,
            68.99080954958546,
            1.4353270551211423,
            57.335094377903175,
            3.7229749233170892,
            34.750794112218166,
            92.73151843511263,
            8.136377986373311,
            5.53180431652455,
            68.57225371744647,
            18.70233833543951,
            1.084671381914169,
            6.7606865908507885,
            2.0866276280419527,
            23.537978306019458,
            48.74299593249388,
            3.1587062416234133,
            5.746913375800666,
            6.260598561797792,
            1.2330876652410154,
            78.88742765269666,
            6.7952910721064015,
            29.94399283005052,
            73.36787968884252
        ],
        "item_support": [
            7.601737207652704,
            0.03839688653614104,
            0.45428226712562036,
            53.02628147938179,
            1.8897551147454834,
            27.547387883880305,
            59.58354899896635,
            7.604693979763368,
            4.5739801372615005,
            64.65896584162046,
            12.72902463936628,
            0.47211309119747275,
            2.6774774421584837,
            0.31344528297507424,
            15.901093230411888,
            23.737280747829733,
            1.1444362899166975,
            3.9304602895636975,
            4.547220191147986,
            0.13737407987305517,
            75.10686760273515,
            5.768484092349162,
            26.342722769593525,
            56.4948669551977
        ],
        "learning_rate": [
            0.0018426618583022444,
            0.5741835115528956,
            0.0010190981434403112,
            0.009791122138723962,
            0.19829154142930572,
            0.03932609095849432,
            0.5746284173501658,
            1.3495716049860551e-05,
            0.22045661090192614,
            0.006989346299339221,
            0.004866177555182594,
            0.004158473936889173,
            0.3526383790316079,
            0.002800426798953759,
            0.00034833785525678856,
            0.40405449106440205,
            0.33329318471911185,
            0.46068478041285077,
            0.3525103201371339,
            0.0010627123463712305,
            0.03061072193340704,
            0.11146482850954337,
            0.00037901509071958106,
            0.013169149098962062
        ],
        "primacy_scale": [
            4.003584032196876,
            8.737375455204955,
            6.503143828424996,
            21.361115250933228,
            5.190871231576118,
            6.128884431622083,
            25.80202522989782,
            3.939329674840195,
            0.26052892950880846,
            27.433020240503765,
            92.86035255644813,
            5.941264730350511,
            2.1622516507811014,
            17.046779370595253,
            98.10452664959655,
            29.311442897587813,
            2.9572201752937204,
            1.4143482395027291,
            1.0004565919728492,
            10.091109768509575,
            31.377189229700846,
            0.035765414527340056,
            20.202505823757654,
            35.847611122095415
        ],