{
    "fixed": {
        "allow_repeated_recalls": 1.0,
        "learn_after_context_update": 0.0,
        "mfc_sensitivity": 1.0,
        "mfc_first_pres_reinforcement": 0.0,
        "mcf_first_pres_reinforcement": 0.0
    },
    "free": {
        "encoding_drift_rate": [
            2.220446049250313e-16,
            0.9999999999999998
        ],
        "start_drift_rate": [
            2.220446049250313e-16,
            0.9999999999999998
        ],
        "recall_drift_rate": [
            2.220446049250313e-16,
            0.9999999999999998
        ],
        "shared_support": [
            2.220446049250313e-16,
            100.0
        ],
        "item_support": [
            2.220446049250313e-16,
            100.0
        ],
        "learning_rate": [
            2.220446049250313e-16,
            0.9999999999999998
        ],
        "primacy_scale": [
            2.220446049250313e-16,
            100.0
        ],
        "primacy_decay": [
            2.220446049250313e-16,
            100.0
        ],
        "choice_sensitivity": [
            2.220446049250313e-16,
            100.0
        ],
        "first_pres_reinforcement": [
            2.220446049250313e-16,
            100.0
        ]
    },
    "fitness": [
        415.1333312988281,
        275.24090576171875,
        355.918701171875,
        344.5636901855469,
        463.9793701171875,
        318.45330810546875,
        516.4784545898438,
        572.153076171875,
        450.010986328125,
        738.6397094726562,
        352.1046142578125,
        659.5330200195312,
        214.72659301757812,
        396.8023376464844,
        507.8262939453125,
        352.4862365722656,
        715.6752319335938,
        414.6513671875,
        279.5405578613281,
        408.5587463378906,
        647.3529663085938,
        526.2301025390625,
        409.9834289550781,
        390.8686218261719
    ],
    "fits": {
        "encoding_drift_rate": [
            0.3789678723210889,
            0.5637884925576857,
            0.39401956447598385,
            0.7743089328830365,
            0.6465402591440508,
            0.8492731822871085,
            0.7325441111999526,
            0.39131787783385663,
            0.7951566164261311,
            0.5187585080113999,
            0.34159883714080885,
            0.35414259302136974,
            0.622155647918849,
            0.2900615667133083,
            0.5455603025774576,
            0.517018916921067,
            0.7528464563734967,
            0.5074977775362173,
            0.591045945163112,
            0.35205680524595584,
            0.8603295663333272,
            0.701234252497049,
            0.47294866385416334,
            0.7532322889394774
        ],
        "start_drift_rate": [
            0.3759673445182563,
            0.0681400864645448,
            0.01808720722212298,
            0.7934956220109121,
            0.6368979220294693,
            0.7895933606296395,
            0.7663958154749765,
            0.6674781914613649,
            0.4984320167939437,
            0.4781434240601365,
            0.011116494006745359,
            0.35796360403321903,
            0.011213222107501229,
            0.2887302922618422,
            0.3368646751819999,
            0.2494148905294834,
            0.7707139761521418,
            0.29878012834130163,
            0.5277837398642587,
            0.10846930933794613,
            0.7185833982292577,
            0.822191306160173,
            0.33547758345980105,
            0.6251243544921341
        ],
        "recall_drift_rate": [
            0.8108972809629552,
            0.25848924247502364,
            0.8528165019004639,
            0.7157041977324498,
            0.7504990666020251,
            0.7798543843785327,
            0.5268728988156248,
            0.4694108876438499,
            0.5504041602449545,
            0.556772839646811,
            0.8164899375045851,
            0.41570102292693595,
            0.3042654368393355,
            0.5058406331197892,
            0.2235139245027824,
            0.6455445242483486,
            0.4991324763495591,
            0.569166726107448,
            0.5174657312195486,
            0.8556236028320068,
            0.7322401546883406,
            0.6627452709512944,
            0.8190335560039761,
            0.7030488277563443
        ],
        "shared_support": [
            95.03112352792911,
            87.68996117081261,
            20.35986071394508,
            89.6757706927306,
            40.34722210134748,
            95.87500260284615,
            6.114242942071797,
            2.190870663751568,
            5.787735386990747,
            25.555662438738885,
            1.9287254650751677,
            78.04993816211724,
            64.7042417807383,
            55.80417736685309,
            96.76155075672497,
            11.063745396303013,
            8.30594971281257,
            4.892008832216163,
            88.0918857438352,
            8.328334037502387,
            9.82161547699485,
            78.60209841190145,
            73.78244768725324,
            83.8764884620839
        ],
        "item_support": [
            85.3053664308733,
            0.06752875598760255,
            12.039330793667219,
            35.370946887011804,
            13.09145955408352,
            81.7762632619255,
            5.0593464579415155,
            1.0051527669018157,
            4.848711592283323,
            17.98501174128527,
            1.2358482239431865,
            21.386986712592915,
            0.5749102946083084,
            5.1664607394848545,
            14.515806304050471,
            8.96979442816265,
            7.09699076113435,
            3.171845329054385,
            32.65683683984147,
            1.1540871190867534,
            8.974539374206842,
            58.50585530908143,
            64.79507738801814,
            70.3754515300796
        ],
        "learning_rate": [
            0.0037875842588674276,
            0.5482779055401276,
            0.0031331358342796523,
            0.1643198389422479,
            0.13971634987956624,
            0.018271554865342154,
            0.4115035462509791,
            0.543206458201868,
            0.1972402867130506,
            0.5817939648821224,
            0.009313832866415128,
            0.6747416005480534,
            0.556590454311576,
            0.7126345747901872,
            0.5921579054690674,
            0.013653314406468107,
            0.14332367081391756,
            0.4878047577398522,
            0.5167461585703451,
            2.232941186468512e-05,
            0.2567132498282757,
            0.10504979165518605,
            0.004116507302462396,
            2.220446049250313e-16
        ],
        "primacy_scale": [
            85.15928395578811,
            1.1142072136031516,
            68.56737705757595,
            72.55328564613737,
            78.38847217700615,
            14.538019209740874,
            0.08735716949914973,
            0.8223384005374754,
            0.16654245119557487,
            4.423432726923501,
            9.986410056910103,
            25.319643174473903,
            0.01011035027349294,
            34.13100501486274,
            1.0179701684995166,
            7.451449662040602,
            0.0024058375772995078,
            1.351484900111835,
            35.85833251748323,
            75.04543459749135,
            0.08532683641011829,
            31.49934346484114,
            53.98440576690805,
            25.054246058219555
        ],