{
    "fixed": {
        "allow_repeated_recalls": 1.0,
        "learn_after_context_update": 0.0
    },
    "free": {
        "encoding_drift_rate": [
            2.220446049250313e-16,
            0.9999999999999998
        ],
        "start_drift_rate": [
            2.220446049250313e-16,
            0.9999999999999998
        ],
        "recall_drift_rate": [
            2.220446049250313e-16,
            0.9999999999999998
        ],
        "shared_support": [
            2.220446049250313e-16,
            100.0
        ],
        "item_support": [
            2.220446049250313e-16,
            100.0
        ],
        "learning_rate": [
            2.220446049250313e-16,
            0.9999999999999998
        ],
        "primacy_scale": [
            2.220446049250313e-16,
            100.0
        ],
        "primacy_decay": [
            2.220446049250313e-16,
            100.0
        ],
        "choice_sensitivity": [
            2.220446049250313e-16,
            100.0
        ]
    },
    "fitness": [
        2695.997802734375,
        2862.667236328125,
        2521.935791015625,
        3148.674072265625,
        2491.992431640625,
        4845.9912109375,
        2589.692138671875,
        3581.716796875,
        4684.0703125,
        2152.666015625,
        784.87158203125,
        3294.3095703125,
        4597.00634765625,
        2726.963134765625,
        3774.479736328125,
        3462.928955078125,
        2222.47119140625,
        2877.888916015625,
        1025.4647216796875
    ],
    "fits": {
        "encoding_drift_rate": [
            0.9396683844705529,
            0.8903994134371891,
            0.8744496015763206,
            0.8437950430463756,
            0.8628443956787774,
            0.8537330709210345,
            0.8114534420287195,
            0.8378687824027928,
            0.9593343546767533,
            0.8611119936433396,
            0.907448396060982,
            0.8355133307636342,
            0.9217654538332556,
            0.8961314122480388,
            0.9436100064039216,
            0.9407945621301502,
            0.8366629931953828,
            0.8684129714934137,
            0.8701361313724914
        ],
        "start_drift_rate": [
            0.5313653216381528,
            0.49286664455918733,
            0.6588474963386732,
            0.2968176004560895,
            0.7464369575025073,
            0.6759565977060398,
            0.44963618197138766,
            0.6532831239177685,
            0.7051894279466872,
            0.6562320099776002,
            0.6188051820141407,
            0.8255883985469556,
            0.5838961258727533,
            0.4248553983782971,
            0.10361122421458768,
            0.2888455969094642,
            0.7289888919223445,
            0.6387584815778822,
            0.7480253045030208
        ],
        "recall_drift_rate": [
            0.9025722057398775,
            0.7476036396564092,
            0.7973684445432498,
            0.8247335528577535,
            0.7682559222044492,
            0.7735873901384535,
            0.6937332660232659,
            0.7525980335669366,
            0.9790240320248127,
            0.8458410952485609,
            0.8282403313011082,
            0.7761457599090974,
            0.8439235764448543,
            0.755282876006052,
            0.8826647314813918,
            0.9013631657057508,
            0.8052156685462815,
            0.7193997697639241,
            0.7966071408507235
        ],
        "shared_support": [
            61.23644899774776,
            8.191928620057666,
            74.71481573342726,
            9.966519019463519,
            99.71828210244173,
            8.9940576790044,
            5.585912196920098,
            9.093981189149837,
            16.948840388460752,
            54.9444862390957,
            96.0785209281236,
            91.46759304412222,
            11.878174787799502,
            7.757905565575868,
            12.064088523514869,
            11.932404002508598,
            92.05014831038824,
            7.071191937536334,
            8.36300494381422
        ],
        "item_support": [
            57.64708647331498,
            7.4226062351300826,
            58.2052670689178,
            9.250142802509629,
            88.43988840950894,
            8.18144670928799,
            4.588802402696395,
            8.35234238753938,
            16.91997076054235,
            50.444140363245715,
            89.82882700773132,
            76.71396197251688,
            11.241183996779569,
            6.971640341275901,
            11.27023937828644,
            11.22202616618511,
            80.3687627302848,
            6.288275720860646,
            7.663382231769376
        ],
        "learning_rate": [
            0.05729076248348638,
            0.0036320391390192814,
            0.008085227161889608,
            0.09695124946141437,
            0.028786023981231604,
            0.1725846306961289,
            0.041602765884804216,
            0.006487972262560144,
            0.21023668476244117,
            0.004870641400043236,
            0.003699133829767165,
            0.0891973678258326,
            0.13784248549890632,
            0.02874314829847302,
            0.12497534104548552,
            0.040793033901514994,
            0.0035456947219247004,
            0.04811987939488381,
            0.007350055247983718
        ],
        "primacy_scale": [
            5.05480484551272,
            0.27388596734802917,
            21.9020797295183,
            1.306340057802089,
            14.837147876306503,
            0.09472700372249676,
            0.5740745486045853,
            0.18202405149184386,
            0.13269111951888846,
            8.762482600001881,
            12.772492704123465,
            20.52098346526187,
            0.3192679780747625,
            0.5798422609611151,
            2.0877643135976456,
            1.1351816704836324,
            20.111829232567136,
            0.14546347977039886,
            0.1621519346299749
        ],
        "primacy_decay": [
            0.0005465016054752422,
            31.959540913423055,
            0.0006304863502598025,
            1.2540162142633235,
            0.01790460935319187,
            6.774123884985919,
            0.6070506571604994,
            52.0421944331351,
            49.77112684123346,
            0.08593605631491386,
            0.03590517745263355,
            0.002017735292596067,
            78.73812159792175,
            84.34683809035394,
            85.68060617160327,
            26.500403456058976,
            0.0004597453688574383,
            83.29828157285368,
            13.47405736853132
        ],
        "choice_sensitivity": [
            73.9298967608002,
            99.77472108595322,
            38.03352862815761,
            94.9641814081875,
            80.86173386128301,
            84.15236905771485,
            76.43458685318217,
            96.64760024455488,
            99.97305842320173,
            71.98114552456968,
            88.78145983065818,
            45.09931885758613,
            99.82633427980926,
            96.05264765746233,
            82.1452487060051,
            80.4371187980735,
            51.922520551109805,
            91.68578029075961,
            98.63312826908087
        ],
        "allow_repeated_recalls": [
            1.0,
            1.0,
            1.0,
            1.0,
            1.0,
            1.0,
            1.0,
            1.0,
            1.0,
            1.0,
            1.0,
            1.0,
            1.0,
            1.0,
            1.0,
            1.0,
            1.0,
            1.0,
            1.0
        ],