{
    "fixed": {
        "allow_repeated_recalls": 1.0,
        "learn_after_context_update": 0.0,
        "mfc_sensitivity": 1.0
    },
    "free": {
        "encoding_drift_rate": [
            2.220446049250313e-16,
            0.9999999999999998
        ],
        "start_drift_rate": [
            2.220446049250313e-16,
            0.9999999999999998
        ],
        "recall_drift_rate": [
            2.220446049250313e-16,
            0.9999999999999998
        ],
        "shared_support": [
            2.220446049250313e-16,
            100.0
        ],
        "item_support": [
            2.220446049250313e-16,
            100.0
        ],
        "learning_rate": [
            2.220446049250313e-16,
            0.9999999999999998
        ],
        "primacy_scale": [
            2.220446049250313e-16,
            100.0
        ],
        "primacy_decay": [
            2.220446049250313e-16,
            100.0
        ],
        "choice_sensitivity": [
            2.220446049250313e-16,
            100.0
        ]
    },
    "fitness": [
        2613.36376953125,
        2750.3076171875,
        2406.606689453125,
        3104.068603515625,
        2405.034423828125,
        4720.3291015625,
        2520.16259765625,
        3511.171142578125,
        4481.6689453125,
        2101.30517578125,
        761.7506103515625,
        3211.468505859375,
        4447.36181640625,
        2626.90673828125,
        3719.79150390625,
        3364.838623046875,
        2164.17333984375,
        2777.94775390625,
        968.9584350585938
    ],
    "fits": {
        "encoding_drift_rate": [
            0.9728918300508662,
            0.9107513950989222,
            0.8801566720506417,
            0.9063676427798742,
            0.8927512893296927,
            0.8462781332861975,
            0.8003504438101168,
            0.8217893585462361,
            0.9511793323726817,
            0.8772018329726492,
            0.9389025451855338,
            0.860367994378892,
            0.9441409885983746,
            0.9070426709057453,
            0.9679531351731406,
            0.9740690772693009,
            0.8522054303708828,
            0.8817703476893246,
            0.9114692187890099
        ],
        "start_drift_rate": [
            0.5021878812148629,
            0.44423129443784104,
            0.6502144504277771,
            0.5623529493627919,
            0.6841886821386315,
            0.6721469234871206,
            0.6284239195771089,
            0.7181166859967366,
            0.698391093808816,
            0.6839828315389765,
            0.6110188222376313,
            0.7793151281926056,
            0.6548949272326348,
            0.33967549046479417,
            0.29690827791879926,
            0.31830057579830784,
            0.6950010718628084,
            0.39072259302766904,
            0.7706267833576326
        ],
        "recall_drift_rate": [
            0.9078149425043212,
            0.7368643618587922,
            0.8091518281134357,
            0.8655830399885831,
            0.7113538208437187,
            0.7487225832364404,
            0.7014109328332854,
            0.7400907939552441,
            0.9790086067161866,
            0.8571381616717342,
            0.8364142525733984,
            0.7916116204648342,
            0.8570586050381448,
            0.7262077816369298,
            0.9097918606877995,
            0.9190072435916348,
            0.8085544114709927,
            0.6573252847407134,
            0.8367004130334306
        ],
        "shared_support": [
            82.70930344742135,
            8.077584435623528,
            94.95398077031587,
            94.68027194669418,
            92.71537998019055,
            86.80232999540581,
            36.908103509974886,
            93.5686297862616,
            89.05296578724442,
            96.10877571904072,
            94.62864579884277,
            91.06916857665912,
            85.87940228909983,
            6.961384416268956,
            88.16811719919448,
            15.388617933159708,
            99.01892247647177,
            6.419304300884512,
            96.31716893373014
        ],
        "item_support": [
            70.40590137499044,
            7.04462986548679,
            75.60992931561205,
            65.0481111083047,
            65.00193650517609,
            68.56202274494507,
            31.62146823479985,
            72.39020975443653,
            88.81604253692979,
            87.65432568556024,
            81.62566521255849,
            76.77930438583427,
            75.68862968764148,
            5.901275102087034,
            80.98058599631945,
            14.304134550976187,
            73.03602271166926,
            5.258200893042272,
            75.86529569984211
        ],
        "learning_rate": [
            0.051697115802412874,
            0.10108221070995033,
            0.025203834914342506,
            0.19048978916359027,
            0.2411294383121378,
            0.29706774545446335,
            0.06922517166416736,
            0.06606017539306369,
            0.24603157434023987,
            0.08217201267579852,
            0.09018982226802086,
            0.12607891237737173,
            0.2762877208302904,
            0.17984298136677826,
            0.14262241897165664,
            0.10086511186673336,
            0.05362630809628711,
            0.23727242096055845,
            0.05664234430025772
        ],
        "primacy_scale": [
            12.453417420111869,
            0.28850812632393286,
            17.94181912113558,
            41.37158912066572,
            22.243486235154066,
            18.2584588154316,
            5.223306770790238,
            23.582609813331175,
            7.978165991711137,
            13.103355897389804,
            22.90680493940191,
            16.081145605730526,
            12.616106307649012,
            0.705064231627361,
            7.139367950881429,
            0.859150733773042,
            41.32908305671958,
            0.6462141356135405,
            20.78517715735343
        ],
        "primacy_decay": [
            1.6053008842220606e-05,
            83.05034402226771,
            0.0003258150786110259,
            0.00040504811451569367,
            0.0033668943048468236,
            0.002998293168992916,
            0.01541663209241051,
            0.004368272767365511,
            0.012301603141509077,
            0.06095905809111879,
            0.02043734833403328,
            0.0006064838343462498,
            0.001160237554614696,
            33.18130888525819,
            0.00036553714478075957,
            64.92165992944679,
            0.0008129887399022095,
            26.792798650183077,
            0.000421854292589785
        ],
        "choice_sensitivity": [
            42.741352156333434,
            98.17024268775492,
            54.12111388482587,
            20.509641992749017,
            52.91496321799223,
            49.128310582836725,
            90.5086947220305,
            44.39813631070595,
            68.05634286581295,
            77.54790911500717,
            46.786578064785004,
            52.94899352431219,
            54.75771386135415,
            91.77609254737698,
            66.28554609709305,
            95.00823975218142,
            28.429856315603196,
            94.0620673393386,
            47.033785080311134
        ],
        "allow_repeated_recalls": [
            1.0,
            1.0,
            1.0,
            1.0,
            1.0,
            1.0,
            1.0,
            1.0,
            1.0,
            1.0,
            1.0,
            1.0,
            1.0,
            1.0,
            1.0,
            1.0,
            1.0,
            1.0,
            1.0
        ],