{
    "fixed": {
        "allow_repeated_recalls": 1.0,
        "learn_after_context_update": 0.0,
        "mfc_sensitivity": 1.0,
        "mfc_first_pres_reinforcement": 0.0
    },
    "free": {
        "encoding_drift_rate": [
            2.220446049250313e-16,
            0.9999999999999998
        ],
        "start_drift_rate": [
            2.220446049250313e-16,
            0.9999999999999998
        ],
        "recall_drift_rate": [
            2.220446049250313e-16,
            0.9999999999999998
        ],
        "shared_support": [
            2.220446049250313e-16,
            100.0
        ],
        "item_support": [
            2.220446049250313e-16,
            100.0
        ],
        "learning_rate": [
            2.220446049250313e-16,
            0.9999999999999998
        ],
        "primacy_scale": [
            2.220446049250313e-16,
            100.0
        ],
        "primacy_decay": [
            2.220446049250313e-16,
            100.0
        ],
        "choice_sensitivity": [
            2.220446049250313e-16,
            100.0
        ],
        "mcf_first_pres_reinforcement": [
            2.220446049250313e-16,
            100.0
        ]
    },
    "fitness": [
        415.3455810546875,
        272.06988525390625,
        352.02490234375,
        347.96209716796875,
        464.1495361328125,
        318.6939392089844,
        515.032470703125,
        559.978759765625,
        445.9345703125,
        740.497314453125,
        381.3346252441406,
        659.4776611328125,
        210.22201538085938,
        370.58917236328125,
        445.1014709472656,
        360.4170837402344,
        708.0632934570312,
        414.76959228515625,
        282.0243225097656,
        407.91741943359375,
        644.2470703125,
        525.8038940429688,
        410.2151794433594,
        395.8758544921875
    ],
    "fits": {
        "encoding_drift_rate": [
            0.4584847246771044,
            0.48999198233700336,
            0.5084599870833559,
            0.7125433638680504,
            0.6782655487836975,
            0.8695790812608921,
            0.48146940828342183,
            0.31592361516923056,
            0.6474146731809134,
            0.43388209117250665,
            0.37870931198267266,
            0.34254142789293984,
            0.8632541779998999,
            0.3554308892597046,
            0.3841879559714395,
            0.7476533013573423,
            0.45950621030526617,
            0.533492639970296,
            0.5726631936249562,
            0.44426545060466777,
            0.6622924905834001,
            0.6874843692769299,
            0.49230951277354956,
            0.8553674942275203
        ],
        "start_drift_rate": [
            0.524803873057642,
            0.18436935003982863,
            0.008161854547181269,
            0.7456684431973994,
            0.5916803582986232,
            0.7870523931098343,
            0.7986896068263457,
            0.07926139639085397,
            0.566510774762142,
            0.49944202629036677,
            0.6595511778956807,
            0.40037585656939406,
            0.48034050302119347,
            0.09133159653339301,
            0.02612175507014513,
            0.6446799815673478,
            0.7791842109674645,
            0.3037475325957907,
            0.6114576352517194,
            0.04441058201378245,
            0.7660232258448844,
            0.8286612781726443,
            0.36352535872866726,
            0.6531999808749476
        ],
        "recall_drift_rate": [
            0.8029857417386261,
            0.2614248957160084,
            0.8028488530627921,
            0.7577578927209396,
            0.7074710103559945,
            0.7642293002535487,
            0.4755698191597189,
            0.8153520112670769,
            0.7352337263909334,
            0.5999454788246081,
            0.46888667686164665,
            0.42947058025764845,
            0.5715867251850183,
            0.8546224354191385,
            0.8727009120125537,
            0.3855021929369105,
            0.4725767671715438,
            0.567844101112835,
            0.5343669619987371,
            0.8155114132693644,
            0.7905348303358941,
            0.6236729734879092,
            0.835985993225837,
            0.5962617923774458
        ],
        "shared_support": [
            95.2396944517043,
            87.4414223731731,
            1.2569345270719126,
            96.31178530783093,
            92.45714000386344,
            89.04541574720315,
            18.400666025987995,
            56.706301490273226,
            74.02753931756527,
            83.32913074182326,
            84.27962240857204,
            66.65802941523442,
            5.8798606628999295,
            3.3771477240586734,
            24.014317486069803,
            4.763892929742333,
            40.854092026483364,
            4.241881506400148,
            89.97921663004632,
            1.1217242183606189,
            88.75396106285213,
            61.93440183954958,
            29.24093290359812,
            7.745831817678386
        ],
        "item_support": [
            85.4700401398706,
            0.06101935517650503,
            0.26151644897993265,
            76.53926962581332,
            76.72954077168168,
            71.55502070086604,
            12.504416702328413,
            48.83648023210018,
            55.032887779885364,
            58.55488352390967,
            1.5509571189964646,
            34.49187850884026,
            4.26728467586031,
            0.3222610453227688,
            16.95205879525532,
            3.3312826254812506,
            27.326293657237326,
            2.525276496064386,
            54.84503873749637,
            0.1285930501218715,
            83.17731726054258,
            49.82344336235574,
            21.213341499200077,
            6.600577645262547
        ],
        "learning_rate": [
            0.002288682699325667,
            0.582022962896452,
            0.0053570711166701646,
            0.06356909204975619,
            0.14889472579005794,
            0.051998027414882846,
            0.5803812183505724,
            8.503018459871124e-07,
            0.03723532441173604,
            0.6310338796109285,
            0.64268050373848,
            0.6809711309785145,
            0.17496089959602706,
            0.00029205457518277633,
            6.226992069085264e-05,
            0.21781314326080764,
            0.3224647320614508,
            0.4826720805525775,
            0.4868938904286881,
            0.0003152109360611832,
            0.10027439199172389,
            0.14380037522642936,
            0.002830765758152599,
            0.03130788021251696
        ],
        "primacy_scale": [
            56.17634001781502,
            18.003644164936496,
            6.521789457968971,
            41.11349082010991,
            32.73346625360917,
            14.899463050177111,
            4.334588371849037,
            91.3326174344222,
            52.78944063823678,
            17.868869261843606,
            61.72960994479584,
            14.46650642422614,
            0.0032029533903426,
            36.57600199904011,
            97.8628588078225,
            0.0014246570772513678,
            20.740395161588822,
            1.3315875978182774,
            27.712054720361706,
            9.33544247044523,
            24.58512215093865,
            16.78356674481976,
            51.61935232996536,
            0.07935323450433884
        ],