{
    "fixed": {
        "allow_repeated_recalls": 1.0,
        "learn_after_context_update": 0.0,
        "mfc_sensitivity": 1.0
    },
    "free": {
        "encoding_drift_rate": [
            2.220446049250313e-16,
            0.9999999999999998
        ],
        "start_drift_rate": [
            2.220446049250313e-16,
            0.9999999999999998
        ],
        "recall_drift_rate": [
            2.220446049250313e-16,
            0.9999999999999998
        ],
        "shared_support": [
            2.220446049250313e-16,
            100.0
        ],
        "item_support": [
            2.220446049250313e-16,
            100.0
        ],
        "learning_rate": [
            2.220446049250313e-16,
            0.9999999999999998
        ],
        "primacy_scale": [
            2.220446049250313e-16,
            100.0
        ],
        "primacy_decay": [
            2.220446049250313e-16,
            100.0
        ],
        "choice_sensitivity": [
            2.220446049250313e-16,
            100.0
        ],
        "mcf_first_pres_reinforcement": [
            2.220446049250313e-16,
            100.0
        ],
        "mfc_first_pres_reinforcement": [
            2.220446049250313e-16,
            100.0
        ]
    },
    "fitness": [
        2616.295166015625,
        2735.937744140625,
        2405.271484375,
        3106.78466796875,
        2396.513671875,
        4716.572265625,
        2520.508544921875,
        3510.57177734375,
        4476.06640625,
        2099.03369140625,
        758.7943725585938,
        3224.930908203125,
        4445.189453125,
        2641.970703125,
        3713.37158203125,
        3355.84912109375,
        2143.058837890625,
        2783.7431640625,
        968.6405029296875
    ],
    "fits": {
        "encoding_drift_rate": [
            0.9693526959766928,
            0.8967809536166041,
            0.8847764152608613,
            0.905557207363823,
            0.889714864690587,
            0.832258620417206,
            0.7947180172170273,
            0.8327020499396851,
            0.9535651072373517,
            0.8705727215666792,
            0.9468729987040072,
            0.8700624573806537,
            0.9415573014466555,
            0.9233159482874784,
            0.9830446298132444,
            0.967476482673939,
            0.8109128364572993,
            0.8763409858507547,
            0.9026649338948101
        ],
        "start_drift_rate": [
            0.4934464498003491,
            0.5693440548978309,
            0.6525108518570573,
            0.5662958244974355,
            0.6635344879067758,
            0.6609878797915406,
            0.6538556928147374,
            0.7122868489280263,
            0.6877935204445242,
            0.6539484155341748,
            0.6232083294864068,
            0.7899471458917283,
            0.6399238179495148,
            0.5906019685769732,
            0.31342222971933575,
            0.553816788033896,
            0.512202521658047,
            0.6471609196405275,
            0.7949897820475259
        ],
        "recall_drift_rate": [
            0.919977679542576,
            0.7696480262204961,
            0.787221848249186,
            0.8789903938334755,
            0.7203615858052106,
            0.7120068849019788,
            0.7184308742256299,
            0.7493717943041424,
            0.9720617317107346,
            0.8235110142353848,
            0.8564572970282267,
            0.7772266807756181,
            0.8648130593038026,
            0.7943636092379055,
            0.92028048320949,
            0.9212032022283767,
            0.7737226065427428,
            0.6996193959249443,
            0.8480453843047063
        ],
        "shared_support": [
            97.79063172242739,
            86.17037742569948,
            97.04427108885048,
            94.52301749712204,
            89.32978874108039,
            94.06144099988052,
            98.03173774613283,
            99.0538232770156,
            93.16571787661172,
            86.85421111967466,
            93.04743681501535,
            90.05345492648468,
            70.41463433729007,
            99.6774792417653,
            79.38184809533318,
            84.18786852516405,
            6.078075069073826,
            98.30368389877225,
            91.33677401574754
        ],
        "item_support": [
            49.0101211813144,
            75.37762320860361,
            76.30532515367429,
            55.90288543242181,
            52.26646889257057,
            67.30815030906122,
            81.35886829050838,
            79.10876826579076,
            88.32392642809867,
            67.33096871968053,
            76.9639758373502,
            29.59969545756599,
            60.48017466251217,
            72.34240631990092,
            43.478673413660744,
            63.15023737667398,
            5.420864846918889,
            79.34626565174786,
            73.00232294118248
        ],
        "learning_rate": [
            0.06736563821600115,
            0.032994246840500514,
            0.008292933024389519,
            0.2250254982236859,
            0.2523815300684798,
            0.3368230502547076,
            0.05939542067730337,
            0.09515462051599782,
            0.3076327944022793,
            0.14685557471997476,
            0.009791422420518836,
            0.17188098218377465,
            0.2883059889465437,
            0.10173051980584658,
            0.18891347915159218,
            0.057410231194963364,
            0.094240887491333,
            0.1767542388295132,
            0.028889854578881713
        ],
        "primacy_scale": [
            62.61970840995108,
            10.090591825184937,
            17.946383127276476,
            48.87092212213439,
            30.72964362139821,
            23.50833246808883,
            17.868674504936642,
            20.953537395455747,
            34.37299407491706,
            30.07561004976284,
            27.762135458704613,
            68.5512904665256,
            11.798687092428274,
            27.059903557482617,
            38.13138028837305,
            17.596902002719958,
            0.5554822064270155,
            17.93027247008495,
            17.67756500240263
        ],
        "primacy_decay": [
            0.0007505402160537825,
            0.015974486126822285,
            0.00012840748660682843,
            0.0005468075305524134,
            0.003403041563046827,
            0.001901945462172705,
            0.018307067617563177,
            0.00564723907524467,
            0.0027632768434813215,
            0.050867269658092636,
            0.02859474351355118,
            0.002311858851007157,
            0.0023899406739289475,
            0.003399199709782863,
            0.001049686738205935,
            0.0011418351161509577,
            1.9826442044750578,
            0.0004918714108796962,
            0.003390489340979741
        ],
        "choice_sensitivity": [
            12.092686427307243,
            92.61754903040186,
            56.18143717537461,
            17.3881779738698,
            37.57849278192609,
            44.347841657388955,
            76.68594134120002,
            50.4803282329714,
            20.191679495527037,
            36.01867894021137,
            37.07404514509775,
            15.104479640154942,
            47.89907749649059,
            41.127780404111654,
            13.46610100467339,
            28.6676426593878,
            81.4494278514267,
            69.29974611283424,
            50.44242578180109
        ],