{
    "fixed": {
        "allow_repeated_recalls": 1.0,
        "learn_after_context_update": 0.0
    },
    "free": {
        "encoding_drift_rate": [
            2.220446049250313e-16,
            0.9999999999999998
        ],
        "start_drift_rate": [
            2.220446049250313e-16,
            0.9999999999999998
        ],
        "recall_drift_rate": [
            2.220446049250313e-16,
            0.9999999999999998
        ],
        "shared_support": [
            2.220446049250313e-16,
            100.0
        ],
        "item_support": [
            2.220446049250313e-16,
            100.0
        ],
        "learning_rate": [
            2.220446049250313e-16,
            0.9999999999999998
        ],
        "primacy_scale": [
            2.220446049250313e-16,
            100.0
        ],
        "primacy_decay": [
            2.220446049250313e-16,
            100.0
        ],
        "choice_sensitivity": [
            2.220446049250313e-16,
            100.0
        ],
        "mfc_sensitivity": [
            2.220446049250313e-16,
            100.0
        ]
    },
    "fitness": [
        2611.4091796875,
        2744.47119140625,
        2397.93798828125,
        3102.1416015625,
        2400.42041015625,
        4719.66064453125,
        2503.223388671875,
        3499.193359375,
        4485.568359375,
        2101.059814453125,
        760.1092529296875,
        3207.74951171875,
        4447.5517578125,
        2626.64013671875,
        3707.66064453125,
        3338.87646484375,
        2165.52734375,
        2775.675537109375,
        965.33935546875
    ],
    "fits": {
        "encoding_drift_rate": [
            0.9827318823108616,
            0.9085822143676612,
            0.885528668428911,
            0.8853677484048439,
            0.909908191960777,
            0.837356414806584,
            0.7892527409021947,
            0.8122128084332868,
            0.9560630155345832,
            0.8895941418043536,
            0.9413362266021765,
            0.8554892676929249,
            0.9538228871237657,
            0.909745512886525,
            0.9444332308886951,
            0.9634818436621552,
            0.8371477731068764,
            0.876488605916468,
            0.9078252647591335
        ],
        "start_drift_rate": [
            0.4721268141961867,
            0.5488687923005251,
            0.5192933083385285,
            0.5634106810215409,
            0.5065028511094332,
            0.6995941379576598,
            0.5239851283069253,
            0.6385685059347377,
            0.6768087955750243,
            0.663157115768212,
            0.6096060333746613,
            0.8174341450867584,
            0.622605083515001,
            0.3407410384975804,
            0.14138753490719508,
            0.28788819754942574,
            0.6746155536912591,
            0.435946464853463,
            0.7225177423840151
        ],
        "recall_drift_rate": [
            0.9026178003480949,
            0.7632354686243837,
            0.7902170142103034,
            0.8400620023902949,
            0.7373044524188069,
            0.7578630517508966,
            0.6980198532551909,
            0.7163134734395082,
            0.9691796831010788,
            0.8378203719941413,
            0.8352933835778242,
            0.7853736587071779,
            0.8554502427428137,
            0.7499258293690529,
            0.9043273682709336,
            0.9103218940233078,
            0.7775903832006739,
            0.6661025631129124,
            0.8335656895191113
        ],
        "shared_support": [
            95.45413395041291,
            99.01966846605103,
            8.710504861605173,
            81.1911032248741,
            7.605114862045305,
            90.07286513288227,
            7.152316620649422,
            7.016248504339593,
            12.155204157712753,
            96.15466147152172,
            90.25082463696096,
            94.86116356655258,
            94.18073015816017,
            7.989699054667135,
            6.91585131985903,
            14.064292883126093,
            58.83057623014629,
            6.864627182460644,
            7.765680789999195
        ],
        "item_support": [
            88.24386057975977,
            84.85688628266772,
            7.550450225451506,
            71.0057255666681,
            6.473807610795426,
            75.15299403103256,
            6.167681503552728,
            6.146895808669861,
            11.967786338373756,
            83.07406572619553,
            74.24981403671336,
            64.84845722134618,
            84.38120854203729,
            6.955588090921019,
            5.920284285221541,
            12.751648056977906,
            42.2108551410719,
            5.709665124668703,
            6.803269936891688
        ],
        "learning_rate": [
            0.04557405502612211,
            0.05184759306854251,
            0.023922693825792152,
            0.26984449542714195,
            0.21381920450735425,
            0.281657235909141,
            0.04167452658929783,
            0.10171920482489516,
            0.31485364032429364,
            0.0566416246086901,
            0.0339692474052127,
            0.12121371017331431,
            0.2721032121609676,
            0.176619112307983,
            0.05714689586953822,
            0.06458773292551838,
            0.11568395428543592,
            0.2316951661623569,
            0.08871498207633037
        ],
        "primacy_scale": [
            6.90262747314506,
            13.425436717735806,
            0.27321620156839543,
            10.834123910098242,
            0.44180553215522167,
            15.679700528699833,
            0.42138382393284246,
            0.2226951775163002,
            0.05908038461546283,
            18.62407646753934,
            25.680116144075903,
            33.33802767612649,
            12.008579098383464,
            0.7959304306657202,
            1.6686213255387514,
            1.0402639812866354,
            22.668011309661907,
            0.5590460931029568,
            0.16799170225602467
        ],
        "primacy_decay": [
            3.804727423073473e-05,
            0.014072881275582911,
            77.11622980911584,
            0.0011608938293576898,
            29.408146356113953,
            0.001963348533251974,
            0.49186276383858285,
            49.234003704043786,
            55.6984824835002,
            0.05621675481456069,
            0.028078635548930576,
            0.001106767439154055,
            0.0011525674125465457,
            85.25591030100202,
            83.30224802596189,
            13.03787154678696,
            2.220446049250313e-16,
            61.447811836629725,
            82.6125567650133
        ],
        "choice_sensitivity": [
            82.53408800882241,
            83.24544240798826,
            94.40874121153762,
            64.37353319986174,
            92.32216678333592,
            56.356368980525026,
            98.75716940182772,
            83.10287904943132,
            83.50594053499069,
            55.987030066899614,
            40.49196455200472,
            28.368694012616402,
            62.16546636377189,
            99.21349517323566,
            42.05513969197016,
            89.28299072161923,
            33.280437717752726,
            98.85739841480077,
            82.01037678867966
        ],