{
    "fixed": {
        "allow_repeated_recalls": 1.0,
        "learn_after_context_update": 0.0,
        "mfc_sensitivity": 1.0
    },
    "free": {
        "encoding_drift_rate": [
            2.220446049250313e-16,
            0.9999999999999998
        ],
        "start_drift_rate": [
            2.220446049250313e-16,
            0.9999999999999998
        ],
        "recall_drift_rate": [
            2.220446049250313e-16,
            0.9999999999999998
        ],
        "shared_support": [
            2.220446049250313e-16,
            100.0
        ],
        "item_support": [
            2.220446049250313e-16,
            100.0
        ],
        "learning_rate": [
            2.220446049250313e-16,
            0.9999999999999998
        ],
        "primacy_scale": [
            2.220446049250313e-16,
            100.0
        ],
        "primacy_decay": [
            2.220446049250313e-16,
            100.0
        ],
        "choice_sensitivity": [
            2.220446049250313e-16,
            100.0
        ],
        "blend_weight": [
            2.220446049250313e-16,
            0.9999999999999998
        ]
    },
    "fitness": [
        2597.445556640625,
        2751.7158203125,
        2401.718505859375,
        3101.636474609375,
        2397.686279296875,
        4712.85595703125,
        2522.622802734375,
        3513.857177734375,
        4482.96240234375,
        2117.56494140625,
        760.938232421875,
        3216.0732421875,
        4441.37939453125,
        2641.012451171875,
        3710.66845703125,
        3373.59375,
        2157.4990234375,
        2789.27197265625,
        969.4913330078125
    ],
    "fits": {
        "encoding_drift_rate": [
            0.9433199810006707,
            0.9186828937878975,
            0.8844216801526039,
            0.9007625034681863,
            0.8869188888361348,
            0.8377818248960449,
            0.8049471918520203,
            0.8183310626224651,
            0.9703121042058532,
            0.8915274643657312,
            0.9390924675311249,
            0.8599382734308352,
            0.9443357464298922,
            0.916227461059294,
            0.9569753131642885,
            0.9799770133109955,
            0.8252959420369654,
            0.8774631318866192,
            0.9039145116076448
        ],
        "start_drift_rate": [
            0.13849410023671443,
            0.526440549778557,
            0.4359384928399368,
            0.5683415318745915,
            0.5553719136551151,
            0.5820606258901758,
            0.6610782757328673,
            0.7395437344321637,
            0.6626095164543896,
            0.6430646967082545,
            0.5925015594146507,
            0.8136121683028739,
            0.4940333936838361,
            0.5899939977722822,
            0.105373344200976,
            0.5385966864893793,
            0.7288196383761637,
            0.6523715474472417,
            0.788101504156023
        ],
        "recall_drift_rate": [
            0.9328151265236373,
            0.7536612274678083,
            0.7767607373994405,
            0.8516383025113319,
            0.7111756481388609,
            0.7247388636535532,
            0.7140573373300362,
            0.7614802756504075,
            0.9775443646474622,
            0.7862347325625965,
            0.8329386312440636,
            0.7926487806649489,
            0.8324154184393588,
            0.7661097375425174,
            0.8982542535158633,
            0.9357384990021782,
            0.7994876717279177,
            0.7014710960061435,
            0.8400065704727973
        ],
        "shared_support": [
            15.020084517781953,
            8.007587196120163,
            8.23338369480124,
            83.0854854319023,
            7.076238789643838,
            7.8038130537997645,
            98.78653797266173,
            85.08104967138269,
            70.68576169690068,
            9.057770205241873,
            89.1407290316356,
            93.51893264206825,
            10.493152337354466,
            71.79189290973254,
            14.670574721741382,
            97.29156642073144,
            95.71890140710966,
            96.46289004948241,
            96.07958679087531
        ],
        "item_support": [
            14.279321168058146,
            6.919943623800563,
            7.078854383181522,
            58.56422103840211,
            5.899303997724978,
            6.802327041690923,
            83.5274028023921,
            64.31786424902953,
            66.15290218257155,
            8.215740909148309,
            78.38449051137387,
            61.876869525048576,
            9.631144488422962,
            47.11891452894338,
            13.793188726639485,
            65.10400107331795,
            86.4263162230406,
            78.5059842971255,
            71.34782290043746
        ],
        "learning_rate": [
            0.0017842310812456463,
            0.10429499820504401,
            0.08514778174172975,
            0.1784836689738516,
            0.27257814843458866,
            0.3055773002790054,
            0.058679739867533026,
            0.0019339268495860095,
            0.24831475150819732,
            0.2302143056362696,
            0.07075188466544506,
            0.1441374168701576,
            0.3165047995450291,
            0.1156127319479166,
            0.11954927260934206,
            0.08960065197348244,
            0.051567249601866594,
            0.1648537399750271,
            0.04877603103333298
        ],
        "primacy_scale": [
            3.772981574917125,
            0.087635075260863,
            0.4724328589326774,
            32.23986273395825,
            0.31061536475751694,
            0.22674336438689124,
            17.969843119850736,
            26.643608800712716,
            58.078205010728546,
            0.10041486277454226,
            17.69187648730899,
            36.86772283508608,
            0.3812679320529355,
            22.652384738016785,
            2.193677965539827,
            31.85178351268505,
            16.638411835346126,
            16.99305549045897,
            26.983514792357948
        ],
        "primacy_decay": [
            2.4739891782977566,
            45.45792680528375,
            70.79918657487514,
            0.00011877400035116673,
            21.010400107188442,
            23.556830103207094,
            0.013625252965283607,
            0.011106072548858115,
            0.013616020784951388,
            70.79091387496688,
            0.024571388805099837,
            0.000560287005579803,
            71.99533467111253,
            0.00020399800040138416,
            31.034411123655094,
            0.0006911399087848817,
            7.371318666571369e-06,
            0.001183941696833621,
            0.001808573337527264
        ],
        "choice_sensitivity": [
            95.8855437997509,
            90.85453374498114,
            94.85482115109752,
            23.216114025904687,
            92.93810448618169,
            85.09634138038055,
            75.40577720342377,
            36.297026452004616,
            9.897247527038452,
            96.62610319068656,
            56.479292154441254,
            25.922407932726514,
            97.34865250944421,
            36.7334814483859,
            93.23729703110737,
            18.616649147326946,
            66.81119294070642,
            71.03518997794322,
            37.143671328078604
        ],