value,mean,ci_lower,ci_upper
0,4.076031684875488,3.8702188113331797,4.281844558417797
4,3.8085715770721436,3.609139792919159,4.0080033612251285
8,3.646904945373535,3.444113650918007,3.8496962398290635
12,3.4157934188842773,3.215881191492081,3.615705646276474
16,3.249603271484375,3.0511192163825034,3.4480873265862466
20,3.1082541942596436,2.9059848159551622,3.310523572564125
24,2.974364995956421,2.7743811109662055,3.1743488809466363
28,2.8645238876342773,2.6670427322387695,3.062005043029785
32,2.7103967666625977,2.523817189633846,2.896976343691349
