value,mean,ci_lower,ci_upper
0,3.9588890075683594,3.729580035507679,4.18819797962904
4,3.654524087905884,3.4346943485736845,3.874353827238083
8,3.445873260498047,3.235815488398075,3.6559310325980188
12,3.208571672439575,3.001461047232151,3.4156822976469994
16,2.9998412132263184,2.798711069524288,3.2009713569283487
20,2.84849214553833,2.64442861109972,3.05255567997694
24,2.7184128761291504,2.523090780079365,2.913734972178936
28,2.5944442749023438,2.40278030872345,2.7861082410812377
32,2.4530155658721924,2.274462691247463,2.6315684404969217
