value,mean,ci_lower,ci_upper
0,3.8909521102905273,3.663780234456062,4.118123986124992
4,3.6248414516448975,3.408397011756897,3.841285891532898
8,3.4426190853118896,3.230887413918972,3.6543507567048072
12,3.2018253803253174,2.9979534098505973,3.4056973508000374
16,2.9998412132263184,2.798711069524288,3.2009713569283487
20,2.852301836013794,2.6488175496459005,3.0557861223816873
24,2.720238208770752,2.5231219419836997,2.9173544755578042
28,2.5999207496643066,2.4072646462917326,2.7925768530368806
32,2.459047794342041,2.2781950277090073,2.6399005609750748
