value,mean,ci_lower,ci_upper
0,4.221904754638672,4.046938191652298,4.396871317625045
4,3.912222385406494,3.719354317486286,4.105090453326702
8,3.6794443130493164,3.4812574610114098,3.877631165087223
12,3.435476541519165,3.236062120497227,3.634890962541103
16,3.237222194671631,3.0440266221761703,3.4304177671670915
20,3.091825485229492,2.893812571167946,3.2898383992910385
24,2.946666717529297,2.75395488858223,3.139378546476364
28,2.8310320377349854,2.6428046864271164,3.0192593890428543
32,2.6869843006134033,2.506272366642952,2.8676962345838546
