value,mean,ci_lower,ci_upper
0,5.603254318237305,5.328723589777947,5.877785046696663
4,5.043492794036865,4.785942360758781,5.301043227314949
8,4.599921226501465,4.357658891379833,4.842183561623097
12,4.17722225189209,3.945780491530895,4.4086640122532845
16,3.859365463256836,3.632033507823944,4.086697418689727
20,3.58658766746521,3.364187907278538,3.808987427651882
24,3.3769049644470215,3.1608602416515352,3.5929496872425077
28,3.1834919452667236,2.974800574183464,3.3921833163499833
32,2.9721429347991943,2.779012871980667,3.1652729976177216
