{
    "fixed": {
        "allow_repeated_recalls": 0.0
    },
    "free": {
        "encoding_drift_rate": [
            2.220446049250313e-16,
            0.9999999999999998
        ],
        "start_drift_rate": [
            2.220446049250313e-16,
            0.9999999999999998
        ],
        "recall_drift_rate": [
            2.220446049250313e-16,
            0.9999999999999998
        ],
        "shared_support": [
            2.220446049250313e-16,
            100.0
        ],
        "item_support": [
            2.220446049250313e-16,
            100.0
        ],
        "learning_rate": [
            2.220446049250313e-16,
            0.9999999999999998
        ],
        "primacy_scale": [
            2.220446049250313e-16,
            100.0
        ],
        "primacy_decay": [
            2.220446049250313e-16,
            100.0
        ],
        "stop_probability_scale": [
            2.220446049250313e-16,
            0.9999999999999998
        ],
        "stop_probability_growth": [
            2.220446049250313e-16,
            10.0
        ],
        "choice_sensitivity": [
            2.220446049250313e-16,
            100.0
        ]
    },
    "fitness": [
        737.9118041992188,
        2195.493408203125,
        2145.301513671875,
        1286.356689453125,
        2396.213134765625,
        2321.318359375,
        2381.99658203125,
        846.7064819335938,
        1538.481201171875,
        596.7234497070312,
        1722.728271484375,
        334.8861389160156,
        1212.17041015625,
        1301.731689453125,
        1003.46435546875,
        1125.193115234375,
        2315.818115234375,
        367.1401672363281,
        307.3103942871094,
        2079.60498046875,
        348.55572509765625,
        1805.855224609375,
        2479.066650390625,
        1092.22216796875,
        272.8746032714844,
        2006.3095703125,
        391.2507629394531,
        316.8559875488281,
        2215.80615234375,
        1334.92822265625,
        291.14813232421875,
        653.053466796875,
        378.5165100097656
    ],
    "fits": {
        "encoding_drift_rate": [
            0.7068912874123293,
            0.7226779906349606,
            0.7639164863546256,
            0.7958797764288384,
            0.733007958434444,
            0.7700752081241228,
            0.8655220561095776,
            0.6920048512562667,
            0.7471118990750165,
            0.6430074705248172,
            0.7268069995724842,
            0.6151690100871826,
            0.6754920577492666,
            0.9053666443036048,
            0.7699471405887239,
            0.7636790411954059,
            0.8856344603830857,
            0.6124925427936765,
            0.5783368241871738,
            0.7147842468710619,
            0.723028709890442,
            0.7259300872126729,
            0.772097187515917,
            0.7146366792000716,
            0.5464786822632489,
            0.7204086003008353,
            0.6543812120171415,
            0.6160326306109776,
            0.7700052316740672,
            0.800266101462394,
            0.5222990727541548,
            0.6778290023881368,
            0.7980338813367943
        ],
        "start_drift_rate": [
            0.6678693977233182,
            0.13825115018073636,
            0.20375366229286723,
            0.5962196499724195,
            0.2640407318779365,
            0.18936269467031064,
            0.4436175079204786,
            0.66858289432929,
            0.006199327076065797,
            0.010846594089973793,
            0.46239085777046196,
            0.059520569417103056,
            0.33390035279659547,
            0.564257744442322,
            0.4719733776632177,
            0.7747040403405415,
            0.019836342745578994,
            0.9084740653353177,
            0.060574246315232595,
            0.4003163145901177,
            0.1120789869681682,
            0.14024685155090189,
            0.08872241303555001,
            0.9950206477496091,
            0.3079374942857277,
            0.3690633814037808,
            0.32849368238323884,
            0.5456614076797071,
            0.01624582367380989,
            0.019480601788770036,
            0.16728525585363346,
            0.42954441384487896,
            0.02836637091477412
        ],
        "recall_drift_rate": [
            0.8649562964183316,
            0.9468490140679113,
            0.9578315330488404,
            0.9066182313225961,
            0.8241093050328288,
            0.9284412884736033,
            0.8949874381654306,
            0.813753204049211,
            0.8932729687879304,
            0.8157967009175795,
            0.7984112053060994,
            0.4815651822839727,
            0.9394520907933096,
            0.9548053199220224,
            0.9023732602189383,
            0.9316021082573174,
            0.919170648142881,
            0.912260483614691,
            0.39786490739410674,
            0.8855161086277561,
            0.4704623915820088,
            0.8375577805486367,
            0.8445111567197208,
            0.0838109602146551,
            0.9734648586936787,
            0.8300316613522877,
            0.8677868578311836,
            0.8807923851320043,
            0.8880411302578608,
            0.9162384355878908,
            0.7957755624931967,
            0.5243321651558265,
            0.9996749955519699
        ],
        "shared_support": [
            54.949253573712696,
            0.23294035740001107,
            0.7658753811099146,
            5.841575236255657,
            4.981068882855922,
            33.42913731210377,
            0.7767492155102218,
            18.19539215306707,
            0.07337805620636573,
            0.12976877114548557,
            1.2949904097190412,
            17.958451747425798,
            19.483632384516458,
            10.413551364789704,
            31.979606909888613,
            50.18401643692252,
            0.06815587741547091,
            9.916020133008665,
            45.06970891892978,
            21.545935946937107,
            31.39292858190212,
            20.09326739192947,
            2.5642034629990036,
            42.40350678719479,
            28.16609485046653,
            28.013594654960738,
            13.320065194517959,
            9.397861821030531,
            9.298834313774648,
            2.079088118651356,
            42.60263274228395,
            24.656746659170913,
            23.31817206471176
        ],
        "item_support": [
            58.11719897291117,
            1.7515942719863844,
            3.693913187062549,
            10.025293617574967,
            7.295046586072068,
            34.859492104732105,
            4.910669283545445,
            22.771805342445905,
            9.062798138794705,
            20.001156297188814,
            4.564518155342874,
            21.13971297152082,
            21.54024811788294,
            45.792750874549505,
            33.39369670836059,
            54.77812855123159,
            1.5194773614925694,
            19.5170497635463,
            51.811843692368555,
            23.99588525717007,
            34.170950547768186,
            21.903168541663142,
            4.832298099448046,
            69.29522563191902,
            37.159485811858694,
            30.025563476219464,
            18.176745643987978,
            9.612525106635786,
            9.401420569408891,
            7.874935583502463,
            52.81345947707996,
            26.07528368124365,
            23.494839997040717
        ],