{
    "fixed": {
        "mfc_choice_sensitivity": 1.0,
        "allow_repeated_recalls": 0.0
    },
    "free": {
        "encoding_drift_rate": [
            2.220446049250313e-16,
            0.9999999999999998
        ],
        "start_drift_rate": [
            2.220446049250313e-16,
            0.9999999999999998
        ],
        "recall_drift_rate": [
            2.220446049250313e-16,
            0.9999999999999998
        ],
        "shared_support": [
            2.220446049250313e-16,
            100.0
        ],
        "item_support": [
            2.220446049250313e-16,
            100.0
        ],
        "learning_rate": [
            2.220446049250313e-16,
            0.9999999999999998
        ],
        "primacy_scale": [
            2.220446049250313e-16,
            100.0
        ],
        "primacy_decay": [
            2.220446049250313e-16,
            100.0
        ],
        "stop_probability_scale": [
            2.220446049250313e-16,
            0.9999999999999998
        ],
        "stop_probability_growth": [
            2.220446049250313e-16,
            10.0
        ],
        "choice_sensitivity": [
            2.220446049250313e-16,
            100.0
        ],
        "first_presentation_reinforcement": [
            2.220446049250313e-16,
            100.0
        ]
    },
    "fitness": [
        731.0240478515625,
        2199.5732421875,
        2145.94384765625,
        1281.4129638671875,
        2396.204833984375,
        2295.2666015625,
        2375.039794921875,
        855.04833984375,
        1531.204345703125,
        593.180908203125,
        1711.939453125,
        331.032470703125,
        1212.06689453125,
        1203.1756591796875,
        995.8978881835938,
        1102.0048828125,
        2352.61669921875,
        364.37518310546875,
        308.1339111328125,
        2060.57861328125,
        348.3382263183594,
        1806.04833984375,
        2490.11669921875,
        1088.1162109375,
        275.6441650390625,
        1995.5543212890625,
        388.1755676269531,
        316.59405517578125,
        2242.66748046875,
        1338.4951171875,
        286.583740234375,
        651.3447265625,
        371.0257873535156
    ],
    "fits": {
        "encoding_drift_rate": [
            0.9569587678465566,
            0.8999621767284569,
            0.7443103275638846,
            0.8182659566921131,
            0.712626492694501,
            0.8326811657383388,
            0.8659771872019157,
            0.7836198237653176,
            0.620891812392761,
            0.7161158282779859,
            0.8766986066435221,
            0.5688754385727318,
            0.9845209461950923,
            0.8826126272777339,
            0.9285265569835379,
            0.8719820301680707,
            0.9091116868308657,
            0.9219016610921594,
            0.47602580894341,
            0.8706217074698106,
            0.9098497139065322,
            0.8297309631893919,
            0.7162961781519395,
            0.7070740821239605,
            0.7086314668211616,
            0.8901596776054577,
            0.23260178951879681,
            0.2547073071054122,
            0.9318514255737189,
            0.8411499324912428,
            0.7332270745233536,
            0.8957974416526364,
            0.8721344573436207
        ],
        "start_drift_rate": [
            0.7689314178903676,
            0.057277871819919994,
            0.17991231703786165,
            0.7393374535128813,
            0.2539234353122721,
            0.1502079563843592,
            0.36386865758244014,
            0.37404956157160746,
            0.004013152997398017,
            0.029930645091627017,
            0.1181484807347763,
            0.004683942118928641,
            0.34959112566089673,
            0.4939709661788933,
            0.4452523758116228,
            0.5219812673022315,
            0.1191818242540244,
            0.841791125299507,
            0.012346202511908887,
            0.5722415357739085,
            0.16569122642766282,
            0.36346649381491136,
            0.1341431192644728,
            0.9969944728751008,
            0.659789235983786,
            0.2021232955015022,
            0.2375298489636427,
            0.3828877973814215,
            0.07610221309268422,
            0.02977729946786865,
            0.4806182496306786,
            0.6166583663409861,
            0.03480170186084003
        ],
        "recall_drift_rate": [
            0.9432488763874343,
            0.7402361774789915,
            0.8211340836090133,
            0.9091206567504018,
            0.7566044851752431,
            0.7812745781502419,
            0.7575377668396399,
            0.8479806223709414,
            0.5752332789149103,
            0.5294628810274153,
            0.6388258050416278,
            0.32858714316883686,
            0.9064902507770134,
            0.8491814985205037,
            0.8029400767038283,
            0.8270308864348099,
            0.7024849595825257,
            0.9881551936931439,
            0.3220288155399994,
            0.7762801996059682,
            0.5919817720057938,
            0.6140523552838822,
            0.6834395388849421,
            0.16101375405819368,
            0.9962307291084962,
            0.7777343488023964,
            0.9962335764783239,
            0.5353845207602176,
            0.9843343223178747,
            0.8621612805922976,
            0.7876067669002458,
            0.7321031549118199,
            0.9995623354473387
        ],
        "shared_support": [
            2.3771396226157364,
            0.30535281062372377,
            11.791301603643724,
            68.64260912642683,
            16.99925618029868,
            4.650337115562024,
            76.16032867985591,
            1.9290916327464345,
            2.521449892694285,
            0.04793444443952666,
            10.083791418458901,
            11.361032539188862,
            18.56891752262515,
            94.7524755348222,
            65.30931501536666,
            7.874268066372309,
            9.445425157344253,
            10.925780836599671,
            69.06693316211354,
            78.47677150661113,
            46.52648451075832,
            83.90027055458432,
            1.5321702927803926,
            23.9073748487721,
            34.28922485905209,
            11.270163058460469,
            0.054541860368420375,
            6.46034409454343,
            6.547149112850796,
            22.023772286480092,
            2.092148808376244,
            28.403832185674744,
            0.43708435988701666
        ],
        "item_support": [
            6.893502240833868,
            0.08690053906116901,
            12.168738693583038,
            97.64261069255967,
            17.978371172004742,
            4.648183114599675,
            87.23387590396301,
            4.712743616943982,
            3.294264470062572,
            0.6571799102226095,
            10.11263946980526,
            17.92625303108344,
            33.88093903150178,
            95.58569449474854,
            60.97893460176116,
            7.737815727259566,
            2.387897772383738,
            84.39698107998944,
            91.0652999679231,
            80.54791479116952,
            54.79551898597569,
            89.88898861589136,
            2.154238455050397,
            51.61753464568805,
            86.58414524352216,
            11.362420826438665,
            1.5060726388588104,
            15.687655492424554,
            1.1584381185174735,
            23.789856694621125,
            4.2813241761409415,
            89.30372479750906,
            0.0024546423557083585
        ],