{
    "fixed": {
        "mfc_choice_sensitivity": 1.0,
        "allow_repeated_recalls": 0.0
    },
    "free": {
        "encoding_drift_rate": [
            2.220446049250313e-16,
            0.9999999999999998
        ],
        "start_drift_rate": [
            2.220446049250313e-16,
            0.9999999999999998
        ],
        "recall_drift_rate": [
            2.220446049250313e-16,
            0.9999999999999998
        ],
        "shared_support": [
            2.220446049250313e-16,
            100.0
        ],
        "item_support": [
            2.220446049250313e-16,
            100.0
        ],
        "learning_rate": [
            2.220446049250313e-16,
            0.9999999999999998
        ],
        "primacy_scale": [
            2.220446049250313e-16,
            100.0
        ],
        "primacy_decay": [
            2.220446049250313e-16,
            100.0
        ],
        "stop_probability_scale": [
            2.220446049250313e-16,
            0.9999999999999998
        ],
        "stop_probability_growth": [
            2.220446049250313e-16,
            10.0
        ],
        "choice_sensitivity": [
            2.220446049250313e-16,
            100.0
        ],
        "first_presentation_reinforcement": [
            2.220446049250313e-16,
            100.0
        ]
    },
    "fitness": [
        733.790283203125,
        2200.312255859375,
        2137.759765625,
        1281.77978515625,
        2393.789306640625,
        2294.21142578125,
        2374.583740234375,
        849.7540283203125,
        1526.17578125,
        595.2373046875,
        1713.316650390625,
        329.3782958984375,
        1204.647705078125,
        1203.87255859375,
        995.7085571289062,
        1102.246337890625,
        2344.156005859375,
        362.9295959472656,
        310.01629638671875,
        2063.72802734375,
        346.7024841308594,
        1806.890869140625,
        2489.974853515625,
        1089.6044921875,
        274.50262451171875,
        1996.99609375,
        389.8980407714844,
        312.1053771972656,
        2186.62744140625,
        1329.143798828125,
        287.0682678222656,
        653.981689453125,
        371.79168701171875
    ],
    "fits": {
        "encoding_drift_rate": [
            0.9119650559541612,
            0.9088471611352918,
            0.8343722859185265,
            0.8554610344171432,
            0.9519677233987308,
            0.8609366563592709,
            0.8736169413432948,
            0.7100019410291035,
            0.8686596308699523,
            0.8448170351612092,
            0.8331552891421985,
            0.537913389956566,
            0.9122159859259749,
            0.8881149783778333,
            0.937726488036833,
            0.8790462108294015,
            0.9022206794173024,
            0.8941919808360173,
            0.7611116378268197,
            0.8567396724510663,
            0.9088614884128616,
            0.8222982752341932,
            0.7520646223041866,
            0.7982055465607472,
            0.6573575656581532,
            0.8818893323050414,
            0.4595857532996348,
            0.9193617422783786,
            0.7468533346428741,
            0.8564050727722672,
            0.6775523715394094,
            0.9218210191695286,
            0.8653831924553219
        ],
        "start_drift_rate": [
            0.778910615171252,
            0.06737822523846092,
            0.050683192699939685,
            0.7117667570467282,
            0.3092074889128327,
            0.14904413654143217,
            0.4364044085984955,
            0.9561030630399574,
            0.0005811697371362889,
            0.03472345227873208,
            0.1891157112848728,
            0.0030196132615308104,
            0.06810119166080525,
            0.49045136167778347,
            0.48451819817893077,
            0.5179996911452246,
            0.18017397154325582,
            0.7085710164853872,
            0.5961746539872818,
            0.6105465453088299,
            0.13294489410722649,
            0.3547540606859678,
            0.10118525288288616,
            0.9768810535619221,
            0.6367446204857736,
            0.19562162007379985,
            0.1913975591514897,
            0.5787382748527012,
            0.04414236209555261,
            0.021709225564401247,
            0.5105273470319944,
            0.7201473047548225,
            0.04160464656856411
        ],
        "recall_drift_rate": [
            0.9137515808622363,
            0.7977741246586925,
            0.9616887662612037,
            0.9246231708340067,
            0.8473591160307212,
            0.7691705766398572,
            0.8138745915057797,
            0.8112134128110293,
            0.7476762762393142,
            0.8844492087265399,
            0.6481203204192849,
            0.37863644252105877,
            0.9925454012197906,
            0.8469151190517783,
            0.8812362295656131,
            0.8079219537216726,
            0.770442133806472,
            0.9732522263116631,
            0.32779938293774635,
            0.7398279084409118,
            0.5231734089443253,
            0.5783373492323026,
            0.7356264076707003,
            0.23231431776661088,
            0.9980485844680842,
            0.8034073290378076,
            0.7053351998449013,
            0.9489229832485818,
            0.7940354365867612,
            0.9067235275869512,
            0.7839874617133241,
            0.5053605574774978,
            0.9989025024022101
        ],
        "shared_support": [
            25.90595258762201,
            0.6035875056472761,
            0.1065513633228079,
            28.271788160402224,
            21.194104814731947,
            6.88216547031724,
            53.90013581735255,
            1.9815452725863878,
            0.012381843894232247,
            0.06398919012570303,
            3.0357508426572224,
            4.524915810610466,
            0.12582938624435513,
            76.22835855395698,
            82.4204735488245,
            11.44637004201899,
            71.98625454959554,
            38.31910835764436,
            0.4743596003365411,
            62.68382172665006,
            69.16168534216139,
            76.33773828003159,
            3.73205623423474,
            19.405831921886975,
            34.985563471105365,
            9.177549782665487,
            3.689127307902808,
            5.843359447054993,
            10.111431868377288,
            1.180305432498841,
            30.04669592993807,
            38.002611266949025,
            0.4060526078208895
        ],
        "item_support": [
            40.006974878576806,
            0.6107538896568698,
            1.9148524102449045,
            56.20141698910162,
            49.33576182435531,
            6.889077603126594,
            68.76057200572416,
            11.457346327996774,
            3.269771299520322,
            98.11231751123981,
            3.201422232660832,
            5.07823660214374,
            1.4390439568014415,
            77.9147304153941,
            78.96961032027377,
            11.349460763451134,
            58.38210654449336,
            89.23792907515372,
            10.056278129492718,
            67.5641432659509,
            97.73269962806357,
            74.34859097352778,
            4.468014266519958,
            88.81920191263761,
            91.02600553666242,
            9.602793882711211,
            4.202688521230769,
            5.7213213321193805,
            9.915230373454868,
            5.388035859443349,
            33.23737340921264,
            73.50406576581562,
            0.03851105791409992
        ],