{
    "fixed": {
        "mfc_choice_sensitivity": 1.0,
        "allow_repeated_recalls": 0.0
    },
    "free": {
        "encoding_drift_rate": [
            2.220446049250313e-16,
            0.9999999999999998
        ],
        "start_drift_rate": [
            2.220446049250313e-16,
            0.9999999999999998
        ],
        "recall_drift_rate": [
            2.220446049250313e-16,
            0.9999999999999998
        ],
        "shared_support": [
            2.220446049250313e-16,
            100.0
        ],
        "item_support": [
            2.220446049250313e-16,
            100.0
        ],
        "learning_rate": [
            2.220446049250313e-16,
            0.9999999999999998
        ],
        "primacy_scale": [
            2.220446049250313e-16,
            100.0
        ],
        "primacy_decay": [
            2.220446049250313e-16,
            100.0
        ],
        "stop_probability_scale": [
            2.220446049250313e-16,
            0.9999999999999998
        ],
        "stop_probability_growth": [
            2.220446049250313e-16,
            10.0
        ],
        "choice_sensitivity": [
            2.220446049250313e-16,
            100.0
        ],
        "first_presentation_reinforcement": [
            2.220446049250313e-16,
            100.0
        ]
    },
    "fitness": [
        1854.0992431640625,
        1403.721923828125,
        2130.7568359375,
        1077.7734375,
        2045.66162109375,
        2070.25634765625,
        996.8462524414062,
        1973.3328857421875,
        1513.4942626953125,
        2463.812744140625,
        1834.44775390625,
        2147.865478515625,
        2742.96435546875,
        1611.7431640625,
        1933.8336181640625,
        1700.3817138671875,
        1702.0517578125,
        1710.7425537109375,
        1301.4083251953125,
        2043.4560546875,
        1163.537353515625,
        1364.074462890625,
        1440.592529296875,
        1828.66455078125,
        1074.962646484375,
        1080.9525146484375,
        1578.425048828125,
        1239.318603515625,
        1376.455322265625,
        2009.3033447265625,
        1577.864990234375,
        1718.37060546875,
        1918.207275390625,
        1599.7384033203125,
        849.0716552734375
    ],
    "fits": {
        "encoding_drift_rate": [
            0.6238211638394577,
            0.7439978079348145,
            0.7635181798245826,
            0.8208676007622298,
            0.5370964525946974,
            0.7517807460400102,
            0.8994186105975939,
            0.8936514957868886,
            0.7215908344800284,
            0.7062364649699163,
            0.7035106958101149,
            0.7319571140464497,
            0.7847782492207303,
            0.5917600761137985,
            0.6381642352078758,
            0.7967302968304412,
            0.62753434436981,
            0.7717261611928282,
            0.7457440012337453,
            0.7184030460233678,
            0.8128900499913501,
            0.8063268885251411,
            0.6732730648163969,
            0.8640225767884417,
            0.642022115225219,
            0.7817038230911403,
            0.7246307121127987,
            0.6684883569024744,
            0.7070913011447719,
            0.6837669111033918,
            0.812044343487654,
            0.6282370555029893,
            0.7599698017263128,
            0.709226276924906,
            0.8786968990357953
        ],
        "start_drift_rate": [
            0.729604385393345,
            0.2391494639734385,
            0.04373163407070352,
            0.04320990217005838,
            0.9402941311759928,
            0.0529061673567211,
            0.1920518704782812,
            0.18476659042661375,
            0.12366310745286696,
            0.677951626901747,
            0.6040739588549708,
            0.8405989708472403,
            0.09588874790899715,
            0.4087220683489446,
            0.4241489423709449,
            0.4470549058088656,
            0.9109544494360904,
            0.9218356989110086,
            0.9244310361375343,
            0.4934944214969372,
            0.2977254242040158,
            0.8179268978794816,
            0.2500701440684076,
            0.39855050880666104,
            0.07420700418675696,
            0.707626183904504,
            0.1485012620279625,
            0.008291590362929424,
            0.006958223082774162,
            0.2938721690010434,
            0.449123415167828,
            0.6348248589343373,
            0.4984577580624631,
            0.7300086080361862,
            0.364572091628807
        ],
        "recall_drift_rate": [
            0.8695846843115087,
            0.9264412410361409,
            0.9070589096754176,
            0.9527573382448584,
            0.8557793767037372,
            0.9914097692858121,
            0.9352451984359168,
            0.8688478039594154,
            0.944768432388777,
            0.9232897917963776,
            0.8319994669563768,
            0.93754813108788,
            0.8568141712835236,
            0.9155243189030393,
            0.8666211982201213,
            0.948504223589746,
            0.8996087424235473,
            0.9548500674148938,
            0.8501713005507843,
            0.8958163775446026,
            0.981087498204517,
            0.9544224798069127,
            0.7184207280332315,
            0.9613658513943217,
            0.880071011924414,
            0.974705185960073,
            0.9493060220591426,
            0.9655072883840294,
            0.9505512801584823,
            0.8487281520853831,
            0.8895168908150026,
            0.940903521988754,
            0.9804803130035282,
            0.8842804163004603,
            0.9552426199592378
        ],
        "shared_support": [
            33.00870254474823,
            0.08219098532837421,
            0.03793518704016918,
            0.04767728510344682,
            9.209356025957923,
            0.07307020293886853,
            0.0219206502176062,
            5.515631534196807,
            0.11898557136320936,
            28.480570176626607,
            20.491024551168834,
            4.460040598281296,
            10.917308689608497,
            5.618374207428282,
            9.872843433257813,
            3.7272621747578896,
            18.249452832362806,
            2.380420359438709,
            46.03517952894583,
            0.13160890966653227,
            0.05402922775999741,
            29.827510574218408,
            9.391125064738077,
            3.8003240015925996,
            0.0011503557606005188,
            8.484130529999305,
            3.1674675859625823,
            0.10064234130092586,
            7.616966625364121,
            1.1689567315507858,
            0.26126236468309116,
            22.493391786764636,
            0.288963109578674,
            2.0057655195510193,
            2.1005444017968244
        ],