{
    "fixed": {
        "allow_repeated_recalls": 0.0
    },
    "free": {
        "encoding_drift_rate": [
            2.220446049250313e-16,
            0.9999999999999998
        ],
        "start_drift_rate": [
            2.220446049250313e-16,
            0.9999999999999998
        ],
        "recall_drift_rate": [
            2.220446049250313e-16,
            0.9999999999999998
        ],
        "shared_support": [
            2.220446049250313e-16,
            100.0
        ],
        "item_support": [
            2.220446049250313e-16,
            100.0
        ],
        "learning_rate": [
            2.220446049250313e-16,
            0.9999999999999998
        ],
        "primacy_scale": [
            2.220446049250313e-16,
            100.0
        ],
        "primacy_decay": [
            2.220446049250313e-16,
            100.0
        ],
        "stop_probability_scale": [
            2.220446049250313e-16,
            0.9999999999999998
        ],
        "stop_probability_growth": [
            2.220446049250313e-16,
            10.0
        ],
        "choice_sensitivity": [
            2.220446049250313e-16,
            100.0
        ]
    },
    "fitness": [
        1862.9713134765625,
        1412.3037109375,
        2140.57080078125,
        1091.737548828125,
        2049.20556640625,
        2080.188720703125,
        1002.7198486328125,
        1992.196533203125,
        1522.781982421875,
        2480.224365234375,
        1859.25732421875,
        2153.92919921875,
        2749.8095703125,
        1618.505859375,
        1930.114501953125,
        1718.8505859375,
        1701.4835205078125,
        1724.537109375,
        1292.6123046875,
        2065.6953125,
        1169.83642578125,
        1377.086669921875,
        1448.0780029296875,
        1824.0972900390625,
        1079.318115234375,
        1090.683837890625,
        1597.27587890625,
        1251.4786376953125,
        1385.784423828125,
        2017.38818359375,
        1582.2513427734375,
        1738.3863525390625,
        1925.5537109375,
        1606.1297607421875,
        861.350830078125
    ],
    "fits": {
        "encoding_drift_rate": [
            0.7384057377796885,
            0.7704004036991238,
            0.7498974951962,
            0.7986406148250643,
            0.5234002059233734,
            0.7612887836459202,
            0.965017027528849,
            0.845353139115832,
            0.7953903775040149,
            0.7608142171169943,
            0.8282852330851371,
            0.6698663080566869,
            0.7517919463066995,
            0.7373992279362216,
            0.503402236251493,
            0.8645896516246179,
            0.6158269452562826,
            0.7804876167255488,
            0.7516199779127205,
            0.7094084081434394,
            0.8796445283004222,
            0.8774657676554007,
            0.5965645777807213,
            0.8798864761473909,
            0.5328839335543404,
            0.7887468113465571,
            0.7594331401805036,
            0.6547571611861154,
            0.8667589141037733,
            0.7728330260389258,
            0.6745620565734844,
            0.7590984246560962,
            0.8835807564927418,
            0.7769897472858053,
            0.8175927911868286
        ],
        "start_drift_rate": [
            0.6198724726324494,
            0.1474129487815396,
            0.051446353794372734,
            0.04443431311994295,
            0.9913474360465394,
            0.06355557765954928,
            0.7341174460178983,
            0.11695273488279662,
            0.02132332009821497,
            0.9807956591868409,
            0.7484913911154126,
            0.6939133806887047,
            0.1708340085304365,
            0.1799339448324933,
            0.37334772374477204,
            0.20931203707944862,
            0.9652643467628851,
            0.9994552491283621,
            0.8535716062138277,
            0.33283744283974903,
            0.41408633900441455,
            0.9682967450696237,
            0.25225519465324814,
            0.07664620255728721,
            0.31340309397597865,
            0.6832095379564614,
            0.08415967543446684,
            0.02359028277247127,
            0.1204725326735982,
            0.097122452126508,
            0.24507096698527464,
            0.36016727826010836,
            0.43489298234201146,
            0.8503411645752876,
            0.1902726450793535
        ],
        "recall_drift_rate": [
            0.9319345698339017,
            0.9242617719220327,
            0.9272609588930718,
            0.9686687418319238,
            0.874067897911702,
            0.9966252525308396,
            0.9760012513576584,
            0.8280013793150518,
            0.9922698851523953,
            0.9825962617780247,
            0.9081071563664616,
            0.942388567010115,
            0.8454981240904957,
            0.947938577693741,
            0.8505512576626879,
            0.9747830301762614,
            0.9544058764037174,
            0.9065498135629646,
            0.908833489221792,
            0.8825455429419597,
            0.9799843916337214,
            0.9791941768152022,
            0.9040290514506266,
            0.9525625426941693,
            0.8189835948362203,
            0.9850404530772459,
            0.9505465968101748,
            0.9401303662486452,
            0.9932248511271797,
            0.8751602623966417,
            0.9088802243108474,
            0.9455322322858848,
            0.979982025220949,
            0.9271389551880547,
            0.9771639710257396
        ],
        "shared_support": [
            0.1757326652761364,
            0.1345730495115589,
            0.08516250486059818,
            0.05925335565119383,
            0.027770672468214897,
            0.11761554834237842,
            0.001712787714872377,
            23.9377683133698,
            0.03561091647969761,
            0.05217660300129978,
            0.17839482783090688,
            0.14888757474034975,
            16.724106757990917,
            0.10278084868595272,
            22.78368954685216,
            0.035812290730412144,
            0.21698957275334152,
            2.847850034270863,
            3.1237980694203884,
            0.6777038097006169,
            0.022348611049350924,
            3.4729161399313995,
            3.7542397945431176,
            0.07704890956526696,
            0.2541682504267584,
            0.04505560009194198,
            0.4835775368446491,
            1.439420952800397,
            0.01800938285266067,
            0.1927016993910024,
            0.1229260480569252,
            0.06387271213553447,
            0.06042716503045933,
            0.06145678782300479,
            0.05104074852454232
        ],
        "item_support": [
            1.0323802490729292,
            0.40577153299425106,
            2.3271470857471215,
            2.2926598160410236,
            1.2258159252573861,
            1.0957856461585394,
            1.8799857988105941,
            23.884238085985498,
            1.0413413560512907,
            0.7070383523150454,
            1.6893799952534465,
            0.5058195578300726,
            17.01123075792386,
            0.4838789514973101,
            22.513391333823265,
            0.6460037425813994,
            5.503209494872252,
            68.12875439006847,
            2.9475119760067443,
            0.8427309989300085,
            0.23449532136130813,
            16.74481069401861,
            2.8383422342957303,
            1.1168678563876426,
            58.801520696430146,
            1.1141580480399043,
            0.018517218034169503,
            2.1422228628910176,
            40.521920464713205,
            2.0059005098151346,
            0.13651589945316545,
            0.9181973166638073,
            1.696446011367044,
            1.6203381247973425,
            0.7405351799395845
        ],