{
    "fixed": {
        "allow_repeated_recalls": 0.0
    },
    "free": {
        "encoding_drift_rate": [
            2.220446049250313e-16,
            0.9999999999999998
        ],
        "start_drift_rate": [
            2.220446049250313e-16,
            0.9999999999999998
        ],
        "recall_drift_rate": [
            2.220446049250313e-16,
            0.9999999999999998
        ],
        "shared_support": [
            2.220446049250313e-16,
            100.0
        ],
        "item_support": [
            2.220446049250313e-16,
            100.0
        ],
        "learning_rate": [
            2.220446049250313e-16,
            0.9999999999999998
        ],
        "primacy_scale": [
            2.220446049250313e-16,
            100.0
        ],
        "primacy_decay": [
            2.220446049250313e-16,
            100.0
        ],
        "stop_probability_scale": [
            2.220446049250313e-16,
            0.9999999999999998
        ],
        "stop_probability_growth": [
            2.220446049250313e-16,
            10.0
        ],
        "choice_sensitivity": [
            2.220446049250313e-16,
            100.0
        ]
    },
    "fitness": [
        1874.130859375,
        1407.8544921875,
        2134.556640625,
        1078.532958984375,
        2055.247802734375,
        2073.101318359375,
        995.1649169921875,
        1973.239501953125,
        1517.37939453125,
        2470.012939453125,
        1862.3980712890625,
        2149.3056640625,
        2725.93212890625,
        1622.040771484375,
        1930.284912109375,
        1705.8348388671875,
        1715.7041015625,
        1717.0394287109375,
        1299.16162109375,
        2039.61181640625,
        1163.27783203125,
        1362.0986328125,
        1437.541015625,
        1824.420654296875,
        1074.21923828125,
        1084.4906005859375,
        1583.66845703125,
        1240.2779541015625,
        1372.9871826171875,
        2020.3310546875,
        1578.3516845703125,
        1727.0556640625,
        1910.9100341796875,
        1594.313232421875,
        848.9033203125
    ],
    "fits": {
        "encoding_drift_rate": [
            0.8345217822850175,
            0.7755912589627799,
            0.7785738305945714,
            0.7773676665950316,
            0.6414431818803772,
            0.7860910776272366,
            0.9115108346556242,
            0.9670014527545818,
            0.7698077942735208,
            0.7566310490930774,
            0.8689194405441116,
            0.7958158189341881,
            0.7728522190692857,
            0.7491683941595164,
            0.5908518935645957,
            0.8596956873547437,
            0.7033263703342901,
            0.81691076498555,
            0.8612372382614804,
            0.8130588639432055,
            0.8651945989216974,
            0.8424931683974053,
            0.7717802458928071,
            0.9219619686974756,
            0.6071005928474644,
            0.7842769833443858,
            0.8000032766574272,
            0.6158495866229274,
            0.84451114770369,
            0.8067567127416815,
            0.8219878272082641,
            0.7813324186277463,
            0.8156225537946613,
            0.7400788585207304,
            0.7944612921842658
        ],
        "start_drift_rate": [
            0.2702430901980561,
            0.14506361090553682,
            0.03177110258649096,
            0.04402169425085861,
            0.9777842687697477,
            0.04379572826610362,
            0.1370826260945776,
            0.4580428744632995,
            0.024681785068618345,
            0.7417485582151472,
            0.32324667834029086,
            0.9086069832804862,
            0.010072627182734883,
            0.3367452940278226,
            0.4347703182136128,
            0.12551777109887313,
            0.8127325420477873,
            0.9897223206030128,
            0.9468761748300819,
            0.21074664843926566,
            0.4093001605785607,
            0.8439129682141995,
            0.13317409400367736,
            0.06371354558046699,
            0.11166906802223969,
            0.47135126479867206,
            0.08642848504052691,
            0.05694133379129229,
            0.011831252879840715,
            0.0467960749248893,
            0.2846794592537548,
            0.25070522243132887,
            0.43411477462740844,
            0.46663076013480703,
            0.22376621219963388
        ],
        "recall_drift_rate": [
            0.962746395535862,
            0.9440207262205231,
            0.8856338304879061,
            0.958894353295256,
            0.8753846045148388,
            0.99815005103013,
            0.9343756807669807,
            0.9201055807988165,
            0.9685292075555664,
            0.9309192177607231,
            0.9448295276659386,
            0.9733317030401011,
            0.9540623982200043,
            0.9382481281150676,
            0.8828740499554295,
            0.950591202055226,
            0.9350706391021997,
            0.976384975501993,
            0.9561468505819336,
            0.9324916446265983,
            0.9729290349964548,
            0.9665980583899276,
            0.955208619235463,
            0.9794420437420623,
            0.8217023929709497,
            0.9919187428716896,
            0.9414264928478975,
            0.9175133705782286,
            0.9679467963877053,
            0.8986832826526652,
            0.8602705924403129,
            0.9421618619982439,
            0.9883127216547875,
            0.9849873230626732,
            0.9687425309384816
        ],
        "shared_support": [
            0.026934213289784736,
            0.050639029156297664,
            0.02299092557743876,
            0.05364793510441908,
            3.3215693078142863,
            0.03854665209730257,
            0.016695163144959224,
            2.4604929124180757,
            0.02528478692492797,
            3.731099299411092,
            0.04944811235655649,
            0.02624446855484308,
            0.025586667979219158,
            0.7130143591088185,
            0.08978383655154601,
            0.018150421345445977,
            0.0587925840393595,
            0.01832006619101653,
            0.12865645581015883,
            0.027811608480654115,
            3.81211553733273,
            10.26537950663915,
            0.19247962050919654,
            0.016604054893231086,
            0.024496651408121295,
            0.07867064127367485,
            0.7468060071059881,
            0.2316743743079357,
            0.060418545939519674,
            0.0459806346752103,
            1.1099225972206028,
            1.5184377389917572,
            0.08691798350542905,
            0.07374955548956308,
            0.06571595310150258
        ],
        "item_support": [
            0.06802957080398642,
            0.128014380933422,
            0.5790741326075519,
            0.2174149887736192,
            5.441561683848128,
            0.7178888289080305,
            0.09474388215024021,
            3.8621148292827314,
            0.17527991031736434,
            23.614111656902146,
            0.37843007866861456,
            0.04350959765524465,
            0.7622425438881422,
            1.142622472695237,
            0.029162996405666775,
            0.010425685986028554,
            0.23049207867465782,
            0.017741893738119074,
            0.13979186879392813,
            0.05347334401285764,
            2.6424221010127624,
            4.7833156365338,
            0.04468374081512394,
            0.3579372508134995,
            15.73265606104502,
            1.2127948524050112,
            0.1348611096164376,
            3.7412314834459792,
            2.9779631957201076,
            0.9889214944832858,
            0.37919924884602096,
            0.7827457654360472,
            3.076683046495617,
            1.1931204020734896,
            0.12472291595909013
        ],