{
    "fixed": {
        "mfc_choice_sensitivity": 1.0,
        "allow_repeated_recalls": 1.0
    },
    "free": {
        "encoding_drift_rate": [
            2.220446049250313e-16,
            0.9999999999999998
        ],
        "start_drift_rate": [
            2.220446049250313e-16,
            0.9999999999999998
        ],
        "recall_drift_rate": [
            2.220446049250313e-16,
            0.9999999999999998
        ],
        "shared_support": [
            2.220446049250313e-16,
            100.0
        ],
        "item_support": [
            2.220446049250313e-16,
            100.0
        ],
        "learning_rate": [
            2.220446049250313e-16,
            0.9999999999999998
        ],
        "primacy_scale": [
            2.220446049250313e-16,
            100.0
        ],
        "primacy_decay": [
            2.220446049250313e-16,
            100.0
        ],
        "stop_probability_scale": [
            2.220446049250313e-16,
            0.9999999999999998
        ],
        "stop_probability_growth": [
            2.220446049250313e-16,
            10.0
        ],
        "choice_sensitivity": [
            2.220446049250313e-16,
            100.0
        ]
    },
    "fitness": [
        682.8755493164062,
        547.7021484375,
        707.0477294921875,
        619.3489990234375,
        777.5294799804688,
        639.7601318359375,
        789.1992797851562,
        855.28662109375,
        737.9855346679688,
        1060.6947021484375,
        630.6688842773438,
        899.2491455078125,
        471.2947692871094,
        674.7952880859375,
        712.02978515625,
        629.677001953125,
        987.6317138671875,
        680.771728515625,
        540.847412109375,
        740.6817016601562,
        939.6622314453125,
        813.8009033203125,
        697.7451782226562,
        664.234375
    ],
    "fits": {
        "encoding_drift_rate": [
            0.452337888064034,
            0.5252302236665851,
            0.4882567163460526,
            0.7137023546063257,
            0.8097480066731318,
            0.865531066587432,
            0.7233443100662337,
            0.4787134489627668,
            0.5867736184699526,
            0.6549556864327837,
            0.2942669334842529,
            0.4123963982392493,
            0.8682104843770131,
            0.37036627146621115,
            0.4501766995463067,
            0.7750013297077966,
            0.5329793808044976,
            0.5386356610028649,
            0.720008538950561,
            0.4890252080082928,
            0.6526484059765871,
            0.6813545168839338,
            0.563654771602707,
            0.7240206084860162
        ],
        "start_drift_rate": [
            0.5944726903185615,
            0.18875795015161756,
            0.012863339024620854,
            0.7378934563912104,
            0.6044209176790175,
            0.7831899458296004,
            0.8221720287545797,
            0.0017429313305571958,
            0.4472722019929177,
            0.6224948656892682,
            0.12405626846334417,
            0.0014596732080942032,
            0.5095642235745098,
            0.36097618580636714,
            0.1645814472745334,
            0.6678777781343216,
            0.6641963694876875,
            0.2737087187743502,
            0.3835494154410457,
            0.5223199594209552,
            0.7437785586999782,
            0.8241669696181246,
            0.4097389737670018,
            0.6078667144306716
        ],
        "recall_drift_rate": [
            0.5222585532335607,
            0.2595086407648515,
            0.789105685940592,
            0.637580335300586,
            0.6420814334784379,
            0.7643500133641408,
            0.529336088917595,
            0.7598451959502672,
            0.5753909496604318,
            0.6774354642541746,
            0.8290990330501942,
            0.828773779483378,
            0.5976826649805572,
            0.43248417803645267,
            0.8488466878363681,
            0.4234446218995259,
            0.5080328352031296,
            0.5444200609628432,
            0.5790874541950046,
            0.44518040829764116,
            0.7743398506500938,
            0.650341623500335,
            0.7942278490559814,
            0.6887032583056916
        ],
        "shared_support": [
            3.4972064669301446,
            70.0409843152315,
            1.1006344167213271,
            68.90617421351327,
            4.809571727255644,
            96.6186771393754,
            5.712701682597114,
            5.194263830488822,
            5.518483685192912,
            96.64781653098004,
            21.698149197327314,
            1.1116206081409032,
            5.994666773961086,
            12.361675495100641,
            6.609360386025116,
            5.424791437905462,
            22.909460301523925,
            5.104253605603127,
            6.241876381927625,
            66.23768503127235,
            47.23717318160783,
            52.399418306617896,
            8.589856455290736,
            99.57682645673711
        ],
        "item_support": [
            2.6473773962946012,
            0.33038385670845827,
            0.3425266945254464,
            43.89324222934526,
            3.8577772988818566,
            80.33521673971691,
            4.7476925955179965,
            4.709121774133898,
            4.707049512532649,
            85.66834096017666,
            15.720498331029454,
            0.5254275091845315,
            4.426838436362637,
            0.10099387625800205,
            4.652534522174889,
            3.983025260097655,
            19.0619363880275,
            3.434393570048478,
            4.198817027153666,
            7.734853662544779,
            45.17084035514021,
            46.982492975031526,
            7.090280582641007,
            76.51433356163446
        ],
        "learning_rate": [
            0.4295383102181518,
            0.5671069143023011,
            0.011159505998092623,
            0.228439371507919,
            0.1870987385993042,
            0.05697990358621684,
            0.39134281853126124,
            0.0030271475228416294,
            0.21290300966820186,
            0.3342610533407596,
            0.003390063719354026,
            0.00911976053222075,
            0.17127746052346512,
            0.6457384098055805,
            0.003461993774577954,
            0.18041665153606085,
            0.24569263629561308,
            0.4532423008051963,
            0.38987426559491506,
            0.5568621465477185,
            0.05839730956844897,
            0.07740554996732397,
            0.018364147406501594,
            0.011685431572319382
        ],
        "primacy_scale": [
            0.7790330945538457,
            7.889902962235617,
            5.241961742044758,
            30.85485321881039,
            0.008144149416992263,
            13.24769946626985,
            0.056716585900453254,
            3.8148255380262555,
            1.3032789828737492,
            16.50755062552114,
            92.30461250052034,
            5.839327389456393,
            0.0023547046136656036,
            7.728486526133679,
            21.437485852857023,
            0.001221775150348492,
            5.540344291498968,
            1.3264583791720028,
            1.1476487792638181,
            38.4598715309878,
            10.219550802697924,
            8.232284645520068,
            6.391660020400295,
            48.218654053562425
        ],