{
    "fixed": {
        "mfc_choice_sensitivity": 1.0,
        "allow_repeated_recalls": 1.0
    },
    "free": {
        "encoding_drift_rate": [
            2.220446049250313e-16,
            0.9999999999999998
        ],
        "start_drift_rate": [
            2.220446049250313e-16,
            0.9999999999999998
        ],
        "recall_drift_rate": [
            2.220446049250313e-16,
            0.9999999999999998
        ],
        "shared_support": [
            2.220446049250313e-16,
            100.0
        ],
        "item_support": [
            2.220446049250313e-16,
            100.0
        ],
        "learning_rate": [
            2.220446049250313e-16,
            0.9999999999999998
        ],
        "primacy_scale": [
            2.220446049250313e-16,
            100.0
        ],
        "primacy_decay": [
            2.220446049250313e-16,
            100.0
        ],
        "stop_probability_scale": [
            2.220446049250313e-16,
            0.9999999999999998
        ],
        "stop_probability_growth": [
            2.220446049250313e-16,
            10.0
        ],
        "choice_sensitivity": [
            2.220446049250313e-16,
            100.0
        ]
    },
    "fitness": [
        3681.031494140625,
        3589.544677734375,
        3370.51416015625,
        4166.34912109375,
        3277.752685546875,
        5601.51708984375,
        3539.63720703125,
        4454.98876953125,
        5342.37158203125,
        2964.753173828125,
        1787.01708984375,
        4190.390625,
        5163.38232421875,
        3334.4501953125,
        4706.203125,
        4406.20703125,
        2882.212646484375,
        3359.059814453125,
        1617.85888671875
    ],
    "fits": {
        "encoding_drift_rate": [
            0.9738073084884757,
            0.8990235363065249,
            0.8902181889042866,
            0.9005011744319595,
            0.8829347678417949,
            0.8372477396068174,
            0.8021008544395654,
            0.8204367119303184,
            0.9540917490731008,
            0.8738368755271768,
            0.929779481749154,
            0.8571046591715612,
            0.9555102769981205,
            0.9013665975091734,
            0.9577846767266033,
            0.9717253183690889,
            0.8272172044100845,
            0.8772002451821579,
            0.9085238175587003
        ],
        "start_drift_rate": [
            0.3539567684139915,
            0.5960799688305778,
            0.5256642009180603,
            0.5856657036201598,
            0.707552745920217,
            0.7042948488932673,
            0.6538252685506643,
            0.7312479166660792,
            0.7083113814147953,
            0.6502304136015215,
            0.38177980664867245,
            0.767398708655791,
            0.6122897902331481,
            0.3850051449276094,
            0.1324907186291009,
            0.3224850469278292,
            0.5890145276806482,
            0.42258617452785896,
            0.6169741251721401
        ],
        "recall_drift_rate": [
            0.9172457432069117,
            0.7957374474069986,
            0.7924968506605155,
            0.8582841255633731,
            0.7354564418539364,
            0.7471737019369341,
            0.6994093513870031,
            0.7586037241833616,
            0.9822245340280071,
            0.8424287263263588,
            0.7973860519512161,
            0.7925049178799434,
            0.8557380888901878,
            0.7427543250765636,
            0.8834947847691974,
            0.9251104315753658,
            0.7936616376515242,
            0.6545081262171961,
            0.8126338648871145
        ],
        "shared_support": [
            11.087186550924407,
            75.37250448512258,
            9.134971891821017,
            75.09889944656818,
            87.55633430514784,
            97.32288444471689,
            86.77553734110808,
            98.18393304144956,
            62.72671802462254,
            95.51697620974151,
            7.781879533390672,
            9.084680412284712,
            91.8121764262159,
            6.973092291675528,
            11.894834567533465,
            14.833898128516111,
            7.409278185005412,
            6.7805938925410985,
            8.272193070096591
        ],
        "item_support": [
            10.205865880783904,
            63.15612690041912,
            8.013774276594233,
            67.64336853818588,
            70.57280355681627,
            84.27434647772944,
            72.83254823766323,
            83.52274819263938,
            62.29459059339418,
            82.07217681127159,
            7.112875644249662,
            8.25174894272783,
            81.37517595166432,
            5.9158955851875845,
            10.976776358515835,
            13.808968262632874,
            6.7532814571929265,
            5.680698681662413,
            7.135853670744375
        ],
        "learning_rate": [
            0.04980683143043489,
            0.002290152972635684,
            0.04260641788338508,
            0.2032394533943447,
            0.20223504943485343,
            0.2861034453141734,
            0.061841713571171984,
            0.008470518832755958,
            0.23174925818084047,
            0.08040437051563085,
            0.13308571651797277,
            0.145838858900179,
            0.2849606492742419,
            0.13685377880234978,
            0.11507653215208025,
            0.10370023602445182,
            0.0762674178174277,
            0.20689649614954353,
            0.1338085984469676
        ],
        "primacy_scale": [
            0.5515243427292944,
            13.729250576711685,
            0.28756739704854084,
            9.188875221440647,
            14.97432125526138,
            12.480785872032463,
            15.038862724349599,
            17.91844866978144,
            20.224130179877907,
            23.618400648760108,
            0.6814579696512411,
            0.05309186662640286,
            13.192669347874983,
            0.6195288071176464,
            1.4771091223920365,
            0.8614894617681017,
            0.3159752691826583,
            0.5112930407014744,
            0.39430545906163417
        ],
        "primacy_decay": [
            1.799757828687767,
            0.019508463061455927,
            30.258810722052637,
            0.00010654699862300276,
            0.0028083853454674264,
            0.0009283511046405124,
            0.008293057571947315,
            0.013020172393787277,
            0.014465732663829556,
            0.05907731818986406,
            34.59672016538375,
            1.7542862724732302,
            0.0009211304345845115,
            45.860399070106226,
            77.6362569322801,
            28.00916261334523,
            31.750765986755958,
            39.04865082172918,
            30.313119302322484
        ],
        "stop_probability_scale": [
            0.03133720861908907,
            0.0005814531153378599,
            0.0031254521577992315,
            0.023102560620156365,
            0.00188770404786609,
            0.0016549104670236007,
            0.00864595358171473,
            0.00421206571016465,
            0.0007410456392907827,
            0.007023639233854356,
            0.06911912633435083,
            0.007946831946546329,
            0.00011106809851329952,
            4.0593091592822095e-05,
            0.03319742817582,
            0.019507190751228143,
            0.000994892836093798,
            2.4178921928497046e-05,
            0.009455127089386185
        ],