{
    "fixed": {
        "allow_repeated_recalls": 1.0
    },
    "free": {
        "encoding_drift_rate": [
            2.220446049250313e-16,
            0.9999999999999998
        ],
        "start_drift_rate": [
            2.220446049250313e-16,
            0.9999999999999998
        ],
        "recall_drift_rate": [
            2.220446049250313e-16,
            0.9999999999999998
        ],
        "shared_support": [
            2.220446049250313e-16,
            100.0
        ],
        "item_support": [
            2.220446049250313e-16,
            100.0
        ],
        "learning_rate": [
            2.220446049250313e-16,
            0.9999999999999998
        ],
        "primacy_scale": [
            2.220446049250313e-16,
            100.0
        ],
        "primacy_decay": [
            2.220446049250313e-16,
            100.0
        ],
        "stop_probability_scale": [
            2.220446049250313e-16,
            0.9999999999999998
        ],
        "stop_probability_growth": [
            2.220446049250313e-16,
            10.0
        ],
        "choice_sensitivity": [
            2.220446049250313e-16,
            100.0
        ],
        "mfc_choice_sensitivity": [
            2.220446049250313e-16,
            100.0
        ]
    },
    "fitness": [
        676.9002685546875,
        545.0729370117188,
        706.0639038085938,
        616.5156860351562,
        776.1676025390625,
        638.5701904296875,
        787.7296752929688,
        863.5336303710938,
        744.9102783203125,
        1054.8587646484375,
        628.7322998046875,
        898.585693359375,
        470.0517578125,
        643.6179809570312,
        711.145751953125,
        619.3829345703125,
        985.9835815429688,
        681.9627685546875,
        541.110595703125,
        698.7442626953125,
        940.621337890625,
        812.506103515625,
        697.1776733398438,
        665.6060791015625
    ],
    "fits": {
        "encoding_drift_rate": [
            0.46290952113636213,
            0.5063447581747744,
            0.4933864914722421,
            0.3907827632688503,
            0.6456047137759553,
            0.8570873064431228,
            0.738910683902028,
            0.34326358210789276,
            0.7951466830171235,
            0.46983623686075326,
            0.37263496808043434,
            0.4248863686156459,
            0.8485268997110622,
            0.359849925818001,
            0.430729423726004,
            0.4409961802823524,
            0.4426703164322561,
            0.5510715333459312,
            0.7274073076707955,
            0.4357197897722268,
            0.6527558503975787,
            0.6274910106530618,
            0.5458954404044705,
            0.8388692566945206
        ],
        "start_drift_rate": [
            0.047659559301315435,
            0.19425030955692812,
            0.014744998868143178,
            0.10999687076297363,
            0.4841600877640373,
            0.7150341022372856,
            0.7770258939239553,
            0.2127981291639267,
            0.5160180629414979,
            0.44881566156940356,
            0.01141772540848407,
            0.04546038270782965,
            0.48756172023797234,
            0.10065896537216606,
            0.1836155112146664,
            0.22013547362045804,
            0.688564138569862,
            0.3137683451130695,
            0.3619178994392756,
            0.013985112243352249,
            0.7785110629719934,
            0.7398251121996077,
            0.45712502149258644,
            0.6723204016200464
        ],
        "recall_drift_rate": [
            0.7513670241216616,
            0.26366710779781044,
            0.8362035009564868,
            0.8197179741238192,
            0.5634471467400382,
            0.8145453653442207,
            0.5217251119114635,
            0.8473393783952573,
            0.5363732784718551,
            0.63437544424617,
            0.801154803033136,
            0.8408314300651376,
            0.5525283314851861,
            0.8167146780315938,
            0.8790221691114164,
            0.6652415732616458,
            0.5575394026385264,
            0.5459138226996936,
            0.5746239846358431,
            0.7948626665268981,
            0.8029413080748583,
            0.5720701892756256,
            0.8059846150373073,
            0.5499614077722782
        ],
        "shared_support": [
            6.937469624388399,
            63.69802101914253,
            1.3679480130983634,
            17.459715554005278,
            4.442310519217415,
            14.446487776306299,
            6.386808808917827,
            28.631192838885028,
            5.1453840758590985,
            4.261242938323498,
            1.282977646799715,
            1.2441199615171143,
            4.8694078547277115,
            2.188907015887068,
            18.692061494516686,
            31.382262206638938,
            76.26108050086604,
            4.535215407667785,
            6.7983686064710085,
            1.0817256783318214,
            74.79072270421071,
            5.613837909227854,
            29.332659247583365,
            6.3659889962921525
        ],
        "item_support": [
            6.334131777274102,
            0.3577092658030736,
            0.2657393465312694,
            15.920724189999483,
            2.8123887497774476,
            12.96741762485609,
            5.291941062008306,
            23.412558457606135,
            4.202440843628786,
            3.593334105617487,
            0.8193574533824517,
            0.6034535501285987,
            3.280516146518792,
            0.7995524856071441,
            12.483189513276606,
            26.9018000763955,
            56.4788651892032,
            2.7698544889869368,
            4.878925505900213,
            0.12548567015097234,
            69.44033395473475,
            4.302427155979807,
            23.709897815493598,
            5.403643800951819
        ],
        "learning_rate": [
            0.008330215925811828,
            0.5772886321117058,
            0.0014675381821476763,
            0.005850315437494395,
            0.32853238705291754,
            0.0324633189719067,
            0.4083098953168396,
            0.00028506873758857,
            0.21079679085059988,
            0.4453832141822574,
            0.02845797813003498,
            0.0024248216081114715,
            0.21192898630362525,
            0.007484985986212508,
            0.002950595116540776,
            0.005777431963704139,
            0.197698623373579,
            0.46025362050260715,
            0.36578066964156764,
            0.0010085084235753605,
            0.051255273532718526,
            0.2627724863223221,
            0.0012177052866223239,
            0.019883392418288737
        ],
        "primacy_scale": [
            3.467079466766876,
            10.516814203425504,
            7.579651219334892,
            13.614820430101851,
            1.0358677504319758,
            0.7539631510177145,
            0.06244085262804333,
            64.51078980649146,
            0.15152705688385737,
            0.9207819154432144,
            5.522332192504223,
            6.2491211651379075,
            0.005216979153864543,
            15.913559522834298,
            87.18205534967791,
            19.70507208429348,
            47.66293497077283,
            1.312399157025986,
            1.1427080804744563,
            8.076759290071713,
            25.866001174296173,
            0.953059193708647,
            23.58713523304005,
            0.008726172250419495
        ],