{
    "fixed": {
        "allow_repeated_recalls": 1.0
    },
    "free": {
        "encoding_drift_rate": [
            2.220446049250313e-16,
            0.9999999999999998
        ],
        "start_drift_rate": [
            2.220446049250313e-16,
            0.9999999999999998
        ],
        "recall_drift_rate": [
            2.220446049250313e-16,
            0.9999999999999998
        ],
        "shared_support": [
            2.220446049250313e-16,
            100.0
        ],
        "item_support": [
            2.220446049250313e-16,
            100.0
        ],
        "learning_rate": [
            2.220446049250313e-16,
            0.9999999999999998
        ],
        "primacy_scale": [
            2.220446049250313e-16,
            100.0
        ],
        "primacy_decay": [
            2.220446049250313e-16,
            100.0
        ],
        "stop_probability_scale": [
            2.220446049250313e-16,
            0.9999999999999998
        ],
        "stop_probability_growth": [
            2.220446049250313e-16,
            10.0
        ],
        "choice_sensitivity": [
            2.220446049250313e-16,
            100.0
        ],
        "mfc_choice_sensitivity": [
            2.220446049250313e-16,
            100.0
        ]
    },
    "fitness": [
        729.452392578125,
        623.2333984375,
        749.4537963867188,
        642.2788696289062,
        815.446533203125,
        659.5430908203125,
        826.5131225585938,
        905.77294921875,
        789.14404296875,
        1091.475830078125,
        691.7884521484375,
        959.8335571289062,
        516.80810546875,
        699.8552856445312,
        767.500732421875,
        675.6007080078125,
        1028.3243408203125,
        737.8673706054688,
        571.8757934570312,
        760.070556640625,
        975.5571899414062,
        842.1096801757812,
        739.8234252929688,
        696.4976806640625
    ],
    "fits": {
        "encoding_drift_rate": [
            0.8028062910151791,
            0.7927173847932232,
            0.8216417977659607,
            0.8556114815310529,
            0.845499814925573,
            0.8634394987778979,
            0.8853745193747713,
            0.8205935865982208,
            0.8307347769796936,
            0.8567895551239448,
            0.8502021845544481,
            0.7794975662049736,
            0.8439067461124654,
            0.8565269227876537,
            0.8506262414091237,
            0.8388715302996448,
            0.7611931038386922,
            0.8447654581671253,
            0.8637636939309454,
            0.8362462830594546,
            0.8499960925670307,
            0.8520841318996586,
            0.8466888820668894,
            0.8297572206940462
        ],
        "start_drift_rate": [
            0.6148132673508309,
            0.725500386311684,
            0.7457215052545294,
            0.8278156290122411,
            0.7470540728294067,
            0.8321026458013099,
            0.852060845418585,
            0.8078536443272933,
            0.6224332166341207,
            0.7137239421882268,
            0.8401743564562023,
            0.5365758351327515,
            0.7430299433980364,
            0.7407314933053305,
            0.7993160394371156,
            0.8123997833371759,
            0.7481975469352216,
            0.7608277692683162,
            0.8278383136988205,
            0.636709345816262,
            0.7994679756462532,
            0.8958777236153344,
            0.7820944272471532,
            0.805517756244245
        ],
        "recall_drift_rate": [
            0.749327168103755,
            0.677829978457607,
            0.8297779851074085,
            0.7308864300444641,
            0.8107599051626296,
            0.7634336261653287,
            0.762580439398722,
            0.7658520391901823,
            0.7294102422446206,
            0.8163630047189783,
            0.746199044021211,
            0.7846711892765216,
            0.7337655065561259,
            0.7737736748964463,
            0.8139897094883861,
            0.6703225683039172,
            0.6960431216709567,
            0.7780508228633136,
            0.6906404299846778,
            0.7695966303101399,
            0.8417195531214965,
            0.6928508371071798,
            0.7517226782752614,
            0.6938932464370696
        ],
        "shared_support": [
            9.716229666256595,
            86.48546599372162,
            18.576569420825724,
            92.42609804343954,
            90.08325764869267,
            93.69976863554609,
            9.188152030350459,
            96.58389850691276,
            8.070524873521052,
            98.26111424981573,
            85.71752359953453,
            12.301613462624161,
            62.8968067915444,
            1.5872482082288357,
            79.0798226735472,
            30.070140265263966,
            91.66170261114586,
            44.1545400703693,
            73.70521478234618,
            1.182938576728425,
            88.26284303151247,
            70.52182347307092,
            95.7197032542469,
            99.16641621371846
        ],
        "item_support": [
            8.602450500164707,
            58.75818082703881,
            0.10961945919613925,
            38.890416182130934,
            45.234843646386835,
            71.08256611839982,
            8.48345165176854,
            78.77747638244745,
            6.989174024860958,
            90.15422430934177,
            31.894207015262587,
            11.195791625238925,
            1.493839273126511,
            0.3770294025436485,
            30.069299847233204,
            3.0550062869569317,
            63.08699481047333,
            33.4075662646046,
            46.45274188474289,
            0.07037247692782955,
            84.26625271025786,
            47.57172666495657,
            64.32220398209647,
            68.55787836374202
        ],
        "learning_rate": [
            0.000670705053301383,
            0.009480127205762391,
            0.003491799766842527,
            0.0018670634884688517,
            0.0012338634292511363,
            0.004065143872786871,
            0.0011654907110385142,
            0.004144681037150264,
            0.11628730708408881,
            0.035453490395311815,
            0.0018283716896095887,
            2.220446049250313e-16,
            0.008238480390236336,
            0.0005727558069241745,
            0.00250405448341251,
            0.0010441030488763658,
            0.006790575137588708,
            0.0021989813866363115,
            0.0019100170049202467,
            0.0012039252903323773,
            0.0014920981185538207,
            0.002112817813316681,
            0.004250372940583169,
            0.00097516580794229
        ],
        "primacy_scale": [
            0.9732417551670736,
            31.642327242939917,
            34.27667878559127,
            63.460252391567785,
            65.91721803928978,
            27.47920223123848,
            0.011193689946580038,
            24.491864935353835,
            0.5235725488990184,
            12.53262716820641,
            78.49062577467446,
            1.618362903934937,
            83.90879813678805,
            0.9792578126765505,
            88.32926267379935,
            28.473848972460843,
            33.40430620237359,
            14.173712531005826,
            27.72969710618185,
            1.380139342018765,
            8.226054119074291,
            23.26780961069356,
            42.55143878109312,
            36.52352613301791
        ],