{
    "fixed": {
        "allow_repeated_recalls": 1.0
    },
    "free": {
        "encoding_drift_rate": [
            2.220446049250313e-16,
            0.9999999999999998
        ],
        "start_drift_rate": [
            2.220446049250313e-16,
            0.9999999999999998
        ],
        "recall_drift_rate": [
            2.220446049250313e-16,
            0.9999999999999998
        ],
        "shared_support": [
            2.220446049250313e-16,
            100.0
        ],
        "item_support": [
            2.220446049250313e-16,
            100.0
        ],
        "learning_rate": [
            2.220446049250313e-16,
            0.9999999999999998
        ],
        "primacy_scale": [
            2.220446049250313e-16,
            100.0
        ],
        "primacy_decay": [
            2.220446049250313e-16,
            100.0
        ],
        "stop_probability_scale": [
            2.220446049250313e-16,
            0.9999999999999998
        ],
        "stop_probability_growth": [
            2.220446049250313e-16,
            10.0
        ],
        "choice_sensitivity": [
            2.220446049250313e-16,
            100.0
        ]
    },
    "fitness": [
        3755.547607421875,
        3698.294189453125,
        3484.695556640625,
        4216.7470703125,
        3369.30224609375,
        5733.86865234375,
        3620.59423828125,
        4526.958984375,
        5526.90625,
        3013.697509765625,
        1811.9677734375,
        4270.50830078125,
        5311.4326171875,
        3434.048583984375,
        4770.70751953125,
        4503.77490234375,
        2959.31005859375,
        3457.696044921875,
        1676.964599609375
    ],
    "fits": {
        "encoding_drift_rate": [
            0.9414290234124588,
            0.8814308621848672,
            0.8672113882985251,
            0.8504332500738645,
            0.8715633824204034,
            0.8327539959225316,
            0.8299200297068181,
            0.8444348371999879,
            0.966648751002133,
            0.8569957650807928,
            0.914995332062762,
            0.8289111646856002,
            0.9250376192390892,
            0.891846280657586,
            0.9413896145391344,
            0.9424585061065026,
            0.8337461786037184,
            0.861478223873837,
            0.8679423066521426
        ],
        "start_drift_rate": [
            0.21726520651750136,
            0.574731474723698,
            0.5925804681775868,
            0.3085442485801315,
            0.7183750167781678,
            0.713279929664606,
            0.645624215217889,
            0.6402267862859086,
            0.7410061314165753,
            0.5860459159201798,
            0.5809738424775553,
            0.8219475019671598,
            0.618396003512037,
            0.4842251860358578,
            0.09032719607002931,
            0.3459689034054996,
            0.7297645024975272,
            0.7120363761380871,
            0.7177572100366552
        ],
        "recall_drift_rate": [
            0.8694496579120647,
            0.7771583093218576,
            0.7895677353572124,
            0.8415602177895698,
            0.77208100588684,
            0.7648162101863274,
            0.6966428841824611,
            0.7581630226434833,
            0.9905559562704714,
            0.8316411693481292,
            0.8194165145794157,
            0.7807584952026371,
            0.8338407126888816,
            0.7540658763864734,
            0.8848478895782295,
            0.894739532377034,
            0.7973378017106076,
            0.7378436079308697,
            0.8036002408777305
        ],
        "shared_support": [
            11.995810184388539,
            94.61845753080833,
            8.20461725564332,
            7.251859922355507,
            95.33915660756182,
            8.693055881111242,
            5.362221216746946,
            8.469469172140528,
            66.91575628647021,
            14.8765183583781,
            86.96396108935022,
            8.799066516714177,
            9.04877380834769,
            7.9878534060556134,
            12.216164248138348,
            11.941448845907509,
            94.09309920284323,
            92.58783481354469,
            7.575983906797987
        ],
        "item_support": [
            11.28052968551647,
            73.88868946727787,
            7.466428142612941,
            6.628262527859455,
            81.67970069416124,
            7.882170174769108,
            4.444737234357568,
            7.676316664478911,
            70.6970796031984,
            13.811787180170036,
            77.5494258112067,
            8.141468310102105,
            8.386499419012317,
            7.172663890452377,
            11.403850822772043,
            11.175536285756017,
            77.79014536247422,
            83.15762049268824,
            6.838242965102992
        ],
        "learning_rate": [
            0.04748219183324531,
            0.003461257420357637,
            0.020411557137274938,
            0.08513452495379753,
            0.02009876841830879,
            0.16357709592778918,
            0.05016825985009785,
            0.016446116319585535,
            0.15374041379007594,
            0.007534587036213195,
            0.0062649403673324935,
            0.07008320185866918,
            0.16471387132857623,
            0.038984198443926886,
            0.09605501111237796,
            0.07656831655637747,
            0.006755237793349689,
            0.034519752988666566,
            0.011526734589458965
        ],
        "primacy_scale": [
            1.5090204227413224,
            28.34627517384038,
            0.1107227039073706,
            1.2186163299406232,
            19.166303803413427,
            0.06973453274189723,
            0.01789489027577673,
            0.1914443128617549,
            65.28740657229174,
            1.4385164957124985,
            19.052353102279305,
            0.03234791852621299,
            0.13985011678471437,
            0.4576652081689545,
            2.8717404294273408,
            0.7280188914849859,
            25.949322715937367,
            11.60993110535616,
            0.2213416135517079
        ],
        "primacy_decay": [
            2.3943142936252286,
            0.022505669312692777,
            63.08622870678933,
            1.2288120756986345,
            0.019276480839866706,
            90.57996691462395,
            44.5004094229084,
            10.277191285651142,
            0.026719684885605704,
            0.21277711204479033,
            0.03932745713056107,
            87.47645921798201,
            15.523391128427747,
            36.1649864804464,
            40.091568989732174,
            25.376377578906528,
            0.00022579801423461276,
            0.007768335458226391,
            41.80363176793791
        ],
        "stop_probability_scale": [
            0.028901300372520485,
            0.0007690661602241669,
            0.0031687852506174785,
            0.023837281411723865,
            0.0019253183215683454,
            0.001851437606009143,
            0.008752701495369978,
            0.0037482169974444313,
            0.0005721703082596453,
            0.006773858675411401,
            0.06902936673250634,
            0.0046567228885305845,
            8.861290714176013e-05,
            4.887336058524768e-05,
            0.02875386949028136,
            0.018310435422096483,
            0.000960623663221527,
            1.570125176535089e-05,
            0.009298995869025386
        ],