{
    "fixed": {
        "start_drift_rate": 1.0,
        "shared_support": 0.0,
        "item_support": 0.0,
        "learning_rate": 0.0,
        "primacy_scale": 0.0,
        "primacy_decay": 0.0,
        "encoding_drift_decrease": 1.0,
        "item_sensitivity_max": 0.0,
        "item_sensitivity_decrease": 1.0,
        "allow_repeated_recalls": 1.0
    },
    "free": {
        "encoding_drift_rate": [
            2.220446049250313e-16,
            0.9999999999999998
        ],
        "recall_drift_rate": [
            2.220446049250313e-16,
            0.9999999999999998
        ],
        "stop_probability_scale": [
            2.220446049250313e-16,
            0.9999999999999998
        ],
        "stop_probability_growth": [
            2.220446049250313e-16,
            10.0
        ],
        "choice_sensitivity": [
            2.220446049250313e-16,
            100.0
        ],
        "encoding_drift_decrease": [
            2.220446049250313e-16,
            0.9999999999999998
        ],
        "item_sensitivity_max": [
            1e-12,
            20.0
        ],
        "item_sensitivity_decrease": [
            1e-12,
            0.999999
        ]
    },
    "fitness": [
        1226.611328125,
        1766.230224609375,
        1212.074462890625,
        968.1318969726562,
        1114.1693115234375,
        1795.601806640625,
        1730.091796875,
        1810.2548828125,
        1782.994873046875,
        1702.4266357421875,
        1512.5762939453125,
        1094.39111328125,
        1472.33642578125,
        1789.313232421875,
        1491.219482421875,
        1660.070556640625,
        1784.64306640625,
        1748.3857421875,
        1865.798095703125,
        745.245849609375,
        841.94287109375,
        3024.097412109375,
        2253.3017578125,
        942.18017578125
    ],
    "fits": {
        "encoding_drift_rate": [
            0.35014838143515714,
            0.30486860587855613,
            0.35246910528999986,
            0.32039400584555555,
            0.29425668076225375,
            0.38567195872893745,
            0.33567672590611597,
            0.3356082000106768,
            0.3729306002545152,
            0.26368684289257094,
            0.2964574932564751,
            0.253955249234186,
            0.2945756277271364,
            0.26720825116943014,
            0.44976705291018954,
            0.34710624471789314,
            0.4208887015810701,
            0.3762728717896805,
            0.33801405010774127,
            0.3332449399239801,
            0.259495440284791,
            0.3380761931205382,
            0.37620817175550453,
            0.2750503261262728
        ],
        "recall_drift_rate": [
            0.2875505346728875,
            0.2828306282749694,
            0.28542580465355094,
            0.3348568516602546,
            0.2765802369415999,
            0.39892105855968707,
            0.28541347341696466,
            0.2686111251988136,
            0.4004454763511773,
            0.25353013146072234,
            0.2771591637973623,
            0.26571859760259486,
            0.2654516755172437,
            0.24656947003645266,
            0.3739354036117036,
            0.2805727406306602,
            0.3560206689719911,
            0.31348578850865316,
            0.3066414244507376,
            0.28043320846586006,
            0.27718005584625327,
            0.302730581886408,
            0.34087916431603194,
            0.2751751413975695
        ],
        "stop_probability_scale": [
            0.0005682170567915701,
            0.0003655211785351248,
            0.00041393397208007383,
            0.000500969041916155,
            0.005141455176054033,
            0.000566507819699992,
            0.0006852995084601414,
            0.000502450308351738,
            0.00033522626832747926,
            0.00026113260246884984,
            0.0004544881600127822,
            0.0003106091855062992,
            0.0003454717596786394,
            0.00045400748444342963,
            0.0004696856974167876,
            0.00014382826768843948,
            0.0003886264076032621,
            0.0011234067387726476,
            0.0004310446281319414,
            0.001359323316169996,
            0.00036132836292538723,
            0.000328739700766276,
            0.00037621634088619293,
            0.005741016136135979
        ],
        "stop_probability_growth": [
            1.2017872573389283,
            1.2598415621018555,
            1.261793149660384,
            1.2034289766538957,
            0.8448141889914274,
            1.1807961462411716,
            1.135014607901435,
            1.1855601286210495,
            1.2887831752940269,
            1.3155145834037563,
            1.2134575802903025,
            1.2782828941833841,
            1.2842421219047448,
            1.2266228904782834,
            1.211153582362578,
            1.4252549917665962,
            1.2431648007412486,
            1.0873268364582103,
            1.2340833048778932,
            1.0628021225487911,
            1.2661563964201985,
            1.1905425285524505,
            1.2216658778394542,
            0.843252104568661
        ],
        "choice_sensitivity": [
            94.60674437573076,
            93.75323993425073,
            93.7426821315901,
            69.48831112098516,
            86.08537099121702,
            48.8914520225688,
            88.82333265248518,
            90.76966407336887,
            55.49742379161694,
            93.11235041344858,
            89.92972580516694,
            95.31329598134026,
            89.77163399499571,
            91.17304212339377,
            39.10418659734907,
            92.71383880049353,
            43.53315175320466,
            48.97211469930882,
            71.24117154554193,
            94.54973634465242,
            99.92439152703963,
            60.03241370677603,
            49.62380085953864,
            97.27664196368205
        ],
        "encoding_drift_decrease": [
            0.841564692435997,
            0.8600666827587864,
            0.8328645677154352,
            0.9574976088780128,
            0.914322230069863,
            0.9083878208770527,
            0.8318214419977795,
            0.8072566875723822,
            0.8415698491962165,
            0.9062982219875528,
            0.8891051970750121,
            0.9847220692004737,
            0.8546017069841612,
            0.8619073709548004,
            0.8784387304867602,
            0.8053210561051631,
            0.8750158771022141,
            0.8749916691579247,
            0.8702302711204264,
            0.909852982024719,
            0.9711255479540706,
            0.8213257886163308,
            0.8404777784263044,
            0.949901817307185
        ],
        "item_sensitivity_max": [
            7.023093583062934,
            7.574625899558216,
            7.365025124829085,
            7.807959037654053,
            6.965237933230477,
            7.2219754126181375,
            7.232173782800556,
            9.489107725938645,
            8.910903173182644,
            6.9291376860440685,
            8.40294409544633,
            8.37082364765992,
            9.673116361812433,
            6.995342698585983,
            7.664879148368511,
            9.119286507360053,
            6.909433614062904,
            6.512431565721484,
            8.931165069748225,
            8.567364006619423,
            10.021922252169842,
            5.641485048142197,
            8.17731289073624,
            7.341019961610091
        ],