{
    "fixed": {
        "start_drift_rate": 1.0,
        "shared_support": 0.0,
        "item_support": 0.0,
        "learning_rate": 0.0,
        "primacy_scale": 0.0,
        "primacy_decay": 0.0,
        "encoding_drift_decrease": 1.0,
        "item_sensitivity_max": 0.0,
        "item_sensitivity_decrease": 1.0,
        "allow_repeated_recalls": 1.0
    },
    "free": {
        "item_sensitivity_max": [
            1e-12,
            20.0
        ],
        "item_sensitivity_decrease": [
            1e-12,
            0.999999
        ],
        "encoding_drift_rate": [
            2.220446049250313e-16,
            0.9999999999999998
        ],
        "recall_drift_rate": [
            2.220446049250313e-16,
            0.9999999999999998
        ],
        "choice_sensitivity": [
            2.220446049250313e-16,
            100.0
        ],
        "learning_rate": [
            2.220446049250313e-16,
            0.9999999999999998
        ],
        "shared_support": [
            2.220446049250313e-16,
            100.0
        ],
        "item_support": [
            2.220446049250313e-16,
            100.0
        ],
        "start_drift_rate": [
            2.220446049250313e-16,
            0.9999999999999998
        ],
        "encoding_drift_decrease": [
            2.220446049250313e-16,
            0.9999999999999998
        ]
    },
    "fitness": [
        1082.51416015625,
        1641.63427734375,
        1054.899169921875,
        754.7325439453125,
        1060.6217041015625,
        1675.5859375,
        1580.20751953125,
        1689.7569580078125,
        1716.993408203125,
        1566.675537109375,
        1365.0438232421875,
        902.6043090820312,
        1334.568359375,
        1675.2880859375,
        1307.8385009765625,
        1587.39990234375,
        1721.9931640625,
        1622.8692626953125,
        1754.877197265625,
        623.5958251953125,
        650.9810791015625,
        3001.390869140625,
        2180.56982421875,
        936.6465454101562
    ],
    "fits": {
        "item_sensitivity_max": [
            7.065795099285772,
            7.405661307239699,
            7.6708440435107255,
            6.722594121033061,
            7.295982079225684,
            7.402055674821823,
            6.412603181785908,
            7.2056791945166,
            9.293979633193313,
            6.652336818614845,
            10.21076946616527,
            9.81672614115799,
            10.351897672086396,
            6.36905461142196,
            7.785575386170965,
            9.079173313128573,
            6.830209007926634,
            6.234464388056329,
            7.025311944647031,
            8.875811256882251,
            14.45070985748427,
            5.432684388460942,
            6.843595211882544,
            7.303515350547059
        ],
        "item_sensitivity_decrease": [
            0.9072711548206198,
            0.8535249749876095,
            0.88884356256048,
            0.9997496158265662,
            0.9149988183977928,
            0.8531101389088651,
            0.8894452900372951,
            0.8648491694935105,
            0.790192788398226,
            0.9006234564977882,
            0.8381000087134091,
            0.9246208640527906,
            0.8108240433705654,
            0.910228437480037,
            0.8830954367556239,
            0.8072743834029092,
            0.8798666750025552,
            0.897624048533068,
            0.8373175322384588,
            0.9995961586090377,
            0.8362729655440317,
            0.9487715396405878,
            0.8538812897729702,
            0.9282574098444131
        ],
        "encoding_drift_rate": [
            0.36967166965534987,
            0.2779284164140393,
            0.29736020794064766,
            0.7618152151714376,
            0.7235865787246483,
            0.2941913223625148,
            0.4960772989631263,
            0.3108213874486183,
            0.7380646084396796,
            0.24112163002391385,
            0.8554898253574179,
            0.8179413814949095,
            0.5034604085029422,
            0.3135101682392849,
            0.5521545931723155,
            0.33817839498519076,
            0.39606329532298423,
            0.40200979290011607,
            0.7621116720936045,
            0.8859892232545539,
            0.7869771973276907,
            0.7892947976322343,
            0.6904132131991573,
            0.7213544858459947
        ],
        "recall_drift_rate": [
            0.22451827843372915,
            0.15056963853075683,
            0.18590978805135924,
            0.691281440296496,
            0.4522213938728955,
            0.2164651565078934,
            0.3188565898996951,
            0.18429182832077573,
            0.640918494192092,
            0.19559012475145668,
            0.7176638794532789,
            0.7513044997467173,
            0.3407796545133174,
            0.222317564901507,
            0.3595490988971669,
            0.2936246890651971,
            0.2550136969652461,
            0.2490313613159978,
            0.49709569268313547,
            0.5545320811991729,
            0.7206291068327021,
            0.5850060217818667,
            0.4750621910947084,
            0.5114819203880683
        ],
        "choice_sensitivity": [
            67.40776203345689,
            77.22509788970243,
            86.20693506125818,
            98.72007148240748,
            18.854975581670665,
            83.11980227144767,
            30.73859400435886,
            99.10326438144688,
            94.70542516988635,
            98.77666429826058,
            29.289560808561127,
            96.63005879089718,
            24.104471644745338,
            50.58450479403809,
            23.02540699405568,
            92.0165401249121,
            40.02975044194371,
            40.108494032023515,
            17.715358795528473,
            28.797039319442934,
            82.59879952195661,
            11.477357853611714,
            13.600199967691474,
            82.44244902653233
        ],
        "learning_rate": [
            0.1963675725081372,
            0.26673935651018565,
            0.2755515899033484,
            0.02520872972884082,
            0.011638685559504439,
            0.4433535942535332,
            0.22864438845389443,
            0.20190272763260875,
            0.04313757160421183,
            0.15913198479626472,
            0.0035851641620469783,
            0.003945678273370591,
            0.05669577261222064,
            0.1840818036876421,
            0.001662493747658405,
            0.08948659268482981,
            0.1715200470262533,
            0.012537822464756973,
            0.0012491022834677512,
            0.0027141913033251752,
            0.001837562233537371,
            0.01658399768741592,
            0.16689182756011883,
            0.0025906464739100313
        ],
        "shared_support": [
            0.42012687456370656,
            0.9247206474073835,
            0.4534833890691985,
            7.659712110415008,
            0.8555815569096694,
            1.1683548778817467,
            0.6741849871928736,
            2.1876620143845926,
            7.091120894737827,
            0.639354721028198,
            2.352704139459057,
            7.576994768758882,
            0.7997611207129083,
            0.8361467934366544,
            0.49243935650250686,
            1.5234557099661998,
            0.5263717932630101,
            0.43149899897080246,
            1.1131306802736196,
            1.8798376330276554,
            5.359223279366098,
            1.1188239528372037,
            0.74788473790246,
            5.268775660738164
        ],