{
    "fixed": {
        "start_drift_rate": 1.0,
        "shared_support": 0.0,
        "item_support": 0.0,
        "learning_rate": 0.0,
        "primacy_scale": 0.0,
        "primacy_decay": 0.0,
        "encoding_drift_decrease": 1.0,
        "item_sensitivity_max": 0.0,
        "item_sensitivity_decrease": 1.0,
        "allow_repeated_recalls": 1.0
    },
    "free": {
        "item_sensitivity_max": [
            1e-12,
            20.0
        ],
        "item_sensitivity_decrease": [
            1e-12,
            0.999999
        ],
        "encoding_drift_rate": [
            2.220446049250313e-16,
            0.9999999999999998
        ],
        "recall_drift_rate": [
            2.220446049250313e-16,
            0.9999999999999998
        ],
        "stop_probability_scale": [
            2.220446049250313e-16,
            0.9999999999999998
        ],
        "stop_probability_growth": [
            2.220446049250313e-16,
            10.0
        ],
        "choice_sensitivity": [
            2.220446049250313e-16,
            100.0
        ],
        "start_drift_rate": [
            2.220446049250313e-16,
            0.9999999999999998
        ],
        "encoding_drift_decrease": [
            2.220446049250313e-16,
            0.9999999999999998
        ]
    },
    "fitness": [
        1227.026611328125,
        1768.05224609375,
        1212.03125,
        968.2022705078125,
        1115.75537109375,
        1795.8714599609375,
        1726.483154296875,
        1810.12939453125,
        1783.7669677734375,
        1704.1806640625,
        1511.505126953125,
        1095.074951171875,
        1475.033447265625,
        1792.670166015625,
        1490.202392578125,
        1662.95751953125,
        1785.659912109375,
        1749.498779296875,
        1868.0025634765625,
        745.1660766601562,
        842.900390625,
        3022.90771484375,
        2252.3984375,
        942.8179321289062
    ],
    "fits": {
        "item_sensitivity_max": [
            6.873977824696372,
            7.81748756434781,
            7.13958678971535,
            7.716911837242029,
            7.1912125390195705,
            7.357933402037112,
            6.935454046377824,
            9.049645200798373,
            8.495330447141413,
            7.33467840761335,
            7.95045854991789,
            8.309797342530526,
            9.316329354610504,
            7.1154537375354,
            7.979524779021327,
            9.059467670223038,
            6.852822877987811,
            6.417342043299387,
            8.185020318825948,
            8.986344238684978,
            10.300872557834486,
            5.735248289376529,
            8.215836547164447,
            7.0772412170810135
        ],
        "item_sensitivity_decrease": [
            0.9150839100524308,
            0.838475463594964,
            0.9085851985362139,
            0.9191571757208792,
            0.9132584905146544,
            0.8427988931156072,
            0.8803110224815972,
            0.8156068312775638,
            0.8067187575367178,
            0.8759287354233936,
            0.8633816254886416,
            0.8926892872823842,
            0.8257577938992167,
            0.8812522680723294,
            0.8731121137218323,
            0.818163073438809,
            0.8748675821812417,
            0.8953145905003306,
            0.804530059195885,
            0.8965349282229531,
            0.8714197156306613,
            0.8627112044307731,
            0.8061826959772536,
            0.9216840290317566
        ],
        "encoding_drift_rate": [
            0.3543349110327414,
            0.3848758051115368,
            0.3557254350825168,
            0.3023485877823835,
            0.44208971393103413,
            0.4679177119747349,
            0.4004148664236331,
            0.32188648521959573,
            0.49504427089277725,
            0.29215982203549423,
            0.4303961105082747,
            0.30434568268519546,
            0.37908375267356165,
            0.3266270673921552,
            0.48475161058991373,
            0.3538816255570373,
            0.41634913115013866,
            0.42037391297240917,
            0.35913681337838493,
            0.3307710554103226,
            0.29795810798531136,
            0.3684379361566279,
            0.3015519546768368,
            0.3001332620931352
        ],
        "recall_drift_rate": [
            0.2760906095911697,
            0.2861026395401258,
            0.2777874477729766,
            0.2938760422970452,
            0.34263301229282717,
            0.3938799263652926,
            0.3019646175005051,
            0.2560064981630929,
            0.40937662931990154,
            0.23105062541126287,
            0.31208695578562584,
            0.2559782018690958,
            0.29197807890949434,
            0.24880427308513683,
            0.37366211781995246,
            0.25301823751326924,
            0.32301253377578454,
            0.31203023782871625,
            0.25898739369300783,
            0.2692617108915664,
            0.27850126915257156,
            0.28439679145957564,
            0.23580306849829014,
            0.26267199090281185
        ],
        "stop_probability_scale": [
            0.0006061939265833982,
            0.00023360901871233297,
            0.0004388030719568671,
            0.0005711737276767326,
            0.004790984271002139,
            0.0005988419723276452,
            0.0003993761926635031,
            0.0005132831887842352,
            0.0005471753479233121,
            0.0004581573286195613,
            0.00039131795737427336,
            0.0004180523218800029,
            0.000400251507676849,
            0.0008556837970950804,
            0.00018198377180324348,
            0.0003201641550875768,
            0.0004157905088913458,
            0.0011395694083397598,
            0.0004713350512661957,
            0.001276998032873486,
            0.0003805677864950524,
            0.0004062281412665507,
            0.0004258998284556837,
            0.005276463535218323
        ],
        "stop_probability_growth": [
            1.1942464209181662,
            1.3298305108624109,
            1.2544919978154678,
            1.1818839043675848,
            0.8582634854630546,
            1.1654060649328652,
            1.234959784388149,
            1.182078622426332,
            1.2067599587481896,
            1.2240800508195693,
            1.2400739931054487,
            1.2321912183192834,
            1.2618363811763156,
            1.1172431135583945,
            1.3720344743343382,
            1.2832356928340078,
            1.2283792241174418,
            1.096505295673254,
            1.21866214453271,
            1.0767717052603585,
            1.26043554574087,
            1.1462379179245872,
            1.2031823631465222,
            0.8595230185672564
        ],
        "choice_sensitivity": [
            98.20257904973349,
            73.58273695765662,
            94.7676430730072,
            84.05688037868464,
            44.84803166281952,
            41.17058497942358,
            71.14602193749417,
            97.34665569661283,
            45.1461419064966,
            89.82944489712426,
            56.356285695414755,
            84.72600662891269,
            62.764514128036765,
            71.6359272565532,
            37.31299300971804,
            95.8997628351569,
            46.875481503975415,
            44.93039778640696,
            79.03193058970109,
            99.91138348917451,
            85.76909738853485,
            61.33335559829486,
            95.75663614121217,
            93.45330434318097
        ],