{
    "fixed": {
        "start_drift_rate": 1.0,
        "shared_support": 0.0,
        "item_support": 0.0,
        "learning_rate": 0.0,
        "primacy_scale": 0.0,
        "primacy_decay": 0.0,
        "encoding_drift_decrease": 1.0,
        "item_sensitivity_max": 0.0,
        "item_sensitivity_decrease": 1.0,
        "allow_repeated_recalls": 1.0
    },
    "free": {
        "item_sensitivity_max": [
            1e-12,
            20.0
        ],
        "item_sensitivity_decrease": [
            1e-12,
            0.999999
        ],
        "encoding_drift_rate": [
            2.220446049250313e-16,
            0.9999999999999998
        ],
        "start_drift_rate": [
            2.220446049250313e-16,
            0.9999999999999998
        ],
        "recall_drift_rate": [
            2.220446049250313e-16,
            0.9999999999999998
        ],
        "shared_support": [
            2.220446049250313e-16,
            100.0
        ],
        "item_support": [
            2.220446049250313e-16,
            100.0
        ],
        "learning_rate": [
            2.220446049250313e-16,
            0.9999999999999998
        ],
        "primacy_scale": [
            2.220446049250313e-16,
            100.0
        ],
        "primacy_decay": [
            2.220446049250313e-16,
            100.0
        ],
        "choice_sensitivity": [
            2.220446049250313e-16,
            100.0
        ]
    },
    "fitness": [
        1103.259765625,
        1641.84912109375,
        1056.162841796875,
        746.483642578125,
        1019.0912475585938,
        1681.916015625,
        1587.7236328125,
        1690.14013671875,
        1667.49658203125,
        1567.3116455078125,
        1353.570068359375,
        900.3299560546875,
        1323.3956298828125,
        1671.071533203125,
        1307.270751953125,
        1587.36767578125,
        1719.125,
        1603.567138671875,
        1750.6678466796875,
        621.1676025390625,
        643.375732421875,
        3031.701171875,
        2181.349609375,
        897.903076171875
    ],
    "fits": {
        "item_sensitivity_max": [
            11.864150953485007,
            7.00733859925198,
            7.8438205907851835,
            7.06094504612788,
            7.496259741638469,
            7.719098802648487,
            6.816789751701277,
            7.062704098817003,
            7.829057424042028,
            6.692839282135912,
            7.59663951100689,
            10.441409205379665,
            9.741796679512575,
            5.999727619927525,
            7.238682826070712,
            8.92844459138689,
            7.0791758928141295,
            6.210543954695682,
            7.47184904629833,
            10.246463153019839,
            9.357571957501204,
            5.24780129970199,
            6.898900745228582,
            7.0905244472178275
        ],
        "item_sensitivity_decrease": [
            0.841606753479444,
            0.8633277965522053,
            0.8807355571771937,
            0.9472967837298032,
            0.9105064671769423,
            0.8417298841037447,
            0.8775608127875616,
            0.8672018286846894,
            0.8188533929695953,
            0.9024519425571991,
            0.8650968746308039,
            0.9102042243258077,
            0.81356105973016,
            0.9219326397015004,
            0.894929693443234,
            0.8128086043616215,
            0.8841345872661093,
            0.905826565220966,
            0.8255382151519506,
            0.9987141554149643,
            0.8998559732761939,
            0.8725508124609722,
            0.848911216437297,
            0.9285138754566986
        ],
        "encoding_drift_rate": [
            0.7420753491550995,
            0.2818740913870985,
            0.3356854644832066,
            0.5151069777354654,
            0.44802870730615374,
            0.5669837996750073,
            0.48587201463925733,
            0.3090718099001058,
            0.3926729891308181,
            0.25766616652048524,
            0.5272971355884664,
            0.7898831937214551,
            0.24417613104563463,
            0.22919095504107184,
            0.3949058093178103,
            0.2968732068809615,
            0.3746202421638872,
            0.20369806355904918,
            0.393109701855369,
            0.6383706170422185,
            0.5885096518932528,
            0.35832624295135235,
            0.6322521163777499,
            0.058393753573521834
        ],
        "start_drift_rate": [
            0.7801095769100733,
            0.999976761889199,
            0.9999632428748999,
            0.8400339970410993,
            0.11473061636277865,
            0.7426472437924272,
            0.9999348218667228,
            0.9999654440637349,
            0.9999804987735902,
            0.9996392687656758,
            0.5475952422116995,
            0.810515419944947,
            0.999962398298023,
            0.9725900642498927,
            0.9998804843957073,
            0.9998665549722348,
            0.5641284078297804,
            0.9971378531213173,
            0.9999999999999998,
            0.6919966238322168,
            0.6161378527958852,
            0.9999931833773166,
            0.9994769168916703,
            0.8793325179983909
        ],
        "recall_drift_rate": [
            0.7596378612603158,
            0.2210026773249012,
            0.4010945628136983,
            0.5857749524099484,
            0.6067157766257062,
            0.7178695218658254,
            0.37693037060624973,
            0.21666225192450705,
            0.23921048474841744,
            0.26242655479936544,
            0.6506135314342716,
            0.7749879311666547,
            0.35589271861193816,
            0.3826512963761978,
            0.4831971955069063,
            0.37006447042758484,
            0.7357288515048059,
            0.6065500881361339,
            0.380326235517089,
            0.6735586104516289,
            0.7009909647428068,
            0.23368903211324427,
            0.5829848510858328,
            0.6098587082295439
        ],
        "shared_support": [
            79.5100366285064,
            77.65410255125795,
            39.48954868368735,
            21.671068096186875,
            6.635998385666845,
            72.90111926115202,
            14.270679566112811,
            96.9314581641689,
            0.7212379064938403,
            25.310262018068364,
            52.011981912045734,
            95.35436771951106,
            34.181901312712824,
            97.74260976974207,
            40.666824722224774,
            48.93367127884642,
            69.50379840617407,
            26.52162427469665,
            67.57805685453334,
            93.96192177366851,
            94.9192151022985,
            74.22314251993157,
            74.37573696177526,
            72.5819275931444
        ],
        "item_support": [
            53.78371315204371,
            51.722475374041764,
            7.332866198572617,
            5.920952682445943,
            4.894931025681238,
            56.80250378872725,
            5.392387640463696,
            79.64444809789983,
            0.029395115772850033,
            17.118536422451328,
            42.78875795909698,
            87.10365557080101,
            9.623751975923042,
            86.40425236784546,
            17.473366268811986,
            43.746391817266584,
            62.61272617808796,
            8.889889794468225,
            24.397544439018088,
            65.5415213461242,
            76.36887874686032,
            57.21401989603125,
            39.07620819773334,
            21.209676836905246
        ],