{
    "fixed": {
        "start_drift_rate": 1.0,
        "shared_support": 0.0,
        "item_support": 0.0,
        "learning_rate": 0.0,
        "primacy_scale": 0.0,
        "primacy_decay": 0.0,
        "encoding_drift_decrease": 1.0,
        "item_sensitivity_max": 0.0,
        "item_sensitivity_decrease": 1.0,
        "allow_repeated_recalls": 1.0
    },
    "free": {
        "item_sensitivity_max": [
            1e-12,
            20.0
        ],
        "item_sensitivity_decrease": [
            1e-12,
            0.999999
        ],
        "encoding_drift_rate": [
            2.220446049250313e-16,
            0.9999999999999998
        ],
        "recall_drift_rate": [
            2.220446049250313e-16,
            0.9999999999999998
        ],
        "stop_probability_scale": [
            2.220446049250313e-16,
            0.9999999999999998
        ],
        "stop_probability_growth": [
            2.220446049250313e-16,
            10.0
        ],
        "choice_sensitivity": [
            2.220446049250313e-16,
            100.0
        ],
        "shared_support": [
            2.220446049250313e-16,
            100.0
        ],
        "item_support": [
            2.220446049250313e-16,
            100.0
        ],
        "start_drift_rate": [
            2.220446049250313e-16,
            0.9999999999999998
        ],
        "encoding_drift_decrease": [
            2.220446049250313e-16,
            0.9999999999999998
        ]
    },
    "fitness": [
        1174.446533203125,
        1738.477783203125,
        1182.861083984375,
        936.4696655273438,
        1065.685791015625,
        1762.390869140625,
        1700.072509765625,
        1750.6646728515625,
        1755.14404296875,
        1646.460205078125,
        1433.0748291015625,
        1045.904296875,
        1401.3282470703125,
        1742.418212890625,
        1422.9117431640625,
        1611.4541015625,
        1712.6732177734375,
        1702.02685546875,
        1812.5941162109375,
        696.101318359375,
        809.560546875,
        2960.61181640625,
        2181.2451171875,
        926.25244140625
    ],
    "fits": {
        "item_sensitivity_max": [
            16.07722150050599,
            7.306299944534528,
            7.5972091208339005,
            6.933221299755413,
            13.123884639805445,
            6.947839762702584,
            8.418024527497028,
            7.321067305366125,
            8.908676740914128,
            7.326025691667026,
            8.326890733730831,
            9.467119045624363,
            9.864316107219242,
            11.085527486960943,
            7.057540112911703,
            11.343207362381818,
            7.428598172175477,
            6.955453670103259,
            15.274683763287761,
            8.798811218669114,
            17.652190790659425,
            5.6406942213476645,
            7.827892779030925,
            15.971528383870382
        ],
        "item_sensitivity_decrease": [
            0.8190925469847288,
            0.9474183432637906,
            0.935061625232058,
            0.9870065409029388,
            0.8503817813019333,
            0.9567749938748236,
            0.8922189375396437,
            0.9722748912376588,
            0.8310748685081732,
            0.9455893942166048,
            0.9153155755130988,
            0.923653119813195,
            0.8722023280660731,
            0.8753668405273669,
            0.9632564526037328,
            0.8249265348863589,
            0.9459203599499122,
            0.9674697640704601,
            0.8907664379755296,
            0.9968957723659304,
            0.7974813038761261,
            0.9410276705264298,
            0.885901289810533,
            0.793330823541676
        ],
        "encoding_drift_rate": [
            0.8450272553870786,
            0.7706672672789767,
            0.7627850292963847,
            0.7527163225165175,
            0.8523206263248359,
            0.8110320159269103,
            0.8459731290842512,
            0.7896001862364613,
            0.8070736048328437,
            0.7927045593164406,
            0.8537657410352217,
            0.8395493189507419,
            0.7181861644919784,
            0.7911748744531221,
            0.8290457547022121,
            0.8402619404686631,
            0.860562443939451,
            0.7167475951797505,
            0.8117583294819007,
            0.7840948012658464,
            0.8395020749589277,
            0.8241370273938307,
            0.8538253079608387,
            0.8539122267820898
        ],
        "recall_drift_rate": [
            0.6688510268415004,
            0.5836620369917668,
            0.474211294534963,
            0.5388064638695034,
            0.6259335379556148,
            0.6731754644501056,
            0.6282925467756708,
            0.6465336873172578,
            0.6915662040865189,
            0.6040334879031671,
            0.7274470753778821,
            0.6756545525339476,
            0.4696294610561531,
            0.6407219753114668,
            0.5959879678908261,
            0.5458861561256515,
            0.6418815667734235,
            0.593773917186439,
            0.6554628420779175,
            0.4961891045305808,
            0.5962883036115045,
            0.49764849709206727,
            0.7263205983290636,
            0.6437802692039958
        ],
        "stop_probability_scale": [
            0.00044659683337859726,
            0.0005335097262610676,
            0.0007574579676329416,
            0.0005452755524025222,
            0.005442463751043381,
            0.0008228295846195999,
            0.0003918071889303984,
            0.00035385506847385173,
            0.0006777857314776782,
            0.000619020094671463,
            0.000531540352886517,
            0.00033145881434348823,
            0.0005863227244759517,
            0.0005778972960535026,
            0.00036313716674471946,
            0.00014742254992385932,
            0.0007833099298905831,
            0.0013476512746966706,
            0.0003796603851542476,
            0.0012745732925730573,
            0.0003727720405036772,
            0.00033314469912198996,
            0.00020118186875417443,
            0.00512091071644524
        ],
        "stop_probability_growth": [
            1.243893172712136,
            1.1950417945857417,
            1.1619278840160696,
            1.1877400033090635,
            0.832360061298858,
            1.109071004500834,
            1.2313808320465505,
            1.2455538838634501,
            1.1681005774272464,
            1.1673053030611937,
            1.1863698783330827,
            1.270088940685088,
            1.1925389985858676,
            1.1851497167796774,
            1.2542763365833212,
            1.4163119345079256,
            1.1242608843790314,
            1.060693789677623,
            1.2557445334555952,
            1.0732416724021645,
            1.2606404577770016,
            1.177046283569597,
            1.3311924141073472,
            0.8651622647219801
        ],
        "choice_sensitivity": [
            94.11543874880292,
            78.78481883137057,
            87.18257765896509,
            77.26760738441136,
            73.67717045222494,
            87.96585387282673,
            48.15773756328042,
            68.90741937861912,
            95.64381865666283,
            96.22325532766989,
            84.82679226104398,
            88.83268243591604,
            31.478829409756536,
            45.36912725014805,
            66.75506391141386,
            88.8323321485046,
            47.10731476548286,
            52.31913275761097,
            62.86105238127703,
            95.95545429763993,
            87.51274186675982,
            79.04435394394653,
            89.79281816054021,
            75.05157221720789
        ],