{
    "fixed": {
        "start_drift_rate": 1.0,
        "shared_support": 0.0,
        "item_support": 0.0,
        "learning_rate": 0.0,
        "primacy_scale": 0.0,
        "primacy_decay": 0.0,
        "encoding_drift_decrease": 1.0,
        "item_sensitivity_max": 0.0,
        "item_sensitivity_decrease": 1.0,
        "allow_repeated_recalls": 1.0
    },
    "free": {
        "item_sensitivity_max": [
            1e-12,
            20.0
        ],
        "item_sensitivity_decrease": [
            1e-12,
            0.999999
        ],
        "encoding_drift_rate": [
            2.220446049250313e-16,
            0.9999999999999998
        ],
        "recall_drift_rate": [
            2.220446049250313e-16,
            0.9999999999999998
        ],
        "stop_probability_scale": [
            2.220446049250313e-16,
            0.9999999999999998
        ],
        "stop_probability_growth": [
            2.220446049250313e-16,
            10.0
        ],
        "choice_sensitivity": [
            2.220446049250313e-16,
            100.0
        ],
        "learning_rate": [
            2.220446049250313e-16,
            0.9999999999999998
        ],
        "start_drift_rate": [
            2.220446049250313e-16,
            0.9999999999999998
        ],
        "encoding_drift_decrease": [
            2.220446049250313e-16,
            0.9999999999999998
        ]
    },
    "fitness": [
        1227.130615234375,
        1768.400390625,
        1213.1790771484375,
        968.099365234375,
        1115.704345703125,
        1794.59716796875,
        1731.527099609375,
        1812.6138916015625,
        1783.825439453125,
        1704.80419921875,
        1511.6494140625,
        1095.0042724609375,
        1473.392822265625,
        1791.586669921875,
        1492.4664306640625,
        1664.7620849609375,
        1785.4801025390625,
        1749.241455078125,
        1868.113037109375,
        745.5150146484375,
        842.564208984375,
        3024.54150390625,
        2253.2119140625,
        942.2391357421875
    ],
    "fits": {
        "item_sensitivity_max": [
            7.146439446420468,
            7.492762775242976,
            7.131195296409884,
            7.655433515757627,
            7.133102958266925,
            7.400308971287123,
            6.813630443779161,
            8.782720265295735,
            8.94032687015104,
            6.8971444923844185,
            8.096037021373208,
            8.450854809193254,
            9.738696608463387,
            7.681791231592867,
            7.638188547092589,
            9.53990706774688,
            7.181545070372383,
            6.652208955019202,
            8.729680418777818,
            8.693565304949182,
            10.269963759793962,
            5.897892102865632,
            7.775532385260252,
            7.4598169087312485
        ],
        "item_sensitivity_decrease": [
            0.906038977744303,
            0.8506577931383765,
            0.9074959791290281,
            0.9224655288252337,
            0.9135759480402329,
            0.8442244433688819,
            0.8819769868930621,
            0.8178240202480602,
            0.7874680100506998,
            0.8875719331496377,
            0.8615512111655865,
            0.8873346054193572,
            0.823661832742768,
            0.8623713655768965,
            0.8803486711513153,
            0.7995166603894595,
            0.8651406320862656,
            0.8820655328304061,
            0.7978217975845192,
            0.9017854971309023,
            0.8751164506266704,
            0.8554313726155275,
            0.823192637414067,
            0.9069730053085252
        ],
        "encoding_drift_rate": [
            0.37873682284441756,
            0.38499514966782244,
            0.3663812787344195,
            0.3415032904628448,
            0.44942483372790354,
            0.3204133053242095,
            0.4107023745645947,
            0.3955957773700695,
            0.598427655279291,
            0.3079856921655969,
            0.4617988877983118,
            0.3051375654566051,
            0.33357905547242706,
            0.3267890846068776,
            0.4050466875010552,
            0.3582379185870912,
            0.38382672651693506,
            0.32463436002638313,
            0.3358283214429745,
            0.34072871940146654,
            0.29974911661194314,
            0.36738547527184573,
            0.34434140736774027,
            0.2873498033288898
        ],
        "recall_drift_rate": [
            0.3102114821505433,
            0.31009260064464894,
            0.26980435592199464,
            0.3366006341655021,
            0.3845403830216861,
            0.2736545032679536,
            0.34581660009007104,
            0.2782352664392676,
            0.6099726608393534,
            0.20929482726177484,
            0.29623034711706964,
            0.2220553929749881,
            0.23325606773895752,
            0.2472785237636822,
            0.2706822428194813,
            0.26172198578273914,
            0.31091086996203854,
            0.26140442608214803,
            0.2543392680748213,
            0.26645276368686865,
            0.27361651166052503,
            0.2231293269634728,
            0.24319995626916135,
            0.2605224269183017
        ],
        "stop_probability_scale": [
            0.0004109802967342571,
            0.00027563098448992336,
            0.0006304672610647648,
            0.0005532696420588444,
            0.003941975864628313,
            0.0004532513064721121,
            0.0004572234114578469,
            0.0005339279965051994,
            0.0004932234672010913,
            0.0003394750992182852,
            0.0003561142071334955,
            0.0004087742065993379,
            0.00035595717992492615,
            0.000550395972136403,
            0.0006006045395030079,
            0.0004996767772443197,
            0.00037317086064692084,
            0.0007854615854180223,
            0.0004601568301831937,
            0.0012088333658328274,
            0.00031991633561098513,
            0.0004375495977578161,
            0.00039787965151355455,
            0.0052808162081611765
        ],
        "stop_probability_growth": [
            1.2577805855603486,
            1.307946860861613,
            1.1940739532213378,
            1.1835722874314518,
            0.8898540803219959,
            1.220163455438354,
            1.2111982769423317,
            1.1780944838507272,
            1.2228152170483075,
            1.274292831941417,
            1.2584932428687532,
            1.2328778684464181,
            1.2814605757446196,
            1.193325896488695,
            1.1676684470250613,
            1.2029777460059243,
            1.2468407754542667,
            1.155378733261085,
            1.2272572710551248,
            1.0803012759648984,
            1.2853151563292737,
            1.133545159603778,
            1.213726822962598,
            0.8590363137842383
        ],
        "choice_sensitivity": [
            78.66455123148434,
            66.84665725743544,
            96.04565332951836,
            67.02389060272063,
            39.68025287289301,
            93.21691074950043,
            61.678656245479225,
            77.97252916563218,
            21.809914280228686,
            95.82520136918762,
            53.96580841577789,
            98.35822916370012,
            93.88232637640658,
            73.29182131529865,
            61.397076532040714,
            98.46837496400073,
            54.3680342871022,
            77.01018477088363,
            88.1187794068917,
            95.64907515907677,
            90.38925379804368,
            75.93361191785661,
            84.04171978867295,
            99.9338701428539
        ],