{
    "fixed": {
        "start_drift_rate": 1.0,
        "shared_support": 0.0,
        "item_support": 0.0,
        "learning_rate": 0.0,
        "primacy_scale": 0.0,
        "primacy_decay": 0.0,
        "encoding_drift_decrease": 1.0,
        "item_sensitivity_max": 0.0,
        "item_sensitivity_decrease": 1.0,
        "allow_repeated_recalls": 1.0
    },
    "free": {
        "item_sensitivity_max": [
            1e-12,
            20.0
        ],
        "item_sensitivity_decrease": [
            1e-12,
            0.999999
        ],
        "encoding_drift_rate": [
            2.220446049250313e-16,
            0.9999999999999998
        ],
        "recall_drift_rate": [
            2.220446049250313e-16,
            0.9999999999999998
        ],
        "stop_probability_scale": [
            2.220446049250313e-16,
            0.9999999999999998
        ],
        "stop_probability_growth": [
            2.220446049250313e-16,
            10.0
        ],
        "choice_sensitivity": [
            2.220446049250313e-16,
            100.0
        ],
        "primacy_scale": [
            2.220446049250313e-16,
            100.0
        ],
        "primacy_decay": [
            2.220446049250313e-16,
            100.0
        ],
        "start_drift_rate": [
            2.220446049250313e-16,
            0.9999999999999998
        ],
        "encoding_drift_decrease": [
            2.220446049250313e-16,
            0.9999999999999998
        ]
    },
    "fitness": [
        1216.33984375,
        1769.1251220703125,
        1319.887451171875,
        948.2672119140625,
        1097.9600830078125,
        1794.6353759765625,
        1730.1480712890625,
        1789.343994140625,
        1772.663330078125,
        1703.861328125,
        1477.6541748046875,
        1135.6365966796875,
        1457.1776123046875,
        1791.1068115234375,
        1489.701416015625,
        1663.353515625,
        1743.28466796875,
        1696.3380126953125,
        1852.7091064453125,
        733.6988525390625,
        829.203369140625,
        3002.07177734375,
        2253.9521484375,
        921.8838500976562
    ],
    "fits": {
        "item_sensitivity_max": [
            6.965138235106217,
            7.347091027394599,
            7.297022262757951,
            7.363652372701304,
            7.739902844326513,
            7.218677434524363,
            7.879719743449009,
            7.883657108999925,
            9.234818480336349,
            7.06631300447446,
            9.10607425511029,
            7.035850436412385,
            8.11984655895333,
            7.0646738465950625,
            8.264759657383522,
            9.43738231645985,
            7.445883636743645,
            6.558250678599189,
            8.321386547097344,
            8.26353180313324,
            10.597968970854444,
            6.270702149485875,
            8.33103990138298,
            7.12504811437174
        ],
        "item_sensitivity_decrease": [
            0.9157877345495862,
            0.8508582284973925,
            0.8805013485129666,
            0.9289159930974922,
            0.8846076556014231,
            0.8508200177692439,
            0.8472190471714123,
            0.8402245471723384,
            0.79061247570214,
            0.8815528936140854,
            0.8434975795052102,
            0.9087561760910968,
            0.8535706167202921,
            0.8784529722973988,
            0.8644475003977935,
            0.7995879453089876,
            0.8666569684142174,
            0.8857536500237794,
            0.8128261735943101,
            0.918215202871898,
            0.8691791958611281,
            0.8481010807926009,
            0.8004065589208804,
            0.9178267867895703
        ],
        "encoding_drift_rate": [
            0.2628340976961846,
            0.37800730662620463,
            0.75732440423144,
            0.25399427558068255,
            0.24340482016007187,
            0.5778365828793431,
            0.41885674148921564,
            0.4504367570970864,
            0.6331159411218756,
            0.32624021386021307,
            0.9636730727964604,
            0.6082450888332482,
            0.4786617307410757,
            0.3384862518318945,
            0.542037115817856,
            0.49605919204434223,
            0.41301998883044294,
            0.18251309859210446,
            0.12263525244316215,
            0.17143134145395633,
            0.1914917130424451,
            0.4432601256285845,
            0.7453604526322926,
            0.4650209529030098
        ],
        "recall_drift_rate": [
            0.6831752957044392,
            0.32193551562758704,
            0.815777791051645,
            0.6535539474005552,
            0.7969862080662845,
            0.5590833679766601,
            0.9574571171595092,
            0.3472002112765589,
            0.5176539410959683,
            0.29486000203290763,
            0.5399844776821233,
            0.9053238910733195,
            0.5587972077867123,
            0.28034679731430195,
            0.4322515575369398,
            0.36762474441222937,
            0.8396827616345883,
            0.8659555927452915,
            0.7853214721213185,
            0.7429471636764045,
            0.7204642770464361,
            0.6762198368297975,
            0.6867478126972882,
            0.8423971541709787
        ],
        "stop_probability_scale": [
            0.0004354195045074509,
            0.00048763168367438325,
            0.00043173479458551584,
            0.0005928133412890224,
            0.004948897440189247,
            0.0005733264956361839,
            0.0003926992479665266,
            0.0006090567183578888,
            0.0009756483005120553,
            0.00031971013815252795,
            0.0003797144929505673,
            0.0003547900825541221,
            0.0003773866209251242,
            0.0006439295213102143,
            0.0003584220272418528,
            0.00027227392371916817,
            0.000494724166856364,
            0.0005759150393508938,
            0.0002531739637310432,
            0.0014113129763325682,
            0.0002874856630875477,
            0.0003701716458386348,
            0.0008345306794487649,
            0.006012237406175415
        ],
        "stop_probability_growth": [
            1.247921683859738,
            1.2112777068682257,
            1.2574706418031272,
            1.1724620251909004,
            0.8479990263551302,
            1.177416441316403,
            1.2379038739435169,
            1.1526572992364597,
            1.1050502783030467,
            1.2846225486271576,
            1.243808622521664,
            1.256794959286994,
            1.2674007130094953,
            1.1662929818626693,
            1.2590234454004534,
            1.3127445370946833,
            1.1968496581817236,
            1.2034661855894067,
            1.324922471001417,
            1.0555606644571598,
            1.3060156494857065,
            1.170351402948528,
            1.086265323638262,
            0.8383441898886517
        ],
        "choice_sensitivity": [
            49.279709355257154,
            63.62716809491956,
            95.52959525719656,
            60.682501889982944,
            26.247143658940374,
            26.597722327397587,
            8.944240983555687,
            87.39686848040023,
            37.82885625075549,
            65.76413629179268,
            25.859059285270348,
            80.52477250965694,
            34.975074219679456,
            63.88642938116573,
            28.879407451624722,
            47.37494942604298,
            15.649648084122695,
            38.71978133640104,
            73.49520998392879,
            60.44850489038102,
            53.19932751874319,
            29.968648056921555,
            11.736248934045626,
            26.294203451715255
        ],