{
    "fixed": {
        "start_drift_rate": 1.0,
        "shared_support": 0.0,
        "item_support": 0.0,
        "learning_rate": 0.0,
        "primacy_scale": 0.0,
        "primacy_decay": 0.0,
        "encoding_drift_decrease": 1.0,
        "item_sensitivity_max": 0.0,
        "item_sensitivity_decrease": 1.0,
        "allow_repeated_recalls": 1.0
    },
    "free": {
        "encoding_drift_rate": [
            2.220446049250313e-16,
            0.9999999999999998
        ],
        "start_drift_rate": [
            2.220446049250313e-16,
            0.9999999999999998
        ],
        "recall_drift_rate": [
            2.220446049250313e-16,
            0.9999999999999998
        ],
        "shared_support": [
            2.220446049250313e-16,
            100.0
        ],
        "item_support": [
            2.220446049250313e-16,
            100.0
        ],
        "learning_rate": [
            2.220446049250313e-16,
            0.9999999999999998
        ],
        "primacy_scale": [
            2.220446049250313e-16,
            100.0
        ],
        "primacy_decay": [
            2.220446049250313e-16,
            100.0
        ],
        "stop_probability_scale": [
            2.220446049250313e-16,
            0.9999999999999998
        ],
        "stop_probability_growth": [
            2.220446049250313e-16,
            10.0
        ],
        "choice_sensitivity": [
            2.220446049250313e-16,
            100.0
        ],
        "encoding_drift_decrease": [
            2.220446049250313e-16,
            0.9999999999999998
        ],
        "item_sensitivity_max": [
            1e-12,
            20.0
        ],
        "item_sensitivity_decrease": [
            1e-12,
            0.999999
        ]
    },
    "fitness": [
        1158.32080078125,
        1744.24658203125,
        1188.5906982421875,
        913.0452270507812,
        1062.2109375,
        1754.452392578125,
        1708.8907470703125,
        1742.4244384765625,
        1750.913818359375,
        1641.9736328125,
        1410.1568603515625,
        1052.574951171875,
        1420.7183837890625,
        1751.39208984375,
        1414.742919921875,
        1622.66943359375,
        1693.4169921875,
        1684.236083984375,
        1812.583740234375,
        705.8185424804688,
        805.9221801757812,
        2951.708984375,
        2206.2353515625,
        909.3856811523438
    ],
    "fits": {
        "encoding_drift_rate": [
            0.7402080088304163,
            0.21580032117275152,
            0.37167096930534343,
            0.6825017466689619,
            0.8005246425204322,
            0.6959591514262427,
            0.3588369253777533,
            0.8867519221276488,
            0.3624224875778948,
            0.8021029612490008,
            0.85186953214372,
            0.8228945047151921,
            0.6368204973327887,
            0.7707243386138305,
            0.7861181562925866,
            0.7669014074060375,
            0.8441718017432067,
            0.4454654921483456,
            0.7532139520302648,
            0.7283470498878651,
            0.6958547368254536,
            0.8531290995247784,
            0.8140539475517268,
            0.7741862823520147
        ],
        "start_drift_rate": [
            0.5173834323315845,
            0.6079605232637393,
            0.6611231600445396,
            0.5200066429981165,
            0.46951111975944043,
            0.5774471761742247,
            0.9695168479642634,
            0.8949370346765773,
            0.8653345871468339,
            0.6867492805043894,
            0.6847182383036581,
            0.6865059545274302,
            0.8111494073934827,
            0.7322626031060581,
            0.660911683114524,
            0.6986017989076395,
            0.6616699613132914,
            0.8217184619873324,
            0.8651770010787663,
            0.6991804070634007,
            0.5330911564139175,
            0.907944030196286,
            0.6987672805949617,
            0.5141579899562071
        ],
        "recall_drift_rate": [
            0.7575400305928358,
            0.3413321026737878,
            0.2865949494054846,
            0.4333353541273793,
            0.6431774355933002,
            0.7939536705410238,
            0.3216173304502038,
            0.6968985621373284,
            0.5820170159071393,
            0.6409208663604589,
            0.72638043925602,
            0.6307787804618499,
            0.6002814739627861,
            0.7298745971293294,
            0.7130325631012988,
            0.6192001756188499,
            0.7598342051164255,
            0.7267357366199285,
            0.7853897348032913,
            0.6060445209030043,
            0.3486505492321694,
            0.48847290303824187,
            0.7655987455141919,
            0.7465109299519477
        ],
        "shared_support": [
            14.257515308915849,
            98.21492463946063,
            56.193887246164245,
            91.53522331348265,
            75.1516120238474,
            87.02303198317618,
            65.14396700254292,
            87.74713025941227,
            97.77566666594234,
            84.68211771174188,
            97.6475585144278,
            70.50432505899082,
            80.33760478835674,
            94.04828657666661,
            81.8836027650451,
            98.79821007942328,
            22.425800157048435,
            15.323162780189811,
            83.66899623788547,
            78.20237781803637,
            77.06388807415007,
            92.29053557411908,
            98.93459660035735,
            96.77232813539584
        ],
        "item_support": [
            11.429677041980483,
            30.23172337208236,
            14.860640140099619,
            43.01479063534987,
            61.54395089904874,
            79.29408884121281,
            18.362590174646677,
            59.29665003705643,
            30.295328410681176,
            52.70333652051832,
            66.83473090073657,
            52.97571604352537,
            42.04834337629729,
            58.513972885955425,
            52.93533347051371,
            71.57537853851571,
            1.7703912603884788,
            10.084405389399635,
            72.05133809895693,
            36.525876339696275,
            15.524752553541667,
            10.099607699427985,
            76.73665431138392,
            54.35269506889896
        ],
        "learning_rate": [
            0.0044177241712704835,
            0.6934344003463951,
            0.5689741794299972,
            0.45225092887630175,
            0.0480567285162614,
            0.012885750237741765,
            0.6571034576136077,
            0.05385632349421121,
            0.6731319656979594,
            0.05026015825580968,
            0.02781497678265376,
            0.2034921945258369,
            0.06608484085227949,
            0.08508177213694484,
            0.08723455320994875,
            0.062556481480816,
            0.006974475419894988,
            0.003964971966429769,
            0.004447547877888591,
            0.008622223606369436,
            0.3578672285543142,
            0.054229063763066465,
            0.004592124445265244,
            0.004292105129239443
        ],