{
    "fixed": {
        "start_drift_rate": 1.0,
        "shared_support": 0.0,
        "item_support": 0.0,
        "learning_rate": 0.0,
        "primacy_scale": 0.0,
        "primacy_decay": 0.0,
        "encoding_drift_decrease": 1.0,
        "item_sensitivity_max": 0.0,
        "item_sensitivity_decrease": 1.0,
        "allow_repeated_recalls": 1.0
    },
    "free": {
        "item_sensitivity_max": [
            1e-12,
            20.0
        ],
        "item_sensitivity_decrease": [
            1e-12,
            0.999999
        ],
        "encoding_drift_rate": [
            2.220446049250313e-16,
            0.9999999999999998
        ],
        "recall_drift_rate": [
            2.220446049250313e-16,
            0.9999999999999998
        ],
        "stop_probability_scale": [
            2.220446049250313e-16,
            0.9999999999999998
        ],
        "stop_probability_growth": [
            2.220446049250313e-16,
            10.0
        ],
        "choice_sensitivity": [
            2.220446049250313e-16,
            100.0
        ],
        "learning_rate": [
            2.220446049250313e-16,
            0.9999999999999998
        ],
        "shared_support": [
            2.220446049250313e-16,
            100.0
        ],
        "item_support": [
            2.220446049250313e-16,
            100.0
        ],
        "start_drift_rate": [
            2.220446049250313e-16,
            0.9999999999999998
        ],
        "encoding_drift_decrease": [
            2.220446049250313e-16,
            0.9999999999999998
        ]
    },
    "fitness": [
        1204.5054931640625,
        1748.694091796875,
        1184.4210205078125,
        936.029296875,
        1065.6544189453125,
        1762.7445068359375,
        1698.368408203125,
        1743.197509765625,
        1751.230224609375,
        1645.134033203125,
        1433.066162109375,
        1043.970947265625,
        1399.743408203125,
        1736.7811279296875,
        1421.675537109375,
        1612.319091796875,
        1716.4249267578125,
        1699.958251953125,
        1813.5970458984375,
        695.9849853515625,
        810.00634765625,
        2964.30615234375,
        2183.036865234375,
        923.830322265625
    ],
    "fits": {
        "item_sensitivity_max": [
            6.401749897741071,
            8.607330755235308,
            6.981641457922162,
            6.863253581441997,
            9.07359521213173,
            8.037642585049143,
            8.75366380437482,
            8.064881777787265,
            9.035630759475433,
            7.0418669870479995,
            9.063784294647546,
            9.296718845168098,
            8.833527232282645,
            6.7046002332903445,
            7.03695509523026,
            11.647612937520774,
            7.427480082901896,
            7.21564727397527,
            13.597752853097976,
            7.797794312589369,
            18.627516678844742,
            5.86530200987221,
            7.639386227286744,
            9.567629548319477
        ],
        "item_sensitivity_decrease": [
            0.9655636605468535,
            0.8357106518515067,
            0.9760965762135438,
            0.9900717709003324,
            0.9548342839573492,
            0.8879545054906435,
            0.8859952503919931,
            0.9179666613206541,
            0.8314102776715769,
            0.9650010420588127,
            0.8836912911940142,
            0.9289803986513705,
            0.8905399531806065,
            0.9492656628015239,
            0.9588411280221434,
            0.8199527861903162,
            0.9509314374440695,
            0.9623983604678676,
            0.8279462200376705,
            0.9901164606790718,
            0.7913681959890586,
            0.9295664791770155,
            0.8881670123809389,
            0.8778383493210169
        ],
        "encoding_drift_rate": [
            0.5815590932079606,
            0.4269370194513217,
            0.74938532749742,
            0.7696042237768292,
            0.8213999620944696,
            0.8052033718028995,
            0.8210114046708608,
            0.8405485393851693,
            0.7714037640172623,
            0.7661910192326731,
            0.8562798384495518,
            0.8181569323766711,
            0.6851575458930583,
            0.7618801116696454,
            0.8169227685487024,
            0.8518607633589816,
            0.8227679038530223,
            0.7234058202961583,
            0.8307021981904652,
            0.7568631735785535,
            0.8411652744974649,
            0.8125538289235945,
            0.8531450978509889,
            0.8127629136411822
        ],
        "recall_drift_rate": [
            0.08226978111336015,
            0.06431676118241836,
            0.4372824346334331,
            0.4557235638357056,
            0.616709590639485,
            0.6669334296578296,
            0.5785764191349074,
            0.6153209535988984,
            0.5391281424068995,
            0.5264172614412277,
            0.6022191215495445,
            0.6201372321577445,
            0.4489198639229776,
            0.5875054682856906,
            0.5533621229283701,
            0.5310432253902024,
            0.6136656403249624,
            0.5804977426484664,
            0.6882895067831434,
            0.36417394458622754,
            0.5671379129099159,
            0.46173864308792845,
            0.6740132078078374,
            0.5510806524055921
        ],
        "stop_probability_scale": [
            0.0004394034333895773,
            0.00035261092709126807,
            0.0004127030177331636,
            0.000495382113662457,
            0.005294147993270659,
            0.000517042142871238,
            0.0005309830669525958,
            0.0005211472135345785,
            0.000531514681655613,
            0.00031642081006594855,
            0.0007336626878579562,
            0.0004902574709759614,
            0.0005787900208655687,
            0.00042888837666499454,
            0.00028300587382613235,
            0.0002188055510158675,
            0.0007126903360318337,
            0.0008765526064264133,
            0.0004496793067564729,
            0.0014015286785377336,
            0.00037379661869648225,
            0.0009335610141571091,
            0.00065118804145331,
            0.006524733132524096
        ],
        "stop_probability_growth": [
            1.2479741108183862,
            1.266339362998767,
            1.265082762787508,
            1.2039122875516783,
            0.834433011810046,
            1.1938783430632833,
            1.1811601998028558,
            1.1821207224141177,
            1.2097994984522167,
            1.286570989189669,
            1.1310229355586223,
            1.2014310161916675,
            1.197251767181633,
            1.23559626817959,
            1.2955155284387527,
            1.3485391953962345,
            1.1359614839509122,
            1.1313583350820169,
            1.2261781710705248,
            1.0586078538434314,
            1.2596549646830866,
            1.005160511464294,
            1.143868338968133,
            0.822399414787065
        ],
        "choice_sensitivity": [
            82.35323060505283,
            81.57524550138228,
            79.0472141275327,
            74.81183030071665,
            91.74671175983183,
            90.23224455287883,
            55.27534745878584,
            81.94728698415231,
            70.74067928987131,
            45.55018367161168,
            68.80008629436249,
            98.73568391218322,
            72.51805708451153,
            88.54551488518298,
            81.00827304061146,
            49.654333739010525,
            50.91322868982672,
            72.93238713649126,
            92.36161006100315,
            45.520063228830224,
            95.33285105582745,
            40.397333678487634,
            83.40940519420116,
            99.81359850205351
        ],