{
    "fixed": {
        "start_drift_rate": 1.0,
        "shared_support": 0.0,
        "item_support": 0.0,
        "learning_rate": 0.0,
        "primacy_scale": 0.0,
        "primacy_decay": 0.0,
        "encoding_drift_decrease": 1.0,
        "item_sensitivity_max": 0.0,
        "item_sensitivity_decrease": 1.0,
        "allow_repeated_recalls": 1.0
    },
    "free": {
        "item_sensitivity_max": [
            1e-12,
            20.0
        ],
        "item_sensitivity_decrease": [
            1e-12,
            0.999999
        ],
        "encoding_drift_rate": [
            2.220446049250313e-16,
            0.9999999999999998
        ],
        "recall_drift_rate": [
            2.220446049250313e-16,
            0.9999999999999998
        ],
        "stop_probability_scale": [
            2.220446049250313e-16,
            0.9999999999999998
        ],
        "stop_probability_growth": [
            2.220446049250313e-16,
            10.0
        ],
        "choice_sensitivity": [
            2.220446049250313e-16,
            100.0
        ],
        "learning_rate": [
            2.220446049250313e-16,
            0.9999999999999998
        ],
        "primacy_scale": [
            2.220446049250313e-16,
            100.0
        ],
        "primacy_decay": [
            2.220446049250313e-16,
            100.0
        ],
        "encoding_drift_decrease": [
            2.220446049250313e-16,
            0.9999999999999998
        ]
    },
    "fitness": [
        1223.750244140625,
        1767.9852294921875,
        1213.582763671875,
        947.0219116210938,
        1115.774169921875,
        1796.977783203125,
        1727.14306640625,
        1814.2105712890625,
        1783.7677001953125,
        1703.14794921875,
        1513.3016357421875,
        1097.4888916015625,
        1473.10107421875,
        1794.007080078125,
        1490.707275390625,
        1665.098388671875,
        1786.0447998046875,
        1749.844482421875,
        1859.68701171875,
        733.8721313476562,
        828.1402587890625,
        3010.526611328125,
        2253.615234375,
        942.812255859375
    ],
    "fits": {
        "item_sensitivity_max": [
            6.912298415082973,
            7.739765651571293,
            7.32677166398514,
            7.51038660820754,
            7.270269398089025,
            7.366984611528332,
            6.994340600366274,
            8.694471000942238,
            8.91891541202435,
            7.211389794226951,
            8.072750875016887,
            8.318131029090969,
            9.626667472441506,
            7.123784693582575,
            7.996216958143193,
            9.180218496041515,
            7.284648002206417,
            6.443753200146748,
            8.836439849749627,
            8.362926353663884,
            9.43676617414848,
            5.917851166693322,
            7.720089255041027,
            7.477470873084564
        ],
        "item_sensitivity_decrease": [
            0.9155703916899971,
            0.836898189434931,
            0.9034622391020091,
            0.9293718964135715,
            0.9114910632110055,
            0.8426311513655474,
            0.8769103723302231,
            0.8186375535482575,
            0.7989654977880802,
            0.8849635126569569,
            0.8611582449529258,
            0.8886212910148417,
            0.8240023687500282,
            0.883468080869129,
            0.869920199325526,
            0.8104324912130731,
            0.8636931476285004,
            0.8997644763932989,
            0.7956474408227637,
            0.9121432309719697,
            0.8890180374957984,
            0.8590364709706478,
            0.8140080285777342,
            0.9091702074999854
        ],
        "encoding_drift_rate": [
            0.36661465563140305,
            0.3424250165379614,
            0.36592136808572534,
            0.1285044411421345,
            0.3848501593474762,
            0.45307527670381975,
            0.3394840372887234,
            0.5004779824958132,
            0.3670915100357515,
            0.28513499731376524,
            0.37273892341204046,
            0.35292563404479455,
            0.29757656749700423,
            0.453554400732063,
            0.5913054695930349,
            0.4981325567963484,
            0.45558429385987814,
            0.4099808294307078,
            0.3810296417338761,
            0.18173579294571682,
            0.1499416196102813,
            0.43343409109677034,
            0.30845349855204607,
            0.3781174327381007
        ],
        "recall_drift_rate": [
            0.3603727440663013,
            0.3133041476726922,
            0.29828154960453335,
            0.7267563185409314,
            0.36895767930491574,
            0.46586539578713837,
            0.2904189301735719,
            0.4094311164416144,
            0.41474481491529464,
            0.2571335920368723,
            0.33808685993556153,
            0.3584729403245557,
            0.29608870905501417,
            0.41416438722643373,
            0.4951778460366227,
            0.3981551185562495,
            0.399737141361423,
            0.3446567955141717,
            0.5183155934833673,
            0.7121277045471014,
            0.7288407774301587,
            0.5742665329286777,
            0.25738590333718186,
            0.3683202184059051
        ],
        "stop_probability_scale": [
            0.0004855019851669687,
            0.00032729851918313345,
            0.0007071360586709661,
            0.0006856775770551619,
            0.0051565354778359,
            0.0007481089125821166,
            0.000612569451722906,
            0.0006875217508799936,
            0.0005020771117898811,
            0.00027442708610165043,
            0.0005730060539496176,
            0.000426596291693504,
            0.00035177410859367806,
            0.000839223365431492,
            0.0004006978969929853,
            0.00029705143313665675,
            0.0005148787186759485,
            0.0010393117182024292,
            0.000392300692015346,
            0.001358090169645493,
            0.0003283011038030048,
            0.0005980740639535732,
            0.0006479262670190944,
            0.006560262298875594
        ],
        "stop_probability_growth": [
            1.2285967169381484,
            1.2776800004031905,
            1.1735192792753106,
            1.1471717528230019,
            0.8433444348632477,
            1.131905068348622,
            1.1655149930470028,
            1.145426473402523,
            1.2193599614349697,
            1.3114218320284445,
            1.1734530836703918,
            1.2284810966405169,
            1.2815679426955349,
            1.1180273636625375,
            1.2410279464169296,
            1.296882746884421,
            1.189764733320927,
            1.0993018028493977,
            1.2507080896044238,
            1.0630422386123284,
            1.282000419278761,
            1.0788889992223547,
            1.1383047155672044,
            0.8210778952099549
        ],
        "choice_sensitivity": [
            78.39289819460046,
            74.15806711071141,
            88.32846262136084,
            93.25178693946819,
            49.47163895578493,
            34.76000141468898,
            90.53192689495432,
            40.49308617468938,
            58.44624317513869,
            81.06128089590851,
            59.83107639233073,
            54.6131569148704,
            84.31952853778103,
            30.094563463468443,
            21.468452890119593,
            43.24742885690093,
            35.15446704231084,
            42.14656688792254,
            45.94136141116192,
            61.82068777659646,
            65.7120146829151,
            31.949094801095956,
            91.46763280533183,
            50.17167231160698
        ],