{
    "fixed": {
        "start_drift_rate": 1.0,
        "shared_support": 0.0,
        "item_support": 0.0,
        "learning_rate": 0.0,
        "primacy_scale": 0.0,
        "primacy_decay": 0.0,
        "encoding_drift_decrease": 1.0,
        "item_sensitivity_max": 0.0,
        "item_sensitivity_decrease": 1.0,
        "allow_repeated_recalls": 1.0
    },
    "free": {
        "item_sensitivity_max": [
            1e-12,
            20.0
        ],
        "item_sensitivity_decrease": [
            1e-12,
            0.999999
        ],
        "encoding_drift_rate": [
            2.220446049250313e-16,
            0.9999999999999998
        ],
        "recall_drift_rate": [
            2.220446049250313e-16,
            0.9999999999999998
        ],
        "choice_sensitivity": [
            2.220446049250313e-16,
            100.0
        ],
        "encoding_drift_decrease": [
            2.220446049250313e-16,
            0.9999999999999998
        ]
    },
    "fitness": [
        1105.6378173828125,
        1711.55615234375,
        1106.4068603515625,
        772.9967041015625,
        1094.548583984375,
        1721.209716796875,
        1629.3223876953125,
        1764.702880859375,
        1733.41943359375,
        1603.7244873046875,
        1395.58544921875,
        925.9710693359375,
        1395.74658203125,
        1715.369384765625,
        1379.695556640625,
        1618.82177734375,
        1754.7325439453125,
        1679.646728515625,
        1818.942626953125,
        660.5473022460938,
        652.9231567382812,
        3142.194580078125,
        2261.84033203125,
        944.9010009765625
    ],
    "fits": {
        "item_sensitivity_max": [
            6.919106529732126,
            8.003657420422837,
            7.263406538580213,
            7.4286521626742825,
            7.13016398236853,
            7.676735897957416,
            6.693317200913669,
            7.6451323543482435,
            7.820396981769695,
            6.665593054629641,
            7.22999798979558,
            8.63453174604168,
            7.8780455978334265,
            6.110265291779848,
            7.06803884149628,
            8.705663062403497,
            7.031527158073797,
            6.611395844443222,
            8.183984498832238,
            8.992844341209564,
            10.061180760164538,
            5.043043897232947,
            6.281068230212181,
            7.320064589185254
        ],
        "item_sensitivity_decrease": [
            0.9214860279951145,
            0.8275636333647404,
            0.9062234499196415,
            0.9269031692741375,
            0.9075631200174417,
            0.8368183570200525,
            0.8777418140874631,
            0.8432930219045208,
            0.8174691303772825,
            0.8993645706531299,
            0.8753750221033576,
            0.8824940272181788,
            0.8406397705223854,
            0.8961066789591304,
            0.8987982724547183,
            0.8169093138706387,
            0.8747812482026083,
            0.8918932726750969,
            0.7959365455067687,
            0.8930839651988336,
            0.8833501445958749,
            0.9000061247480579,
            0.8467775296719555,
            0.9087903379045552
        ],
        "encoding_drift_rate": [
            0.3280538256926334,
            0.26133288107336894,
            0.30205802298845774,
            0.2804918598531579,
            0.38317107563452285,
            0.29788215471065094,
            0.29141377012009206,
            0.376105414456618,
            0.2637812211753703,
            0.24061282418251367,
            0.3238262422197773,
            0.2719812835954584,
            0.29648818754799877,
            0.266639474750067,
            0.5162442243294407,
            0.3139409001672594,
            0.34114275914539904,
            0.35942646825347707,
            0.3079261725142053,
            0.3717789690797754,
            0.25729625536515055,
            0.3926094942719483,
            0.3223426334869661,
            0.3400643793144087
        ],
        "recall_drift_rate": [
            0.2652307160662756,
            0.23488112179841808,
            0.2616431432083281,
            0.2824776512309751,
            0.31312348925214595,
            0.2786666974090787,
            0.2465916690642226,
            0.3073922899385144,
            0.2428556319866183,
            0.22347593883928127,
            0.26492952219166216,
            0.26984502907343977,
            0.2772844734414377,
            0.22855242812411872,
            0.43124508586354193,
            0.26795822566676014,
            0.2772454492463266,
            0.29606199149747936,
            0.2658890710610664,
            0.28371000114910916,
            0.2632890535489995,
            0.29556864021880125,
            0.22674639869846658,
            0.2992158547580766
        ],
        "choice_sensitivity": [
            95.72466432277464,
            98.25438900211348,
            93.6706193231257,
            88.7566003379929,
            68.40629607728994,
            69.21706101925882,
            88.63792135885906,
            47.53860083857798,
            95.66292902261839,
            97.83366271272564,
            81.7260257589353,
            84.82332838791748,
            94.4274891040877,
            95.87997720953379,
            24.132785593164297,
            78.1723933116428,
            58.69015087461836,
            54.552446325756186,
            92.17292807459708,
            98.4752867963294,
            99.00252790337035,
            24.78970159418381,
            72.58094663544487,
            88.59760844406536
        ],
        "encoding_drift_decrease": [
            0.8744852649332628,
            0.9356247199290675,
            0.8976375536773795,
            0.9841762268642644,
            0.8347823942599004,
            0.9505279475396458,
            0.9380130713619118,
            0.9359376575857068,
            0.9222942775115919,
            0.956389034516804,
            0.928695607368025,
            0.9851706595178457,
            0.9236634994570283,
            0.940764675418505,
            0.9387766302393894,
            0.901709434013546,
            0.9054741549674714,
            0.8846893936401028,
            0.9033689249790526,
            0.8469245584038492,
            0.9786622581759457,
            0.9942668766810299,
            0.9079505504592116,
            0.8290086486154101
        ],
        "start_drift_rate": [
            1.0,
            1.0,
            1.0,
            1.0,
            1.0,
            1.0,
            1.0,
            1.0,
            1.0,
            1.0,
            1.0,
            1.0,
            1.0,
            1.0,
            1.0,
            1.0,
            1.0,
            1.0,
            1.0,
            1.0,
            1.0,
            1.0,
            1.0,
            1.0
        ],
        "shared_support": [
            0.0,
            0.0,
            0.0,
            0.0,
            0.0,
            0.0,
            0.0,
            0.0,
            0.0,
            0.0,
            0.0,
            0.0,
            0.0,
            0.0,
            0.0,
            0.0,
            0.0,
            0.0,
            0.0,
            0.0,
            0.0,
            0.0,
            0.0,
            0.0
        ],
        "item_support": [
            0.0,
            0.0,
            0.0,
            0.0,
            0.0,
            0.0,
            0.0,
            0.0,
            0.0,
            0.0,
            0.0,
            0.0,
            0.0,
            0.0,
            0.0,
            0.0,
            0.0,
            0.0,
            0.0,
            0.0,
            0.0,
            0.0,
            0.0,
            0.0
        ],