{
    "fixed": {
        "allow_repeated_recalls": 1.0
    },
    "free": {
        "encoding_drift_rate": [
            2.220446049250313e-16,
            0.9999999999999998
        ],
        "start_drift_rate": [
            2.220446049250313e-16,
            0.9999999999999998
        ],
        "recall_drift_rate": [
            2.220446049250313e-16,
            0.9999999999999998
        ],
        "shared_support": [
            2.220446049250313e-16,
            100.0
        ],
        "item_support": [
            2.220446049250313e-16,
            100.0
        ],
        "learning_rate": [
            2.220446049250313e-16,
            0.9999999999999998
        ],
        "primacy_scale": [
            2.220446049250313e-16,
            100.0
        ],
        "primacy_decay": [
            2.220446049250313e-16,
            100.0
        ],
        "stop_probability_scale": [
            2.220446049250313e-16,
            0.9999999999999998
        ],
        "stop_probability_growth": [
            2.220446049250313e-16,
            10.0
        ],
        "choice_sensitivity": [
            2.220446049250313e-16,
            100.0
        ]
    },
    "fitness": [
        689.289306640625,
        547.7921142578125,
        707.359375,
        616.5491943359375,
        776.14697265625,
        639.6316528320312,
        784.3016357421875,
        882.3145751953125,
        740.6063232421875,
        1053.03857421875,
        631.1439208984375,
        898.8590087890625,
        471.4786376953125,
        644.73486328125,
        711.2784423828125,
        620.509765625,
        984.617919921875,
        683.7716064453125,
        542.8439331054688,
        701.4292602539062,
        936.5103759765625,
        814.26123046875,
        697.9240112304688,
        664.2498168945312
    ],
    "fits": {
        "encoding_drift_rate": [
            0.4266196655382787,
            0.5128330895430027,
            0.4978297040383104,
            0.6810944471265504,
            0.6009563825494855,
            0.8341632302950102,
            0.4829975170949066,
            0.40407241902980207,
            0.6460273721666809,
            0.5436453755310998,
            0.3086931671032639,
            0.4333776114099709,
            0.8592651147534713,
            0.3532329150928626,
            0.458181358129098,
            0.4206937173380883,
            0.4371206021261468,
            0.5180949556513047,
            0.6785424536756229,
            0.4404843637612138,
            0.6282999867589036,
            0.6650446331130652,
            0.5486237359333331,
            0.6617984927908277
        ],
        "start_drift_rate": [
            0.7199194795035575,
            0.1559386694626289,
            0.01847735700148484,
            0.541194802523869,
            0.5862850314969107,
            0.7706918411137385,
            0.791358749129603,
            0.737045992612092,
            0.5988130317980719,
            0.46445533531420463,
            0.14665049341075398,
            0.014689379065197627,
            0.4578169616371034,
            0.05689752028657785,
            0.06262997263516101,
            0.11545468102807505,
            0.14827060354387056,
            0.274617613561074,
            0.3813508188716231,
            0.054782268667478484,
            0.6738649654575424,
            0.8220405133367883,
            0.33716167521801843,
            0.5740409470221824
        ],
        "recall_drift_rate": [
            0.43739166342615465,
            0.2673031298128283,
            0.7861160171605401,
            0.7256290972954712,
            0.6978498058951468,
            0.7698425871622202,
            0.5545700631320778,
            0.42970626838723847,
            0.7206609300728402,
            0.6475370049121307,
            0.82254028417663,
            0.8335779733182291,
            0.5673659900805377,
            0.836277557284993,
            0.8731066464147699,
            0.6512734080891345,
            0.6841295507115649,
            0.5371649949006849,
            0.5694665939296333,
            0.807796521104826,
            0.7681661334774763,
            0.6221376383432725,
            0.7946455342502307,
            0.7171485914340641
        ],
        "shared_support": [
            31.158350052115612,
            98.07821675263668,
            1.7713269171352621,
            8.221654614992516,
            61.51222695726549,
            38.39125313680986,
            3.785390733989445,
            27.080555855210005,
            68.78939320898718,
            8.646801743094542,
            16.27634537850343,
            1.3343419107674421,
            4.230747418804583,
            3.1118177577206865,
            2.904276997909264,
            27.010650103694942,
            62.49242481636344,
            5.177581097012862,
            7.003703484077825,
            1.025522556388566,
            6.099162240848543,
            97.5081001573273,
            12.975083714641237,
            80.60942270667172
        ],
        "item_support": [
            17.37561203548315,
            0.8474567479590291,
            0.992116700916732,
            7.352982710507355,
            49.6908736772674,
            33.9260874083226,
            3.0315941868584204,
            12.91851370327035,
            59.90153365074961,
            7.063822617075424,
            10.452863333532449,
            0.6415121269427786,
            2.427240061628268,
            1.0290262574490754,
            2.0846031435567696,
            23.41361987398556,
            56.535504849657215,
            3.0692621516031693,
            4.927898254263027,
            0.09268063354325307,
            5.610874541477365,
            77.15165363203012,
            11.646340235497597,
            49.18675942031216
        ],
        "learning_rate": [
            0.5771429682882965,
            0.5769344587363076,
            0.004691188788202794,
            0.08712209345047064,
            0.14641261639442507,
            0.04132538174936107,
            0.48041841402846036,
            0.617091472109035,
            0.05710646643707787,
            0.5024934531292737,
            0.0015874182518480226,
            0.0025199699068069485,
            0.1678777656729057,
            0.0025227055566560685,
            0.010000192895633864,
            0.003866625183781336,
            0.002632983494483543,
            0.49932141738212166,
            0.3905999149351133,
            0.004504175199988118,
            0.16900342329495333,
            0.15352295884609282,
            0.011958974447662087,
            0.012995636794859933
        ],
        "primacy_scale": [
            7.777731867657479,
            15.447153364927381,
            5.053743591489095,
            1.564371566330209,
            32.34602941975368,
            3.781833115461204,
            0.6301249259819812,
            8.066421474175804,
            26.29887571222599,
            1.3136188074927873,
            83.91937614334611,
            7.1891850906007235,
            0.06479666637466863,
            22.33854129904673,
            10.534264466609443,
            18.463132281658822,
            23.246308443362096,
            1.4653607446262384,
            1.407182381331971,
            8.48608068447119,
            1.4683701928800303,
            30.30551643696706,
            5.451062061065301,
            93.34366279319912
        ],