{
    "fixed": {
        "start_drift_rate": 1.0,
        "shared_support": 0.0,
        "item_support": 0.0,
        "learning_rate": 0.0,
        "primacy_scale": 0.0,
        "primacy_decay": 0.0,
        "encoding_drift_decrease": 1.0,
        "item_sensitivity_max": 0.0,
        "item_sensitivity_decrease": 1.0,
        "allow_repeated_recalls": 1.0
    },
    "free": {
        "item_sensitivity_max": [
            1e-12,
            20.0
        ],
        "item_sensitivity_decrease": [
            1e-12,
            0.999999
        ],
        "encoding_drift_rate": [
            2.220446049250313e-16,
            0.9999999999999998
        ],
        "start_drift_rate": [
            2.220446049250313e-16,
            0.9999999999999998
        ],
        "recall_drift_rate": [
            2.220446049250313e-16,
            0.9999999999999998
        ],
        "shared_support": [
            2.220446049250313e-16,
            100.0
        ],
        "item_support": [
            2.220446049250313e-16,
            100.0
        ],
        "learning_rate": [
            2.220446049250313e-16,
            0.9999999999999998
        ],
        "primacy_scale": [
            2.220446049250313e-16,
            100.0
        ],
        "primacy_decay": [
            2.220446049250313e-16,
            100.0
        ],
        "choice_sensitivity": [
            2.220446049250313e-16,
            100.0
        ],
        "encoding_drift_decrease": [
            2.220446049250313e-16,
            0.9999999999999998
        ]
    },
    "fitness": [
        1075.3106689453125,
        1660.459716796875,
        1056.256591796875,
        749.4517822265625,
        1023.977294921875,
        1677.71435546875,
        1587.4891357421875,
        1698.64892578125,
        1666.1336669921875,
        1570.643310546875,
        1336.6522216796875,
        901.4287109375,
        1323.2108154296875,
        1673.0859375,
        1323.5177001953125,
        1584.2633056640625,
        1705.6148681640625,
        1598.1356201171875,
        1744.152587890625,
        624.6257934570312,
        781.978271484375,
        2989.064453125,
        2184.033935546875,
        897.10693359375
    ],
    "fits": {
        "item_sensitivity_max": [
            6.6785186426077505,
            7.198745938424414,
            7.774496082267978,
            7.088991428523421,
            7.205203694179762,
            7.200787670339397,
            6.242049934066497,
            7.306414923190848,
            7.877798243102273,
            6.865355193565692,
            7.354855699591264,
            10.72939169345225,
            9.324995681605492,
            6.63908836886003,
            7.650044931333749,
            9.386514935333626,
            7.280606800945232,
            5.966564215362144,
            7.802517823570026,
            8.692649364863946,
            6.624619546748201,
            5.733839996191185,
            7.10485964673298,
            7.056094475626829
        ],
        "item_sensitivity_decrease": [
            0.9219030151218046,
            0.8550745699457786,
            0.8821912288516562,
            0.9400449910786235,
            0.9168701490067339,
            0.8584767337133276,
            0.8958834526345362,
            0.8599001685234395,
            0.8224278996154136,
            0.8839200161436022,
            0.8745386684194024,
            0.9063349621693676,
            0.8242101536303271,
            0.9013315356813802,
            0.8897439347098224,
            0.79963059769522,
            0.8629124598429314,
            0.9114209341176747,
            0.813220936283274,
            0.9099538952430404,
            0.9566816732395094,
            0.8486434049320941,
            0.8294098128922924,
            0.9323291034651917
        ],
        "encoding_drift_rate": [
            0.21785703121964778,
            0.205255584179389,
            0.3601773846900979,
            0.4966355152654307,
            0.7084304127363522,
            0.4219222576133008,
            0.3834531909657059,
            0.2807843805884268,
            0.3595246491036785,
            0.16573176938409587,
            0.8146828305546829,
            0.7892464514503261,
            0.18864051365685464,
            0.31319468959492375,
            0.6282130508327333,
            0.6141784886549195,
            0.4656018856514809,
            0.17985575882999447,
            0.2793980394276389,
            0.470309676142966,
            0.015406107082009573,
            0.591992019332419,
            0.35556275219864236,
            0.04933148776445109
        ],
        "start_drift_rate": [
            0.999890684402565,
            0.9842350523020928,
            0.9999991550081835,
            0.8032766063985775,
            0.5741515336174396,
            0.8778800556440403,
            0.9998390217701818,
            0.9951354788471172,
            0.9999860287780893,
            0.9984721737228026,
            0.6795340213671707,
            0.8121345955574276,
            0.9995444575315182,
            0.9999829316484647,
            0.8445979885587291,
            0.8595323000693165,
            0.9814916334399962,
            0.9831127575654052,
            0.9999873096852797,
            0.9991545988799622,
            0.5506929443073034,
            0.8874481000623278,
            0.7946705379833043,
            0.897457490592831
        ],
        "recall_drift_rate": [
            0.26346675752255416,
            0.4549319367429294,
            0.4884922985651709,
            0.5514533210954511,
            0.5389876690930882,
            0.5223743745023278,
            0.3314919981760436,
            0.3698908509695921,
            0.19282507196895024,
            0.47559800837567456,
            0.5582875367037484,
            0.7635194472241175,
            0.4546566779929436,
            0.21121005232157283,
            0.6325343163379531,
            0.5787872423971798,
            0.6619392592266843,
            0.7244343909567595,
            0.18838196510979488,
            0.4510610807572837,
            0.08770005954545665,
            0.5339783967487435,
            0.5166270083961779,
            0.6026412850836727
        ],
        "shared_support": [
            19.814379081221677,
            9.090352192881994,
            29.062918382200316,
            25.34473487585101,
            39.09934720707632,
            12.943519612057067,
            54.27886582029237,
            92.05377042254383,
            0.9710730736426427,
            2.77021165679745,
            19.2117190632652,
            97.57457181791654,
            13.292210745077291,
            1.0215055323958353,
            25.558109098488956,
            3.5260585146289287,
            4.962718250751742,
            13.8220372450714,
            73.26547825830963,
            16.450831438293122,
            87.02481447417483,
            0.6719233799467474,
            88.543796655828,
            70.78545384361166
        ],
        "item_support": [
            2.2460340233283134,
            4.728035933189851,
            3.7951504813829544,
            9.960421019362855,
            4.186663279098028,
            6.518568282330669,
            35.26694570254428,
            79.63922374743015,
            0.09485699231090194,
            1.497291343468241,
            8.631254744803236,
            83.97541107560849,
            2.8627033417918426,
            0.5751324658085935,
            8.941220286269406,
            0.87228240269134,
            1.2189549345827118,
            6.678632340979021,
            51.13639022324053,
            2.114495517183208,
            0.12292397000657473,
            1.440523589786629,
            83.12906984821029,
            12.818408489385824
        ],