{
    "fixed": {
        "start_drift_rate": 1.0,
        "shared_support": 0.0,
        "item_support": 0.0,
        "learning_rate": 0.0,
        "primacy_scale": 0.0,
        "primacy_decay": 0.0,
        "encoding_drift_decrease": 1.0,
        "item_sensitivity_max": 0.0,
        "item_sensitivity_decrease": 1.0,
        "allow_repeated_recalls": 1.0
    },
    "free": {
        "item_sensitivity_max": [
            1e-12,
            20.0
        ],
        "item_sensitivity_decrease": [
            1e-12,
            0.999999
        ],
        "encoding_drift_rate": [
            2.220446049250313e-16,
            0.9999999999999998
        ],
        "recall_drift_rate": [
            2.220446049250313e-16,
            0.9999999999999998
        ],
        "choice_sensitivity": [
            2.220446049250313e-16,
            100.0
        ],
        "learning_rate": [
            2.220446049250313e-16,
            0.9999999999999998
        ],
        "encoding_drift_decrease": [
            2.220446049250313e-16,
            0.9999999999999998
        ]
    },
    "fitness": [
        1106.0697021484375,
        1712.9461669921875,
        1106.338623046875,
        773.4222412109375,
        1093.984130859375,
        1721.89892578125,
        1628.016845703125,
        1763.1015625,
        1734.7529296875,
        1603.81787109375,
        1396.135498046875,
        924.5665283203125,
        1399.929931640625,
        1723.76806640625,
        1378.79541015625,
        1618.6915283203125,
        1754.7703857421875,
        1679.3460693359375,
        1818.90673828125,
        658.5955200195312,
        653.017333984375,
        3130.082763671875,
        2250.18603515625,
        945.1210327148438
    ],
    "fits": {
        "item_sensitivity_max": [
            6.8674402514311454,
            7.896214224110282,
            7.359160974049013,
            7.378697063674474,
            7.117651068117265,
            7.699878413689509,
            6.71611017136616,
            7.804439015392287,
            8.18918465574937,
            6.753792933194585,
            7.52903241144544,
            7.849089310290914,
            7.711966970950239,
            6.167561042800341,
            7.363068314164338,
            8.840223922753536,
            6.811937757418627,
            6.601491801066485,
            7.954669121933954,
            8.767087584631426,
            9.891086623659895,
            5.470742801500326,
            6.728225039745357,
            7.26751001933304
        ],
        "item_sensitivity_decrease": [
            0.9156712766299575,
            0.8401817138951952,
            0.9046199077503103,
            0.9276941833615948,
            0.9123661682388373,
            0.8364425222164666,
            0.8819849520275924,
            0.8358895097011574,
            0.8134253772431583,
            0.8911303624251072,
            0.8691354827369471,
            0.90721850320453,
            0.8587618073450711,
            0.8951620045011208,
            0.8951289494201908,
            0.8094949003367076,
            0.882336867992858,
            0.8877618324122413,
            0.7999439663866323,
            0.9019185253690472,
            0.8860192871897143,
            0.8705369897480577,
            0.8272247381814481,
            0.9143953681112076
        ],
        "encoding_drift_rate": [
            0.3164085636763024,
            0.2982929063224151,
            0.2968936590816315,
            0.30494504250774623,
            0.32727887701465286,
            0.2924262909748727,
            0.4916036455826086,
            0.3642168424210067,
            0.3004092587533099,
            0.2380352086063082,
            0.29379719384140024,
            0.3064850721492981,
            0.32526706423872365,
            0.40312861315387316,
            0.36137434171733096,
            0.3766285369361498,
            0.4013040713638331,
            0.355723271933361,
            0.28491256363849393,
            0.40524085360154555,
            0.25554887174351776,
            0.55886689135171,
            0.6240656825753643,
            0.3461691977316435
        ],
        "recall_drift_rate": [
            0.2690716554764775,
            0.253719562001265,
            0.25549318407959837,
            0.30836547715225127,
            0.2664703732199111,
            0.2862177275658707,
            0.4144981958156074,
            0.3001802416083016,
            0.26734151053488114,
            0.22508790744887394,
            0.26053733270538615,
            0.3198161673959825,
            0.26932274918616816,
            0.3401905611786089,
            0.2955670346813829,
            0.3162132286699285,
            0.31886951884254,
            0.29368883665320644,
            0.25588861947798164,
            0.2897447050040576,
            0.2629877071167023,
            0.5524926647142311,
            0.5240047033726569,
            0.2970257741905711
        ],
        "choice_sensitivity": [
            96.99095265178914,
            74.38106761909563,
            98.82981618231719,
            75.98640734693748,
            93.71331140378982,
            74.05653671935104,
            30.64823392436353,
            51.6344307666288,
            75.57208615231932,
            97.64343072926589,
            80.54541763154496,
            76.0319505396611,
            83.06722381313969,
            41.690697357716346,
            55.84259764713365,
            55.89772476733778,
            44.110828179235405,
            55.808740487000904,
            99.13668919433218,
            97.63627801817077,
            98.7875868759966,
            14.210294518601593,
            14.239412761918679,
            92.56700750495503
        ],
        "learning_rate": [
            0.0014202229866632898,
            0.0149126717069476,
            0.0045635666112140575,
            0.13871350781996433,
            0.0022857025066202207,
            0.18117244746577083,
            0.12892333058702865,
            0.09410303049686178,
            0.08127752241029534,
            0.008676039603726617,
            0.0810392732150223,
            0.3176263208032244,
            0.003979684954362905,
            0.02666150753199694,
            0.004917971508068438,
            0.13782301761720617,
            0.040956682320979154,
            0.007332281296515197,
            0.03229105286808226,
            0.00017609915440677096,
            0.005592218446275366,
            0.42231049572141344,
            0.19948460470004437,
            0.0035432817797739213
        ],
        "encoding_drift_decrease": [
            0.8907051635233671,
            0.9357968630376838,
            0.8999824888512127,
            0.981744769851082,
            0.8370695145036151,
            0.941979806218816,
            0.9324138265454138,
            0.9324574309138205,
            0.9238115759191612,
            0.9569790749686804,
            0.9513357463355865,
            0.9725288049293624,
            0.900610618200388,
            0.9367395702353047,
            0.9208977807930929,
            0.8968071810411764,
            0.8990923204574846,
            0.8863442163632187,
            0.9190616152670712,
            0.835029043602664,
            0.9799445726945146,
            0.9537662002311086,
            0.9426398322776884,
            0.8193975605473983
        ],
        "start_drift_rate": [
            1.0,
            1.0,
            1.0,
            1.0,
            1.0,
            1.0,
            1.0,
            1.0,
            1.0,
            1.0,
            1.0,
            1.0,
            1.0,
            1.0,
            1.0,
            1.0,
            1.0,
            1.0,
            1.0,
            1.0,
            1.0,
            1.0,
            1.0,
            1.0
        ],