{
    "fixed": {
        "start_drift_rate": 1.0,
        "shared_support": 0.0,
        "item_support": 0.0,
        "learning_rate": 0.0,
        "primacy_scale": 0.0,
        "primacy_decay": 0.0,
        "encoding_drift_decrease": 1.0,
        "item_sensitivity_max": 0.0,
        "item_sensitivity_decrease": 1.0,
        "allow_repeated_recalls": 1.0
    },
    "free": {
        "item_sensitivity_max": [
            1e-12,
            20.0
        ],
        "item_sensitivity_decrease": [
            1e-12,
            0.999999
        ],
        "encoding_drift_rate": [
            2.220446049250313e-16,
            0.9999999999999998
        ],
        "recall_drift_rate": [
            2.220446049250313e-16,
            0.9999999999999998
        ],
        "choice_sensitivity": [
            2.220446049250313e-16,
            100.0
        ],
        "primacy_scale": [
            2.220446049250313e-16,
            100.0
        ],
        "primacy_decay": [
            2.220446049250313e-16,
            100.0
        ],
        "start_drift_rate": [
            2.220446049250313e-16,
            0.9999999999999998
        ],
        "encoding_drift_decrease": [
            2.220446049250313e-16,
            0.9999999999999998
        ]
    },
    "fitness": [
        1098.657470703125,
        1674.9451904296875,
        1090.6385498046875,
        760.970703125,
        1039.88671875,
        1692.195556640625,
        1615.551513671875,
        1701.7130126953125,
        1684.039794921875,
        1605.0767822265625,
        1356.8516845703125,
        927.51953125,
        1352.400390625,
        1661.703125,
        1350.2957763671875,
        1583.9483642578125,
        1705.9267578125,
        1612.05224609375,
        1777.683837890625,
        620.9387817382812,
        641.4251098632812,
        2989.142578125,
        2209.431640625,
        882.3109741210938
    ],
    "fits": {
        "item_sensitivity_max": [
            7.059441753442009,
            7.441864793205619,
            7.9666697436175,
            7.123651274062357,
            7.6282456827076075,
            7.635176740144935,
            6.648195242651264,
            8.217917010952144,
            8.344432534167717,
            6.799112971325439,
            8.189630041551618,
            8.658773901090802,
            8.671001639553847,
            7.208391279261177,
            8.087555288092283,
            9.756768397069026,
            6.769827135107698,
            6.470566036728034,
            8.817187008800976,
            9.006468997941106,
            9.708331481179153,
            5.86834143639387,
            7.492298375159877,
            7.2217959915148295
        ],
        "item_sensitivity_decrease": [
            0.9075687978791407,
            0.8444552484160903,
            0.8681370349983606,
            0.9388286197915839,
            0.8944938625349885,
            0.8431954824882144,
            0.8837245849666323,
            0.8242487938606434,
            0.8007937765472772,
            0.8880565490142025,
            0.8510232137166565,
            0.8831284602745908,
            0.829469394014763,
            0.8710153627920276,
            0.8689018416011937,
            0.8001702173244168,
            0.8863111532211169,
            0.8798645566729231,
            0.7885659656254196,
            0.9010039420809837,
            0.8902287767815313,
            0.8509780351713858,
            0.811668772392593,
            0.9161634663878196
        ],
        "encoding_drift_rate": [
            0.41225778754065323,
            0.2010026367513092,
            0.08385403043074553,
            0.22244613675449865,
            0.355693848959545,
            0.39962260014698414,
            0.34216013964170655,
            0.5225614677880775,
            0.48854478815174135,
            0.2541769678778794,
            0.6875504868591464,
            0.4781603682422518,
            0.0894148366128697,
            0.08530845101882621,
            0.31941240209417665,
            0.3679804574667355,
            0.5489773955929284,
            0.06733576433089195,
            0.341309123528083,
            0.12513301027015528,
            0.12692349571706474,
            0.29365339398969625,
            0.8204449832685314,
            0.40803163339956844
        ],
        "recall_drift_rate": [
            0.5732795932801269,
            0.7443048388693518,
            0.7917626600176425,
            0.6426158656060066,
            0.8050012690702132,
            0.6435221290560242,
            0.2977677317100605,
            0.6527448500026307,
            0.6108468064725381,
            0.23830870813541838,
            0.5431855372510291,
            0.417696911142839,
            0.7622220660865578,
            0.8921338502440814,
            0.7719884373703516,
            0.5363069344900316,
            0.7699360113588609,
            0.8803285542859718,
            0.6888711192720293,
            0.8183467282489842,
            0.7697817211508188,
            0.5630040390223907,
            0.6352291675014872,
            0.7948163175199866
        ],
        "choice_sensitivity": [
            39.634535614536205,
            56.4820229508166,
            94.29982502443877,
            78.94143315268066,
            24.815237191056394,
            29.20069225080718,
            79.68756479956281,
            32.01929664923179,
            49.24260303437995,
            85.84763085199292,
            22.25116138650982,
            34.13006992865666,
            90.94969003802946,
            69.31988579954982,
            24.52616147142376,
            44.29280666231782,
            15.400084546206841,
            58.702793041169684,
            36.223188827160214,
            76.81095335725058,
            76.35314452177519,
            46.36688762224421,
            13.255964937673085,
            33.85079595016212
        ],
        "primacy_scale": [
            51.766879789561436,
            36.7404727405928,
            20.886301781256343,
            80.04288591062061,
            0.9343048210435612,
            58.42619095345178,
            49.310921687255984,
            3.9241220420773004,
            22.779415477977295,
            0.0007186436999901957,
            90.58756268873023,
            55.35256544992002,
            35.119606927044174,
            41.486875511088506,
            27.993273898614902,
            92.05474862578453,
            10.927096835630323,
            62.003886764101566,
            74.08444973260691,
            0.3674017778586034,
            72.26632096599573,
            1.2333509467598063,
            33.95983424928812,
            0.7949864217873994
        ],
        "primacy_decay": [
            0.04246208012244779,
            0.041051475951043415,
            0.028444418607252987,
            0.039761046033918175,
            0.40070380386952564,
            0.07744351196173938,
            0.01945272812852039,
            0.08099496414482132,
            0.043700222154210905,
            40.47345816772139,
            0.07717963161758912,
            0.037469706819446266,
            0.028886603126250986,
            0.02598353541526824,
            0.08733033006384261,
            0.04080002930361306,
            0.13516986564169997,
            0.04106996442946809,
            0.052914388588851724,
            0.2996272937371529,
            0.036566801806507954,
            0.07726571025823148,
            0.12652813705610555,
            0.5057629808194051
        ],