{
    "fixed": {
        "start_drift_rate": 1.0,
        "shared_support": 0.0,
        "item_support": 0.0,
        "learning_rate": 0.0,
        "primacy_scale": 0.0,
        "primacy_decay": 0.0,
        "encoding_drift_decrease": 1.0,
        "item_sensitivity_max": 0.0,
        "item_sensitivity_decrease": 1.0,
        "allow_repeated_recalls": 1.0
    },
    "free": {
        "item_sensitivity_max": [
            1e-12,
            20.0
        ],
        "item_sensitivity_decrease": [
            1e-12,
            0.999999
        ],
        "encoding_drift_rate": [
            2.220446049250313e-16,
            0.9999999999999998
        ],
        "recall_drift_rate": [
            2.220446049250313e-16,
            0.9999999999999998
        ],
        "choice_sensitivity": [
            2.220446049250313e-16,
            100.0
        ],
        "learning_rate": [
            2.220446049250313e-16,
            0.9999999999999998
        ],
        "primacy_scale": [
            2.220446049250313e-16,
            100.0
        ],
        "primacy_decay": [
            2.220446049250313e-16,
            100.0
        ],
        "encoding_drift_decrease": [
            2.220446049250313e-16,
            0.9999999999999998
        ]
    },
    "fitness": [
        1106.3016357421875,
        1714.495849609375,
        1106.462890625,
        761.4012451171875,
        1094.831787109375,
        1684.423095703125,
        1627.697265625,
        1701.38330078125,
        1739.7657470703125,
        1606.02734375,
        1396.665283203125,
        924.9451293945312,
        1399.73046875,
        1716.27294921875,
        1379.3074951171875,
        1618.982177734375,
        1754.7894287109375,
        1679.79345703125,
        1818.857177734375,
        660.4373779296875,
        653.1979370117188,
        3132.884521484375,
        2250.42919921875,
        945.250244140625
    ],
    "fits": {
        "item_sensitivity_max": [
            6.9020721666411635,
            7.447201767576631,
            7.328732961540016,
            7.196943205645427,
            6.928189169935461,
            7.9876579759854724,
            6.726636401300816,
            7.547711184814217,
            8.453308571776985,
            6.981610317617092,
            7.132399133866588,
            7.773392462222789,
            7.6296936847796655,
            6.03286957109897,
            7.157112952468486,
            9.098135593285875,
            7.104743043885515,
            6.7474909306405415,
            7.9890556511423245,
            9.091840119803342,
            10.010714133757322,
            5.652150482086607,
            6.613184969725006,
            7.2495024424161425
        ],
        "item_sensitivity_decrease": [
            0.915020556316662,
            0.846969337087278,
            0.9010750344143827,
            0.9375083504278858,
            0.9156575225618326,
            0.8260521233853638,
            0.8806116026764926,
            0.8433114044233099,
            0.8040599401965576,
            0.8864824569792709,
            0.8820762502465805,
            0.9040005508794722,
            0.8626219216159446,
            0.9021512850676545,
            0.8977249924417976,
            0.8082719464235554,
            0.8707740745240031,
            0.8871917634056974,
            0.7981170404620885,
            0.8949926588006349,
            0.8840525628277884,
            0.8536525670036847,
            0.840285398467964,
            0.9121268956577966
        ],
        "encoding_drift_rate": [
            0.329954075130384,
            0.3313578363890022,
            0.289892021099144,
            0.1304014556178576,
            0.414418305149613,
            0.14536662068856346,
            0.46506288417990266,
            0.30846923019581485,
            0.45086022686257,
            0.2829861602321141,
            0.36896837099633395,
            0.36388285997580455,
            0.3160933118873299,
            0.2756732443739751,
            0.40560915493862965,
            0.4670274450395777,
            0.45077935308539485,
            0.3449205083287634,
            0.2898668706086826,
            0.3781120464305734,
            0.26374520904671944,
            0.5608618252185891,
            0.6536512196768816,
            0.3671074132913369
        ],
        "recall_drift_rate": [
            0.27818115080640493,
            0.28643453586722983,
            0.25137281124892963,
            0.6913161635716085,
            0.337312386595481,
            0.7157274447703307,
            0.409658623856684,
            0.43450831072024065,
            0.42700471110651605,
            0.2755563762787884,
            0.30518134336397795,
            0.3742642006225222,
            0.2623000304495639,
            0.2372729937684585,
            0.33425932894042865,
            0.40501120679994157,
            0.37006976042266143,
            0.2838912550962469,
            0.2551382399571312,
            0.2878082858450669,
            0.26834741507892595,
            0.6004665703921823,
            0.5243216911166508,
            0.31805195655523655
        ],
        "choice_sensitivity": [
            89.08242177536637,
            56.855337525709146,
            99.5781552595759,
            97.66179838317373,
            57.01165309571744,
            65.02601238698041,
            31.79532381191532,
            81.31317898508591,
            34.79010536064023,
            62.528196720531305,
            63.06941104255994,
            55.58827459260063,
            88.41128485082629,
            88.83808764678216,
            42.64041610126337,
            37.374439387076066,
            31.729275506921734,
            60.38015560153652,
            99.2144996679688,
            97.2313860238953,
            95.05632119679962,
            10.550540038666576,
            15.063985329414614,
            75.48442339971976
        ],
        "learning_rate": [
            0.00011096533923589894,
            0.023185465587586218,
            0.00041355506429696653,
            0.0650880156725569,
            2.220446049250313e-16,
            0.08797307315207409,
            0.14203460347567676,
            0.01082434357054433,
            0.21909449696178873,
            0.01851835774875854,
            0.030396721041863695,
            0.31385361145893964,
            0.016357733715328615,
            0.007545946619177735,
            0.002887658422737541,
            0.23735093570187513,
            0.05117661871940349,
            0.009454494272219656,
            0.02817597068331129,
            2.220446049250313e-16,
            0.006531811481193195,
            0.38856150660828753,
            0.23916215310491845,
            2.220446049250313e-16
        ],
        "primacy_scale": [
            3.090242743721312e-05,
            2.220446049250313e-16,
            0.00033064432663820753,
            69.7959682469599,
            0.00016658153169402112,
            30.245329440867465,
            0.0006471703728436751,
            26.464994685437503,
            0.0006560527366517022,
            0.0009939259491815733,
            0.000323829599039982,
            8.981269573382633e-05,
            0.0003498690210932409,
            0.00017357282339247604,
            0.0003176088069380967,
            0.0006910570846372366,
            0.0003289022102137551,
            0.0005160040996595928,
            0.00012369687504332205,
            0.0004150781892136024,
            0.00014417692374024682,
            0.004121746626360334,
            0.0059351778103931,
            2.220446049250313e-16
        ],