{
    "fixed": {
        "start_drift_rate": 1.0,
        "shared_support": 0.0,
        "item_support": 0.0,
        "learning_rate": 0.0,
        "primacy_scale": 0.0,
        "primacy_decay": 0.0,
        "encoding_drift_decrease": 1.0,
        "item_sensitivity_max": 0.0,
        "item_sensitivity_decrease": 1.0,
        "allow_repeated_recalls": 1.0
    },
    "free": {
        "encoding_drift_rate": [
            2.220446049250313e-16,
            0.9999999999999998
        ],
        "recall_drift_rate": [
            2.220446049250313e-16,
            0.9999999999999998
        ],
        "stop_probability_scale": [
            2.220446049250313e-16,
            0.9999999999999998
        ],
        "stop_probability_growth": [
            2.220446049250313e-16,
            10.0
        ],
        "choice_sensitivity": [
            2.220446049250313e-16,
            100.0
        ],
        "encoding_drift_decrease": [
            2.220446049250313e-16,
            0.9999999999999998
        ]
    },
    "fitness": [
        3884.39697265625,
        4020.55859375,
        3844.958740234375,
        4025.867431640625,
        3584.024658203125,
        4032.307861328125,
        4073.87841796875,
        4141.4833984375,
        3915.1689453125,
        4015.121826171875,
        4071.69580078125,
        4063.31298828125,
        3911.104736328125,
        3981.13037109375,
        4057.939453125,
        4027.048828125,
        4070.578369140625,
        3834.96630859375,
        4000.994140625,
        3785.73291015625,
        3987.53125,
        4661.96435546875,
        4212.78955078125,
        3457.98876953125
    ],
    "fits": {
        "encoding_drift_rate": [
            0.32736768302993524,
            0.5219660610152006,
            0.31828731538117316,
            0.2973877881446781,
            0.1343743256350059,
            0.9065089067867427,
            0.5505620147361784,
            0.7971059721759963,
            0.740823773263317,
            0.1720078167451063,
            0.18241357574328093,
            0.15940771830803674,
            0.08091902787966099,
            0.062253344386807186,
            0.6153643141121012,
            0.36014864002416186,
            0.6823745984249727,
            0.9507437560474175,
            0.5474553152595042,
            0.4680852123400278,
            0.957955515040175,
            0.537408594394638,
            0.40693642951689785,
            0.8232650037943725
        ],
        "recall_drift_rate": [
            0.521200807715245,
            0.8076900121858582,
            0.7450360836590174,
            0.21406932875553086,
            0.42232790895108496,
            0.12301095702897241,
            0.33736895327053795,
            0.16514345130554703,
            0.0017789701559508542,
            0.901699964855813,
            0.688423618422683,
            0.1531249515234559,
            0.8609362284055508,
            0.8035282915321665,
            0.2875329785901033,
            0.31570741924826573,
            0.22410084307452915,
            0.37870990603239746,
            0.7254509973549896,
            0.6550632345136862,
            0.43327549912832974,
            0.4123205122592743,
            0.94653620584165,
            0.276730136138991
        ],
        "stop_probability_scale": [
            0.0004523703765442244,
            0.00019834776177713178,
            0.0003685712158955445,
            0.0005419064700797877,
            0.005017020468841782,
            0.00038432137084616294,
            0.0003212896582554153,
            0.00028691589671658857,
            0.0003444639831138246,
            0.00015479619479581694,
            0.00028619704374772384,
            0.00031589404235564617,
            0.0002726259234812295,
            0.00035631825864912826,
            0.00024915925924724064,
            9.080564251694177e-05,
            0.0002478630719228905,
            0.0006148464825161442,
            0.0002323124237050278,
            0.0010224015409892506,
            0.00030484308758216283,
            9.375190464590618e-05,
            0.00021254705503012612,
            0.005614417285822622
        ],
        "stop_probability_growth": [
            1.2411204210805193,
            1.3642007167399073,
            1.284155553301281,
            1.187219779817712,
            0.8476799689078902,
            1.2467533815968252,
            1.2729115947684635,
            1.281307992200663,
            1.2837906538166024,
            1.4085767376348994,
            1.2931988345334524,
            1.2761437854204694,
            1.3261202432286243,
            1.2674788692885537,
            1.3184150875670477,
            1.4980461067219841,
            1.316856038178794,
            1.1950718201566142,
            1.3396974799475014,
            1.1124975249031923,
            1.2952595366542186,
            1.3973077606038142,
            1.3214555957277856,
            0.8495546362913888
        ],
        "choice_sensitivity": [
            12.004642791929157,
            45.27462787151786,
            20.12636299412068,
            18.446040562701643,
            91.72798598642977,
            29.82730248354468,
            69.79157465105824,
            79.64577675842236,
            94.8881059073404,
            6.554044551233481,
            80.53057216849515,
            66.39916497152292,
            50.22636585298837,
            10.13669653053877,
            28.062161519323723,
            15.518215181443985,
            49.39468180227037,
            25.919399996718195,
            43.50615511365871,
            47.886132363496486,
            28.515458837996775,
            31.05628251789007,
            65.39236665421876,
            72.82084633787795
        ],
        "encoding_drift_decrease": [
            0.7073541585269628,
            0.18622775352478088,
            0.7770303940584969,
            0.28296897045481395,
            0.9399177846498464,
            0.5290556578178206,
            0.3653918045530475,
            0.654191391280557,
            0.6604175122216679,
            0.21450247666121458,
            0.4903269521714804,
            0.6049384699550935,
            0.045536154275659324,
            0.9993921541178264,
            0.3603804029669668,
            0.5038290517952526,
            0.6808388628993077,
            0.0247006977725715,
            0.24382894906111502,
            0.8554187730781118,
            0.37764254354239774,
            0.5455792279406548,
            0.8773728944399517,
            0.8093108015322278
        ],
        "start_drift_rate": [
            1.0,
            1.0,
            1.0,
            1.0,
            1.0,
            1.0,
            1.0,
            1.0,
            1.0,
            1.0,
            1.0,
            1.0,
            1.0,
            1.0,
            1.0,
            1.0,
            1.0,
            1.0,
            1.0,
            1.0,
            1.0,
            1.0,
            1.0,
            1.0
        ],
        "shared_support": [
            0.0,
            0.0,
            0.0,
            0.0,
            0.0,
            0.0,
            0.0,
            0.0,
            0.0,
            0.0,
            0.0,
            0.0,
            0.0,
            0.0,
            0.0,
            0.0,
            0.0,
            0.0,
            0.0,
            0.0,
            0.0,
            0.0,
            0.0,
            0.0
        ],
        "item_support": [
            0.0,
            0.0,
            0.0,
            0.0,
            0.0,
            0.0,
            0.0,
            0.0,
            0.0,
            0.0,
            0.0,
            0.0,
            0.0,
            0.0,
            0.0,
            0.0,
            0.0,
            0.0,
            0.0,
            0.0,
            0.0,
            0.0,
            0.0,
            0.0
        ],