{
    "fixed": {
        "start_drift_rate": 1.0,
        "shared_support": 0.0,
        "item_support": 0.0,
        "learning_rate": 0.0,
        "primacy_scale": 0.0,
        "primacy_decay": 0.0,
        "encoding_drift_decrease": 1.0,
        "item_sensitivity_max": 0.0,
        "item_sensitivity_decrease": 1.0,
        "allow_repeated_recalls": 1.0
    },
    "free": {
        "item_sensitivity_max": [
            1e-12,
            20.0
        ],
        "item_sensitivity_decrease": [
            1e-12,
            0.999999
        ],
        "encoding_drift_rate": [
            2.220446049250313e-16,
            0.9999999999999998
        ],
        "recall_drift_rate": [
            2.220446049250313e-16,
            0.9999999999999998
        ],
        "choice_sensitivity": [
            2.220446049250313e-16,
            100.0
        ],
        "shared_support": [
            2.220446049250313e-16,
            100.0
        ],
        "item_support": [
            2.220446049250313e-16,
            100.0
        ],
        "encoding_drift_decrease": [
            2.220446049250313e-16,
            0.9999999999999998
        ]
    },
    "fitness": [
        1081.4837646484375,
        1641.491455078125,
        1056.851318359375,
        742.5828857421875,
        1073.3153076171875,
        1678.93310546875,
        1584.92041015625,
        1690.3397216796875,
        1762.2872314453125,
        1567.7786865234375,
        1366.92333984375,
        914.5726928710938,
        1332.005859375,
        1677.2744140625,
        1306.4212646484375,
        1586.0946044921875,
        1720.2159423828125,
        1621.415771484375,
        1745.48583984375,
        631.945068359375,
        627.4336547851562,
        3060.69677734375,
        2179.822998046875,
        942.457763671875
    ],
    "fits": {
        "item_sensitivity_max": [
            6.893281305410699,
            7.118359255257647,
            7.893309905441679,
            6.748840135788075,
            6.774026191917436,
            7.3462309484289054,
            6.306754774577265,
            6.969352871343219,
            7.066049864542438,
            6.614909661866911,
            6.470239739247415,
            6.486724353916689,
            8.659270057649412,
            6.300003064210207,
            7.543463328531789,
            9.100042384159401,
            6.6950964723238595,
            6.342662799125872,
            7.7505610109785925,
            7.943563354048498,
            9.599568060777555,
            5.42950079329244,
            6.66284969947193,
            7.597437488658819
        ],
        "item_sensitivity_decrease": [
            0.9108460692225597,
            0.8624711025889291,
            0.8802844329495003,
            0.9555541581262936,
            0.9276850268749195,
            0.847368618944273,
            0.8989434454561783,
            0.8694824535756122,
            0.8375332554744654,
            0.8976531118087097,
            0.9205646633840665,
            0.9403135510454488,
            0.8440387732529215,
            0.915626495272664,
            0.8859543495421889,
            0.8057156883511248,
            0.8840448977251947,
            0.8989037666553059,
            0.8146095034499435,
            0.9257794280110709,
            0.8870596170902832,
            0.9393152518204879,
            0.8490061551136553,
            0.8955822427024636
        ],
        "encoding_drift_rate": [
            0.3068678568391754,
            0.2857455837272278,
            0.2796290742122971,
            0.5075612437925962,
            0.48504630584117475,
            0.3859810240637179,
            0.39496372873188834,
            0.31458714428890155,
            0.41150390424715294,
            0.25473556399355757,
            0.9812554822523185,
            0.34852682808462754,
            0.40229083263936893,
            0.2732104516007296,
            0.5014064524813647,
            0.37702067983650334,
            0.31044084023125307,
            0.38454188547150364,
            0.4731870968304023,
            0.42813852275906217,
            0.2489394398320378,
            0.6764292956710862,
            0.3236344415357564,
            0.4239376886315377
        ],
        "recall_drift_rate": [
            0.21213712553756436,
            0.1971763468738567,
            0.21392153016904025,
            0.3892661974282583,
            0.3185668641644519,
            0.30458434935976486,
            0.30655901566260835,
            0.2244277043195742,
            0.03800398434512621,
            0.2208882975562247,
            0.5773327515979475,
            0.2690363485377546,
            0.2807919092415389,
            0.22833001172481776,
            0.3412036067988,
            0.3135986484654534,
            0.23148417152114892,
            0.24349048366076864,
            0.32490789285443844,
            0.23110039176158653,
            0.22663278165126677,
            0.6431591270930992,
            0.24524619866031422,
            0.3387284143743342
        ],
        "choice_sensitivity": [
            96.77788591528075,
            75.22733385297855,
            95.41016381820472,
            29.011960708296495,
            37.09128029028607,
            45.36760639588542,
            50.74163458989799,
            98.89883225979315,
            83.72984733519245,
            84.86770881017011,
            17.15646381200225,
            98.18328223712501,
            37.85396698124218,
            72.55409245855867,
            26.945114164463817,
            64.91565890064167,
            69.98872129870543,
            43.092011715945404,
            33.36195172761664,
            80.66655014571953,
            97.5844320630633,
            97.1342790491658,
            74.86357559818678,
            52.798450804024135
        ],
        "shared_support": [
            0.4894009374550921,
            0.8858184996614114,
            0.519453986706452,
            0.3899953613207856,
            0.4118133539214526,
            0.8819746964168047,
            0.7381415844746471,
            2.1692295834304858,
            32.57582241552143,
            0.5262724459603731,
            1.0602246773858894,
            1.1099890277399282,
            0.8146164485869178,
            1.2064843277030022,
            0.48942044763169434,
            1.2442883033410652,
            0.7602492582020375,
            0.39719851174307763,
            0.6720895820017034,
            0.5050990490018421,
            0.15908987593462598,
            12.873145777709261,
            1.3275978743477879,
            0.1620633319676159
        ],
        "item_support": [
            0.2727967763605008,
            0.56200506310023,
            0.26474531273075996,
            0.015865386551027427,
            0.15977224967098635,
            0.5394614396718396,
            0.4915163852707565,
            1.86648302333721,
            14.401238441593236,
            0.40305450587859326,
            0.3104692766811681,
            0.9191860055489087,
            0.2658699738201733,
            0.9823730153572399,
            0.11149470312159337,
            1.0392429687490576,
            0.5818357653551374,
            0.05010665505083978,
            0.17642782807244828,
            0.2358411004434231,
            0.04199671935934646,
            12.07908242617598,
            1.1698635456442545,
            0.060301914153512826
        ],