{
    "fixed": {
        "start_drift_rate": 1.0,
        "shared_support": 0.0,
        "item_support": 0.0,
        "learning_rate": 0.0,
        "primacy_scale": 0.0,
        "primacy_decay": 0.0,
        "encoding_drift_decrease": 1.0,
        "item_sensitivity_max": 0.0,
        "item_sensitivity_decrease": 1.0,
        "allow_repeated_recalls": 1.0
    },
    "free": {
        "item_sensitivity_max": [
            1e-12,
            20.0
        ],
        "item_sensitivity_decrease": [
            1e-12,
            0.999999
        ],
        "encoding_drift_rate": [
            2.220446049250313e-16,
            0.9999999999999998
        ],
        "recall_drift_rate": [
            2.220446049250313e-16,
            0.9999999999999998
        ],
        "stop_probability_scale": [
            2.220446049250313e-16,
            0.9999999999999998
        ],
        "stop_probability_growth": [
            2.220446049250313e-16,
            10.0
        ],
        "choice_sensitivity": [
            2.220446049250313e-16,
            100.0
        ],
        "shared_support": [
            2.220446049250313e-16,
            100.0
        ],
        "item_support": [
            2.220446049250313e-16,
            100.0
        ],
        "primacy_scale": [
            2.220446049250313e-16,
            100.0
        ],
        "primacy_decay": [
            2.220446049250313e-16,
            100.0
        ],
        "start_drift_rate": [
            2.220446049250313e-16,
            0.9999999999999998
        ],
        "encoding_drift_decrease": [
            2.220446049250313e-16,
            0.9999999999999998
        ]
    },
    "fitness": [
        1161.48681640625,
        1732.979736328125,
        1180.0926513671875,
        928.798095703125,
        1046.010009765625,
        1730.68310546875,
        1698.7933349609375,
        1737.708984375,
        1742.49560546875,
        1631.9779052734375,
        1417.4521484375,
        1046.09765625,
        1396.5001220703125,
        1731.1260986328125,
        1402.9329833984375,
        1616.767333984375,
        1682.300048828125,
        1683.3974609375,
        1805.13671875,
        690.2685546875,
        811.6199951171875,
        2964.51220703125,
        2165.59375,
        912.7005004882812
    ],
    "fits": {
        "item_sensitivity_max": [
            19.474538580414695,
            7.031025737735702,
            6.996879708986301,
            6.704555432940417,
            7.170696860759973,
            7.145012455739501,
            8.603452944465714,
            8.156733333161155,
            7.6637896302966,
            7.003242766782984,
            8.6010588984541,
            10.113485847404993,
            9.412011789983282,
            7.543949877257097,
            7.542549710786471,
            13.33392827780853,
            6.8307648677789174,
            5.8898876047719595,
            13.722883623027219,
            9.568494817129725,
            12.701059191936237,
            5.873242570474298,
            7.199403083611424,
            9.933684570181692
        ],
        "item_sensitivity_decrease": [
            0.8387203462104122,
            0.9543254057410264,
            0.9359694125438455,
            0.9936026073218689,
            0.9650338532523451,
            0.9398471020221515,
            0.8955820949634179,
            0.9981638620879892,
            0.8628762971839145,
            0.9642285945828957,
            0.9244410755495732,
            0.9080914012653349,
            0.8874672281895107,
            0.929967657982068,
            0.9681928243594962,
            0.7969501034801229,
            0.9976470836708466,
            0.9436013082780066,
            0.9171332806677888,
            0.9987960114231411,
            0.8782042301196493,
            0.9338274435066876,
            0.9380182301688329,
            0.8793338952992292
        ],
        "encoding_drift_rate": [
            0.7979153735707372,
            0.5699046574426031,
            0.639871328722619,
            0.7701744777639167,
            0.8526421086205798,
            0.6933952320222485,
            0.8484475415754911,
            0.8277068629443349,
            0.7588801334127957,
            0.8075973474489949,
            0.8838904025364864,
            0.7858852238279525,
            0.5949891595222279,
            0.810490525258831,
            0.7791565166116459,
            0.8719441758115384,
            0.8686214742029503,
            0.38306167943974595,
            0.7818738011776625,
            0.728829746929052,
            0.7888651473924445,
            0.8663977381123511,
            0.8344244737610342,
            0.7746348225681046
        ],
        "recall_drift_rate": [
            0.7171759747243537,
            0.724798181860353,
            0.7107996985694761,
            0.6015541637724572,
            0.7215171235737562,
            0.8092875233932555,
            0.6372213253298145,
            0.7277104286960554,
            0.819721264755422,
            0.6559059326365408,
            0.7346966080794237,
            0.7252162274924013,
            0.6385280419741659,
            0.7065866107823553,
            0.7377552131372682,
            0.7086291977020002,
            0.7488086751420532,
            0.7224681049343349,
            0.7806443050832045,
            0.6325551902999706,
            0.703751042511728,
            0.548604361455817,
            0.7643238373080713,
            0.7264162638263084
        ],
        "stop_probability_scale": [
            0.0005662920130762113,
            0.00038956275718271934,
            0.0007279600318161389,
            0.0006478176816962385,
            0.005293829001032652,
            0.0010647287889945405,
            0.0003110177851639584,
            0.0003958110427192921,
            0.0008479445187436513,
            0.00017339882507416904,
            0.0004155603925820933,
            0.000491417175174591,
            0.00046309973183503546,
            0.0005028214715431652,
            0.00041400187250287826,
            0.00021637001858377812,
            0.0006059631372280512,
            0.0010302617776308304,
            0.0004011767426392505,
            0.0009946456341791076,
            0.0005680434144360591,
            0.0008037312926560403,
            0.0006973349465469153,
            0.00515067233269535
        ],
        "stop_probability_growth": [
            1.2031386944524525,
            1.2465897639117363,
            1.1652308771350457,
            1.156699018373252,
            0.8381747208855703,
            1.0718066277847127,
            1.2781206271038377,
            1.2266899628341754,
            1.130768467652885,
            1.3888928009760666,
            1.2285389714695838,
            1.2022531257549387,
            1.2359126225334958,
            1.208587001941965,
            1.2318115024303031,
            1.3507163507808606,
            1.1644770245075575,
            1.108603990607509,
            1.2463676929303222,
            1.1189060239108883,
            1.1844413903485842,
            1.0366025316420249,
            1.1201646971661066,
            0.8641832385215187
        ],