{
    "fixed": {
        "allow_repeated_recalls": 1.0
    },
    "free": {
        "encoding_drift_rate": [
            2.220446049250313e-16,
            0.9999999999999998
        ],
        "start_drift_rate": [
            2.220446049250313e-16,
            0.9999999999999998
        ],
        "recall_drift_rate": [
            2.220446049250313e-16,
            0.9999999999999998
        ],
        "shared_support": [
            2.220446049250313e-16,
            100.0
        ],
        "item_support": [
            2.220446049250313e-16,
            100.0
        ],
        "learning_rate": [
            2.220446049250313e-16,
            0.9999999999999998
        ],
        "primacy_scale": [
            2.220446049250313e-16,
            100.0
        ],
        "primacy_decay": [
            2.220446049250313e-16,
            100.0
        ],
        "stop_probability_scale": [
            2.220446049250313e-16,
            0.9999999999999998
        ],
        "stop_probability_growth": [
            2.220446049250313e-16,
            10.0
        ],
        "choice_sensitivity": [
            2.220446049250313e-16,
            100.0
        ]
    },
    "fitness": [
        729.1541748046875,
        623.6928100585938,
        749.1282348632812,
        642.5184936523438,
        815.3348388671875,
        659.015869140625,
        827.9601440429688,
        905.7546997070312,
        790.2855834960938,
        1090.8392333984375,
        692.8101806640625,
        962.2747192382812,
        517.1649780273438,
        700.5384521484375,
        768.236572265625,
        674.9720458984375,
        1028.2830810546875,
        738.3934936523438,
        571.8533325195312,
        764.324951171875,
        974.4139404296875,
        841.4002075195312,
        739.9571533203125,
        695.02490234375
    ],
    "fits": {
        "encoding_drift_rate": [
            0.8095794052623229,
            0.8056584318513714,
            0.813379295859239,
            0.8516747919574779,
            0.8458678633417103,
            0.8503684853942344,
            0.8858894863117404,
            0.7955792091751759,
            0.8395306826171833,
            0.848167104543393,
            0.8599849494839287,
            0.8153209572050297,
            0.8394770695907814,
            0.8599465417296936,
            0.8399939535001202,
            0.8305094052663735,
            0.7684786512503736,
            0.8437479271171715,
            0.8593699599819767,
            0.8329914592231,
            0.8291504197610156,
            0.8425510899709288,
            0.8515043231517867,
            0.8390191715065627
        ],
        "start_drift_rate": [
            0.6052164508525759,
            0.7473727801854414,
            0.7439468495311231,
            0.7874320854254687,
            0.728303605367593,
            0.8200190630477744,
            0.8495856060483602,
            0.7958865127385372,
            0.6216756708196276,
            0.7001517272289153,
            0.8636032373784381,
            0.8714942707570521,
            0.7072055973389035,
            0.7740902077421415,
            0.7648025912275485,
            0.7820898793352122,
            0.753495871822895,
            0.7910303700462774,
            0.8300339494083124,
            0.7991622539012159,
            0.7884076069081143,
            0.8591246169677369,
            0.7774029945794046,
            0.8006673409513752
        ],
        "recall_drift_rate": [
            0.7660295015376796,
            0.6747506905367807,
            0.8142399604030941,
            0.7319374695012435,
            0.7923545646941828,
            0.7540288905362502,
            0.7750035869170894,
            0.768704180024167,
            0.7331680779956635,
            0.8157055477134006,
            0.7498828652927534,
            0.76788897932913,
            0.7391317792420516,
            0.7528422938438153,
            0.8083764732243832,
            0.6975772708684097,
            0.7051746268269228,
            0.7621954496144085,
            0.6787245187036622,
            0.7658411809607523,
            0.8198305334849771,
            0.7039995802552439,
            0.7535807476485117,
            0.7053939682917156
        ],
        "shared_support": [
            7.53682021848266,
            88.39330172510944,
            32.508212787983354,
            76.44975186703434,
            25.41204975658524,
            7.529363468835143,
            7.386367701461097,
            45.694167109796894,
            2.352492214114541,
            51.0074819187572,
            89.10414293457345,
            51.385816701578904,
            59.38549913086041,
            1.19515159294086,
            81.92668832143936,
            93.30452717234122,
            63.98319771657796,
            71.82346591292782,
            6.887207949076341,
            3.4623465593662885,
            19.188632519316418,
            99.870549542149,
            86.27425569129,
            87.00174472434156
        ],
        "item_support": [
            6.4627519534103754,
            73.69249862939574,
            0.3383492007395432,
            58.70976163653026,
            8.356189459781675,
            6.252024504175061,
            6.747387864837982,
            40.97626973703143,
            1.3667958255679125,
            48.121043146025464,
            33.34549901204859,
            2.117721033373577,
            2.5958132839716015,
            0.015065742461402465,
            61.15447449618897,
            18.728517871665662,
            44.53450067030019,
            28.334588359184526,
            5.900506653715745,
            0.12076622241891499,
            18.35974656771393,
            91.07716046749762,
            65.43853396177784,
            49.2905271294583
        ],
        "learning_rate": [
            0.0019237487124321162,
            0.003609382271686288,
            0.00087350041976334,
            0.007355084008646817,
            0.0008669456341736873,
            0.0024088013784932527,
            0.0006603751712956335,
            0.0015895423435137307,
            0.11516096238302287,
            0.01750464673478327,
            0.0018931367536976142,
            0.001629751168094551,
            0.0010459682788074853,
            0.0007849200598410988,
            0.003479612194529691,
            0.0005412963056524862,
            0.006754820436089947,
            0.021156908660051044,
            0.0013941568392209017,
            0.0022658776092259747,
            0.0016476860998477934,
            9.865344456029916e-05,
            0.0031682878040290236,
            0.0010020827608640207
        ],
        "primacy_scale": [
            1.0451395630954892,
            15.877396642342994,
            59.66098690164527,
            21.165669897044964,
            23.902013410770795,
            0.6178039479368778,
            0.03158919978886843,
            6.064443037658833,
            0.4725782231391449,
            3.825321294553504,
            82.71185827500875,
            76.95625983908002,
            80.5319889965727,
            0.8598196475589788,
            38.52442699264299,
            89.14985615065956,
            22.45722701918381,
            54.5654750421821,
            0.0012287204337795288,
            4.289293797357949,
            0.8907607011322867,
            8.556491923002383,
            27.795237166349633,
            45.56588202792399
        ],