{
    "fixed": {
        "allow_repeated_recalls": 1.0
    },
    "free": {
        "encoding_drift_rate": [
            2.220446049250313e-16,
            0.9999999999999998
        ],
        "start_drift_rate": [
            2.220446049250313e-16,
            0.9999999999999998
        ],
        "recall_drift_rate": [
            2.220446049250313e-16,
            0.9999999999999998
        ],
        "shared_support": [
            2.220446049250313e-16,
            100.0
        ],
        "item_support": [
            2.220446049250313e-16,
            100.0
        ],
        "learning_rate": [
            2.220446049250313e-16,
            0.9999999999999998
        ],
        "primacy_scale": [
            2.220446049250313e-16,
            100.0
        ],
        "primacy_decay": [
            2.220446049250313e-16,
            100.0
        ],
        "stop_probability_scale": [
            2.220446049250313e-16,
            0.9999999999999998
        ],
        "stop_probability_growth": [
            2.220446049250313e-16,
            10.0
        ],
        "choice_sensitivity": [
            2.220446049250313e-16,
            100.0
        ]
    },
    "fitness": [
        732.7023315429688,
        623.130126953125,
        749.2462158203125,
        641.39404296875,
        815.490478515625,
        659.61328125,
        826.5162353515625,
        905.733642578125,
        790.0484008789062,
        1089.4525146484375,
        691.38134765625,
        959.9276733398438,
        517.325439453125,
        701.207763671875,
        766.8433837890625,
        676.3173828125,
        1028.959716796875,
        739.3154907226562,
        572.0843505859375,
        762.9060668945312,
        974.791015625,
        841.6173706054688,
        743.4688720703125,
        696.186767578125
    ],
    "fits": {
        "encoding_drift_rate": [
            0.8265770007092028,
            0.8006570175605185,
            0.8103556613472297,
            0.8598764039402533,
            0.8503023619107939,
            0.8520977590765582,
            0.8964328830156545,
            0.8126198930263435,
            0.8299644383859248,
            0.8361111370070138,
            0.8499554915147169,
            0.7854318179161298,
            0.8305649176005916,
            0.8625195063594778,
            0.8308100031081327,
            0.8265013262589955,
            0.7835132576150378,
            0.8442886228586892,
            0.8624555657879273,
            0.8168659172483854,
            0.8411409696548879,
            0.848022117200776,
            0.8634821564238895,
            0.8424487607615052
        ],
        "start_drift_rate": [
            0.7843419758596902,
            0.7276641580746622,
            0.7482726016549778,
            0.8246144060438703,
            0.7594964178891727,
            0.8445009255745534,
            0.8385460510553953,
            0.838039592641743,
            0.7490445950958772,
            0.6148846539168789,
            0.8040140921647136,
            0.5835325225348309,
            0.716889313728951,
            0.8356050891446565,
            0.8014687829096258,
            0.7648486610642822,
            0.7444999180647075,
            0.7635232169281833,
            0.8309538338609288,
            0.5483829548671606,
            0.7755160218093246,
            0.86578475318943,
            0.7931917902365238,
            0.7936641077780262
        ],
        "recall_drift_rate": [
            0.7643462822870224,
            0.6637151110466527,
            0.817471300296354,
            0.7353632755316888,
            0.7869101910162534,
            0.7390449359517995,
            0.7738921380929966,
            0.7665062997271203,
            0.7379714452413857,
            0.8455026633631364,
            0.7521246448671398,
            0.7891166271068067,
            0.7541233168450578,
            0.7667045864880845,
            0.8057079993687377,
            0.6977862445193364,
            0.7071335292929338,
            0.7556462662702208,
            0.6672861774098185,
            0.7496143956384437,
            0.8325758967211812,
            0.681737655661877,
            0.7019315430956966,
            0.6846270715515426
        ],
        "shared_support": [
            80.08856465052617,
            68.26039629449315,
            47.00272150754412,
            96.06409392252979,
            93.11049612017916,
            87.83644366290832,
            85.3251145371278,
            91.22380689297464,
            90.97152297528191,
            20.16433119525883,
            60.26532596344004,
            11.866441446177248,
            47.78180537503407,
            82.43706136688743,
            47.014711052299816,
            69.72360119053111,
            58.4678898169593,
            94.87609266159797,
            3.797898259279428,
            10.310759895785136,
            40.84455288023054,
            7.415581534065517,
            7.344400187065922,
            99.95592005598428
        ],
        "item_support": [
            61.124657882827364,
            56.94436996851412,
            1.5027021970604153,
            14.871464013162985,
            25.732209974623547,
            74.27211645943183,
            80.52149464178062,
            71.07956268260736,
            26.49633689083919,
            19.23210847710553,
            46.58998014660965,
            10.709963654501017,
            2.5797706801536435,
            7.956128527141395,
            27.36010884684938,
            32.87708361049786,
            29.708943291644786,
            48.49073657377339,
            2.809019196107826,
            9.210712583079868,
            38.996830434026144,
            6.431508955681494,
            6.439468546887724,
            80.37736519317677
        ],
        "learning_rate": [
            0.0110368887157995,
            0.002867750340528272,
            0.0013104785120797375,
            0.004551783289336142,
            0.007996286108011563,
            0.0028649149032037727,
            0.006160061272735839,
            0.0018511439498781757,
            0.15567391642248568,
            0.00303561454218175,
            0.0016955105840091855,
            0.01036166505312735,
            0.011161688638698264,
            0.0004962053294743732,
            0.0013624878247251893,
            0.007248154741740127,
            0.006661695217995256,
            0.04320864880039842,
            0.001193756088972678,
            0.0010161387008422499,
            0.0022089985304043834,
            0.02155137050266782,
            0.026038732847166846,
            0.005333861895574077
        ],
        "primacy_scale": [
            25.622175613601044,
            11.0370089321802,
            81.50180110316575,
            99.07244413548503,
            94.96148152777593,
            15.386946437761559,
            6.08842455332897,
            27.66499357626803,
            74.2862488810325,
            1.0929028806270296,
            19.2944292846793,
            1.5584432528300383,
            65.99579739643025,
            99.0154938007815,
            33.026985560218385,
            41.79536653972252,
            35.2542155006808,
            58.883161770214144,
            0.002855416478368511,
            1.2788467098625773,
            3.010714122366821,
            0.03878810849335679,
            0.02508757968636388,
            21.63112198214754
        ],