{
    "fixed": {
        "start_drift_rate": 1.0,
        "shared_support": 0.0,
        "item_support": 0.0,
        "learning_rate": 0.0,
        "primacy_scale": 0.0,
        "primacy_decay": 0.0,
        "encoding_drift_decrease": 1.0,
        "item_sensitivity_max": 0.0,
        "item_sensitivity_decrease": 1.0,
        "allow_repeated_recalls": 1.0
    },
    "free": {
        "item_sensitivity_max": [
            1e-12,
            20.0
        ],
        "item_sensitivity_decrease": [
            1e-12,
            0.999999
        ],
        "encoding_drift_rate": [
            2.220446049250313e-16,
            0.9999999999999998
        ],
        "recall_drift_rate": [
            2.220446049250313e-16,
            0.9999999999999998
        ],
        "choice_sensitivity": [
            2.220446049250313e-16,
            100.0
        ],
        "learning_rate": [
            2.220446049250313e-16,
            0.9999999999999998
        ],
        "shared_support": [
            2.220446049250313e-16,
            100.0
        ],
        "item_support": [
            2.220446049250313e-16,
            100.0
        ],
        "encoding_drift_decrease": [
            2.220446049250313e-16,
            0.9999999999999998
        ]
    },
    "fitness": [
        1082.6807861328125,
        1641.0296630859375,
        1061.077392578125,
        735.810546875,
        1077.0804443359375,
        1676.0706787109375,
        1584.902099609375,
        1690.7200927734375,
        1674.763427734375,
        1580.466796875,
        1347.364990234375,
        915.7440185546875,
        1336.3511962890625,
        1661.310302734375,
        1316.842529296875,
        1582.03759765625,
        1723.6375732421875,
        1629.6636962890625,
        1745.907958984375,
        635.919921875,
        640.4930419921875,
        3033.85400390625,
        2176.257568359375,
        936.5586547851562
    ],
    "fits": {
        "item_sensitivity_max": [
            7.061202447061132,
            7.058937404421915,
            8.372333498009153,
            6.77950767466549,
            7.037411259434474,
            7.729321853493098,
            6.8906896167278475,
            7.347623351377125,
            8.083990576253084,
            6.581343342436819,
            7.108082731874855,
            7.139492808472323,
            8.614124150589452,
            5.8231462622625925,
            7.721907995971881,
            9.362140527031197,
            6.7374723747046055,
            6.31915866705289,
            7.677632583721835,
            8.427648335857128,
            7.421604396988777,
            5.271094486771462,
            6.781871049483315,
            7.893004057544092
        ],
        "item_sensitivity_decrease": [
            0.9120834937514771,
            0.8636932885337466,
            0.8614366024984805,
            0.9569444191561862,
            0.9243042533114667,
            0.8358157377659268,
            0.8753878166067258,
            0.8587488048744043,
            0.8111287845467336,
            0.9018454854670284,
            0.8841337227510923,
            0.992375735748549,
            0.8380501602874247,
            0.9168041963618734,
            0.8866092752467943,
            0.8033234596382455,
            0.8850131193620174,
            0.9035094912078112,
            0.8178608888758817,
            0.9124523466924737,
            0.9467337588650124,
            0.8803346276698629,
            0.837194885639958,
            0.9067354416873117
        ],
        "encoding_drift_rate": [
            0.2773175480904009,
            0.27487376535332275,
            0.29042381346251056,
            0.28851534229671116,
            0.291223386746044,
            0.2555017241297733,
            0.2692271992679486,
            0.2991862719783846,
            0.2550115398092743,
            0.24123894753808278,
            0.2791055294575786,
            0.785267124428409,
            0.24703018918918784,
            0.25736770482995286,
            0.27397666914245805,
            0.29087118974303594,
            0.26147645610416237,
            0.28330367733540585,
            0.28500007200403865,
            0.36700462554305024,
            0.2840089914608177,
            0.26026602532892407,
            0.27517991918043644,
            0.29204016590575077
        ],
        "recall_drift_rate": [
            0.005498670558559412,
            0.15270663076968805,
            0.01646648945938367,
            0.1749947877286679,
            0.01693768799732731,
            0.014867240833854989,
            0.0037073439891278305,
            0.07720609500225982,
            0.012517103007283092,
            0.00516739562734257,
            0.00562635660807495,
            0.7985961659471003,
            0.005826206203522866,
            0.008564886994595382,
            0.010238208807095776,
            0.017909573164880555,
            0.005611280837629629,
            0.019535643136559415,
            0.008481424431053803,
            0.004516440230147566,
            0.02597306257886317,
            0.00409411634419881,
            0.006724564835453861,
            0.004024355103732106
        ],
        "choice_sensitivity": [
            99.84021668039313,
            85.68941601418561,
            99.13342839037378,
            96.82025828023347,
            95.3503860339654,
            95.49900761075415,
            99.85738824720951,
            88.0057191047205,
            97.68887256350774,
            94.67201359682664,
            97.23553755800705,
            97.44846825974881,
            98.7505820072169,
            96.29191188180852,
            99.51484609461038,
            81.8794124354919,
            89.61092596466634,
            80.5022856018887,
            88.76411914625696,
            98.03139890339847,
            99.74243261657904,
            89.39093926754644,
            92.16246906792111,
            94.48511669146814
        ],
        "learning_rate": [
            0.6804013599096553,
            0.3016617009780811,
            0.6240568615687918,
            0.5419665318144083,
            0.6693142987982307,
            0.6970756160294882,
            0.7352045048827652,
            0.5528110446267468,
            0.6671915905652412,
            0.7136832500697616,
            0.6584055602200707,
            0.0017680767905887684,
            0.6368698779418815,
            0.6657585361232382,
            0.68351660971591,
            0.6812260473742783,
            0.698177314288304,
            0.6365265768132413,
            0.6407067052078024,
            0.5782657783520028,
            0.6100003937080045,
            0.7263726095713879,
            0.6872375110714469,
            0.6782405483712468
        ],
        "shared_support": [
            42.662064624495756,
            1.2344913193402718,
            12.893631569557364,
            0.8407647856997613,
            12.3654589919202,
            17.59308418433087,
            65.19428446326421,
            4.414060001116141,
            22.010493006670984,
            38.78307892674471,
            36.35860982426703,
            8.744483707394458,
            43.74683137991752,
            21.296460365458614,
            25.202178066691488,
            17.605071926097544,
            37.03897969852945,
            10.728522558698216,
            29.472585314923872,
            50.58840058304228,
            8.161035764681479,
            90.3368250288906,
            40.992657377185346,
            61.47559951134416
        ],