{
    "fixed": {
        "start_drift_rate": 1.0,
        "shared_support": 0.0,
        "item_support": 0.0,
        "learning_rate": 0.0,
        "primacy_scale": 0.0,
        "primacy_decay": 0.0,
        "encoding_drift_decrease": 1.0,
        "item_sensitivity_max": 0.0,
        "item_sensitivity_decrease": 1.0,
        "allow_repeated_recalls": 1.0
    },
    "free": {
        "item_sensitivity_max": [
            1e-12,
            20.0
        ],
        "item_sensitivity_decrease": [
            1e-12,
            0.999999
        ],
        "encoding_drift_rate": [
            2.220446049250313e-16,
            0.9999999999999998
        ],
        "recall_drift_rate": [
            2.220446049250313e-16,
            0.9999999999999998
        ],
        "choice_sensitivity": [
            2.220446049250313e-16,
            100.0
        ],
        "shared_support": [
            2.220446049250313e-16,
            100.0
        ],
        "item_support": [
            2.220446049250313e-16,
            100.0
        ],
        "start_drift_rate": [
            2.220446049250313e-16,
            0.9999999999999998
        ],
        "encoding_drift_decrease": [
            2.220446049250313e-16,
            0.9999999999999998
        ]
    },
    "fitness": [
        1112.5106201171875,
        1642.961181640625,
        1057.4384765625,
        749.26318359375,
        1061.2418212890625,
        1679.974609375,
        1586.1431884765625,
        1691.78125,
        1671.742919921875,
        1572.1326904296875,
        1366.7435302734375,
        902.5396118164062,
        1332.1845703125,
        1678.81005859375,
        1307.84814453125,
        1587.8609619140625,
        1720.4420166015625,
        1627.6192626953125,
        1755.958251953125,
        625.6150512695312,
        652.28271484375,
        3016.359130859375,
        2181.1005859375,
        936.0963134765625
    ],
    "fits": {
        "item_sensitivity_max": [
            11.943853898191291,
            7.235549894821309,
            7.771296346070842,
            6.772771960174229,
            6.86252385087238,
            7.30718078757849,
            7.4046838458320074,
            6.969122216262083,
            7.937663080079419,
            6.567875010533706,
            10.313041755942056,
            9.77973544711817,
            8.511315416925736,
            6.717749767991629,
            7.5581763588723305,
            9.277095257377422,
            7.2476072744546425,
            6.656041832781421,
            7.263229513867706,
            8.977108109236445,
            19.767634188515096,
            5.789603758774734,
            6.930390447446621,
            7.377544239260307
        ],
        "item_sensitivity_decrease": [
            0.8421263991405648,
            0.8566728169816845,
            0.8837476621003113,
            0.9995880673019318,
            0.932894832117183,
            0.851363463038517,
            0.8532161744925453,
            0.8686213857651781,
            0.8220996445662072,
            0.8921797652544524,
            0.8382470111092395,
            0.9263011350035868,
            0.8438972133900082,
            0.9029582375147296,
            0.8888318504261576,
            0.80243826732533,
            0.8752439426024001,
            0.8796650835334259,
            0.8379406954676902,
            0.9995985900637898,
            0.7842570919849927,
            0.9595138835087138,
            0.852012440907711,
            0.9280144807229004
        ],
        "encoding_drift_rate": [
            0.8087037656215202,
            0.3363075587913178,
            0.435293914829713,
            0.7889469001346492,
            0.7496676251016755,
            0.40061423939353946,
            0.3493755987419164,
            0.3292988484320018,
            0.36784890654011776,
            0.331854877874867,
            0.8348086558177354,
            0.81701125377424,
            0.4978457488274152,
            0.3559447231625331,
            0.522836520163861,
            0.3876337387007576,
            0.7379157795970523,
            0.5306285532104805,
            0.7175834672730758,
            0.8572694744388121,
            0.7668710773103598,
            0.799737531335483,
            0.6898179135331699,
            0.7326820835395547
        ],
        "recall_drift_rate": [
            0.7671052976776931,
            0.2258789831820598,
            0.317031365527882,
            0.6738887186141712,
            0.47097691457720825,
            0.2994753035715363,
            0.28263395468815633,
            0.22550583757637632,
            0.27854777209453435,
            0.2692205870537729,
            0.7221290596047154,
            0.7576706213140832,
            0.3495467183602926,
            0.29935871455757235,
            0.34959226352597694,
            0.33962770804890474,
            0.6104952636106395,
            0.3729103110082187,
            0.4822920749708275,
            0.5517374390744636,
            0.7176455026693537,
            0.655698257863222,
            0.5557603385783977,
            0.508920284895798
        ],
        "choice_sensitivity": [
            84.50065301720869,
            59.17528291010069,
            40.15159676173455,
            25.61959386228183,
            18.163590354561187,
            42.6377355821106,
            73.10792781809162,
            97.39219002178086,
            47.95012669954278,
            49.22077623129284,
            79.59327041931053,
            98.89044408847276,
            25.62165241213112,
            48.760136680281434,
            26.10343658896113,
            69.92968194848618,
            10.450807251875815,
            21.741423231773588,
            21.504896303070026,
            99.59951069884262,
            65.99927224782748,
            86.12134334615412,
            12.171695446138436,
            74.85680148700729
        ],
        "shared_support": [
            7.08789809545646,
            0.9327735393532066,
            0.45911496100967497,
            1.834058909655333,
            0.8515381939767863,
            0.8227128846924359,
            1.0267485205341984,
            2.278039324503162,
            0.7792574351347553,
            0.3718157395783308,
            6.782926683444757,
            7.809454620892403,
            0.731751834546742,
            1.0524497966744235,
            0.552953743882675,
            1.164629084448272,
            0.5334154919766974,
            0.5374083070458298,
            1.4067461610942544,
            6.92389803142364,
            4.243449141114162,
            9.570771969320319,
            0.6410775539817877,
            4.665707382763138
        ],
        "item_support": [
            6.189694335781624,
            0.5424803698130063,
            0.03059266100454039,
            0.07237689560439264,
            0.030828837601845294,
            0.43574857848983584,
            0.861095918248644,
            1.9383808271274319,
            0.3587955921651016,
            0.18658328361500764,
            5.93844163399438,
            7.407194194240965,
            0.09849530672176599,
            0.8201326715377775,
            0.13192038192254074,
            1.0407605043629928,
            0.002092335241094645,
            0.013015208813023094,
            0.019554179331457533,
            5.6423038294637,
            3.7610752866127797,
            8.744141275939064,
            0.16473444813824045,
            3.755867439946357
        ],