{
    "fixed": {
        "start_drift_rate": 1.0,
        "shared_support": 0.0,
        "item_support": 0.0,
        "learning_rate": 0.0,
        "primacy_scale": 0.0,
        "primacy_decay": 0.0,
        "encoding_drift_decrease": 1.0,
        "allow_repeated_recalls": 1.0
    },
    "free": {
        "encoding_drift_rate": [
            2.220446049250313e-16,
            0.9999999999999998
        ],
        "recall_drift_rate": [
            2.220446049250313e-16,
            0.9999999999999998
        ],
        "choice_sensitivity": [
            2.220446049250313e-16,
            100.0
        ],
        "learning_rate": [
            2.220446049250313e-16,
            0.9999999999999998
        ],
        "primacy_scale": [
            2.220446049250313e-16,
            100.0
        ],
        "primacy_decay": [
            2.220446049250313e-16,
            100.0
        ]
    },
    "fitness": [
        1789.392333984375,
        1884.99560546875,
        1855.709228515625,
        1831.252197265625,
        1771.323974609375,
        1822.5843505859375,
        1899.556884765625,
        1897.5157470703125,
        1791.5692138671875,
        1892.3670654296875,
        1875.3089599609375,
        1810.95068359375,
        1943.5029296875,
        1900.992919921875,
        1901.943359375,
        1808.9205322265625,
        1808.7210693359375,
        1898.585205078125,
        1822.2841796875,
        1767.0618896484375,
        1816.3681640625,
        1932.8037109375,
        1838.2291259765625,
        1623.6771240234375
    ],
    "fits": {
        "encoding_drift_rate": [
            0.11813363662742553,
            0.29538925923141013,
            0.21994052615409465,
            0.3588386888715267,
            0.3212835406475545,
            0.11562527084680291,
            0.072160556771817,
            0.24452835225853198,
            0.28769358897783026,
            0.20055848192397763,
            0.35103344760368516,
            0.26927650600159525,
            0.3064988745949737,
            0.0254709490036139,
            0.34502707882107303,
            0.08263642880689723,
            0.05796949700557124,
            0.09504070564780027,
            0.20856807612138495,
            0.15160578126744007,
            0.3064584782998684,
            0.22755876473055764,
            0.3102656873994113,
            0.08052543765793728
        ],
        "recall_drift_rate": [
            0.861092737833854,
            0.7159259412794929,
            0.5279973692758075,
            0.8565859547267534,
            0.7932184291323383,
            0.8029692138892917,
            0.7611017879884696,
            0.43265208974611713,
            0.6053797531529224,
            0.33632337169320314,
            0.8105748949562278,
            0.7045398224982872,
            0.7469819209086979,
            0.7799211044069612,
            0.7840772105499684,
            0.8246233768640387,
            0.6732610840564598,
            0.6695044007281999,
            0.7335423400603137,
            0.8860403384126314,
            0.7058906750126914,
            0.3671342883976363,
            0.5287483400724646,
            0.8979844418867482
        ],
        "choice_sensitivity": [
            9.734618620445175,
            13.645118981171834,
            26.575115054965735,
            10.023519521317027,
            11.60286170735312,
            16.55504891517301,
            29.645904756776037,
            21.02508525723999,
            14.08636455271784,
            30.463299869376947,
            10.06782388393691,
            19.33270827552188,
            13.005642826133787,
            45.49602638485947,
            10.684960472535636,
            20.46366538470802,
            49.3246175861103,
            24.150393171987844,
            17.217197919758263,
            60.67833567904594,
            15.073837334689237,
            19.18737363192431,
            11.712212908790754,
            11.1662254903502
        ],
        "learning_rate": [
            0.07150514813493623,
            0.5728512997956473,
            0.49049749534726106,
            0.39586200480116673,
            0.49271608560355407,
            0.22010939650093786,
            0.24171375554911678,
            0.3386378228642214,
            0.43016608579058235,
            0.00292802708984341,
            0.4739949377086063,
            0.43407401135583545,
            0.605698720238363,
            0.11238263208055665,
            0.49121842414922906,
            0.19552496272230466,
            0.27302535858536847,
            0.23602843354510247,
            0.4944090526295475,
            0.7781063359687409,
            0.36530930193363165,
            0.25239347524391825,
            0.21306444559451032,
            0.04900050531604308
        ],
        "primacy_scale": [
            61.12305034284016,
            0.003101823750348842,
            0.001267420832022026,
            0.01670964268022601,
            0.006910503076682062,
            15.311250089553532,
            0.8445800420608478,
            0.00026821269846522,
            0.00705749379182663,
            0.0003808364485990978,
            0.0013555277542423028,
            0.0004775394455620585,
            0.002622096085190151,
            0.3159078581833299,
            0.0005247742827094726,
            0.4147599424129861,
            0.17449190424784433,
            0.322334109682636,
            87.90312028792721,
            0.0005674116034057874,
            0.0008573056991707517,
            0.010687594299199077,
            0.023781285666132135,
            2.6178672264826446
        ],
        "primacy_decay": [
            0.059765979905256825,
            42.9137405011434,
            62.06304151615153,
            0.1990701521975211,
            92.5915294101938,
            0.03148804010790178,
            0.04097255318057093,
            38.32764296821334,
            18.92276439060244,
            59.46810947908017,
            18.99474923407668,
            97.18495179713912,
            89.71186726415122,
            0.05734766485312548,
            11.701282820262001,
            0.11382444752427959,
            0.08924354005262813,
            0.09947374287938728,
            0.013212956873722703,
            37.20625561485741,
            88.37223244810409,
            3.9246853177503453,
            0.6321526364373895,
            0.07247523366126529
        ],
        "start_drift_rate": [
            1.0,
            1.0,
            1.0,
            1.0,
            1.0,
            1.0,
            1.0,
            1.0,
            1.0,
            1.0,
            1.0,
            1.0,
            1.0,
            1.0,
            1.0,
            1.0,
            1.0,
            1.0,
            1.0,
            1.0,
            1.0,
            1.0,
            1.0,
            1.0
        ],
        "shared_support": [
            0.0,
            0.0,
            0.0,
            0.0,
            0.0,
            0.0,
            0.0,
            0.0,
            0.0,
            0.0,
            0.0,
            0.0,
            0.0,
            0.0,
            0.0,
            0.0,
            0.0,
            0.0,
            0.0,
            0.0,
            0.0,
            0.0,
            0.0,
            0.0
        ],
        "item_support": [
            0.0,
            0.0,
            0.0,
            0.0,
            0.0,
            0.0,
            0.0,
            0.0,
            0.0,
            0.0,
            0.0,
            0.0,
            0.0,
            0.0,
            0.0,
            0.0,
            0.0,
            0.0,
            0.0,
            0.0,
            0.0,
            0.0,
            0.0,
            0.0
        ],