{
    "fixed": {
        "start_drift_rate": 1.0,
        "shared_support": 0.0,
        "item_support": 0.0,
        "learning_rate": 0.0,
        "primacy_scale": 0.0,
        "primacy_decay": 0.0,
        "encoding_drift_decrease": 1.0,
        "allow_repeated_recalls": 1.0
    },
    "free": {
        "encoding_drift_rate": [
            2.220446049250313e-16,
            0.9999999999999998
        ],
        "recall_drift_rate": [
            2.220446049250313e-16,
            0.9999999999999998
        ],
        "choice_sensitivity": [
            2.220446049250313e-16,
            100.0
        ]
    },
    "fitness": [
        1818.4605712890625,
        1885.050048828125,
        1854.4310302734375,
        1841.31005859375,
        1772.75830078125,
        1838.580810546875,
        1922.9921875,
        1895.17431640625,
        1789.6253662109375,
        1890.63720703125,
        1879.463134765625,
        1810.40966796875,
        1944.7489013671875,
        1928.83642578125,
        1908.130859375,
        1830.034912109375,
        1823.316650390625,
        1907.3621826171875,
        1825.14111328125,
        1770.9619140625,
        1819.3333740234375,
        1930.93701171875,
        1835.6180419921875,
        1640.099365234375
    ],
    "fits": {
        "encoding_drift_rate": [
            0.1285709292014074,
            0.12094815755627276,
            0.11765919626784159,
            0.15473156879379313,
            0.13630877269944433,
            0.11407687650747633,
            0.11663451972918076,
            0.11401402394908614,
            0.13815579709732106,
            0.13525273884392525,
            0.13340500777632094,
            0.1310970903326441,
            0.14318837991561603,
            0.11309212074235488,
            0.1512124816379229,
            0.1205457497305073,
            0.11697786936250348,
            0.11000504846222214,
            0.12673077919365744,
            0.19167739242966567,
            0.15650902034491782,
            0.10610364754040358,
            0.12485698762933498,
            0.17900275067731303
        ],
        "recall_drift_rate": [
            0.2420833879318397,
            0.1931091522757702,
            0.21129634235598543,
            0.29513388041960475,
            0.23497428867321782,
            0.1868127814277925,
            0.18678298396420479,
            0.18042324114056502,
            0.2290212725012953,
            0.22611623477584986,
            0.2296719370491413,
            0.26986466505862017,
            0.21816574920116538,
            0.1803771803152056,
            0.2500831985415847,
            0.19943693828855646,
            0.20247355478504037,
            0.16664598824620686,
            0.19811260689543858,
            0.375377270717156,
            0.30898414575861705,
            0.16170765035844298,
            0.19958331452510747,
            0.3758446650846452
        ],
        "choice_sensitivity": [
            81.40042132422049,
            82.99010123811752,
            94.64677334397156,
            59.903080168318645,
            68.8106508529307,
            97.583441061347,
            93.7717067999912,
            99.722709620043,
            65.04395857986874,
            69.5778651219067,
            74.4100824320387,
            85.20050704701305,
            61.952361996978965,
            95.5387852368356,
            58.62543450866211,
            91.24151649505919,
            96.52921926490208,
            99.61110582889586,
            76.8895231239032,
            38.60454869473276,
            59.084422485751716,
            95.23942401161263,
            77.84626711357834,
            40.85533678075902
        ],
        "start_drift_rate": [
            1.0,
            1.0,
            1.0,
            1.0,
            1.0,
            1.0,
            1.0,
            1.0,
            1.0,
            1.0,
            1.0,
            1.0,
            1.0,
            1.0,
            1.0,
            1.0,
            1.0,
            1.0,
            1.0,
            1.0,
            1.0,
            1.0,
            1.0,
            1.0
        ],
        "shared_support": [
            0.0,
            0.0,
            0.0,
            0.0,
            0.0,
            0.0,
            0.0,
            0.0,
            0.0,
            0.0,
            0.0,
            0.0,
            0.0,
            0.0,
            0.0,
            0.0,
            0.0,
            0.0,
            0.0,
            0.0,
            0.0,
            0.0,
            0.0,
            0.0
        ],
        "item_support": [
            0.0,
            0.0,
            0.0,
            0.0,
            0.0,
            0.0,
            0.0,
            0.0,
            0.0,
            0.0,
            0.0,
            0.0,
            0.0,
            0.0,
            0.0,
            0.0,
            0.0,
            0.0,
            0.0,
            0.0,
            0.0,
            0.0,
            0.0,
            0.0
        ],
        "learning_rate": [
            0.0,
            0.0,
            0.0,
            0.0,
            0.0,
            0.0,
            0.0,
            0.0,
            0.0,
            0.0,
            0.0,
            0.0,
            0.0,
            0.0,
            0.0,
            0.0,
            0.0,
            0.0,
            0.0,
            0.0,
            0.0,
            0.0,
            0.0,
            0.0
        ],
        "primacy_scale": [
            0.0,
            0.0,
            0.0,
            0.0,
            0.0,
            0.0,
            0.0,
            0.0,
            0.0,
            0.0,
            0.0,
            0.0,
            0.0,
            0.0,
            0.0,
            0.0,
            0.0,
            0.0,
            0.0,
            0.0,
            0.0,
            0.0,
            0.0,
            0.0
        ],
        "primacy_decay": [
            0.0,
            0.0,
            0.0,
            0.0,
            0.0,
            0.0,
            0.0,
            0.0,
            0.0,
            0.0,
            0.0,
            0.0,
            0.0,
            0.0,
            0.0,
            0.0,
            0.0,
            0.0,
            0.0,
            0.0,
            0.0,
            0.0,
            0.0,
            0.0
        ],
        "encoding_drift_decrease": [
            1.0,
            1.0,
            1.0,
            1.0,
            1.0,
            1.0,
            1.0,
            1.0,
            1.0,
            1.0,
            1.0,
            1.0,
            1.0,
            1.0,
            1.0,
            1.0,
            1.0,
            1.0,
            1.0,
            1.0,
            1.0,
            1.0,
            1.0,
            1.0
        ],
        "allow_repeated_recalls": [
            1.0,
            1.0,
            1.0,
            1.0,
            1.0,
            1.0,
            1.0,
            1.0,
            1.0,
            1.0,
            1.0,
            1.0,
            1.0,
            1.0,
            1.0,
            1.0,
            1.0,
            1.0,
            1.0,
            1.0,
            1.0,
            1.0,
            1.0,
            1.0
        ],
        "subject": [
            1,
            2,
            3,
            4,
            5,
            6,
            7,
            8,
            9,
            10,
            11,
            12,
            13,
            14,
            15,
            16,
            17,
            18,
            19,
            20,
            21,
            22,
            23,
            24
        ]
    },
    "hyperparameters": {
        "bounds": {
            "encoding_drift_rate": [
                2.220446049250313e-16,
                0.9999999999999998
            ],