{
    "fixed": {
        "start_drift_rate": 1.0,
        "shared_support": 0.0,
        "item_support": 0.0,
        "learning_rate": 0.0,
        "primacy_scale": 0.0,
        "primacy_decay": 0.0,
        "encoding_drift_decrease": 1.0,
        "allow_repeated_recalls": 1.0
    },
    "free": {
        "encoding_drift_rate": [
            2.220446049250313e-16,
            0.9999999999999998
        ],
        "recall_drift_rate": [
            2.220446049250313e-16,
            0.9999999999999998
        ],
        "stop_probability_scale": [
            2.220446049250313e-16,
            0.9999999999999998
        ],
        "stop_probability_growth": [
            2.220446049250313e-16,
            10.0
        ],
        "choice_sensitivity": [
            2.220446049250313e-16,
            100.0
        ],
        "learning_rate": [
            2.220446049250313e-16,
            0.9999999999999998
        ],
        "primacy_scale": [
            2.220446049250313e-16,
            100.0
        ],
        "primacy_decay": [
            2.220446049250313e-16,
            100.0
        ]
    },
    "fitness": [
        1680.3983154296875,
        1737.87109375,
        1713.7874755859375,
        1728.3427734375,
        1624.573486328125,
        1709.8590087890625,
        1782.888427734375,
        1762.1544189453125,
        1646.231689453125,
        1758.1126708984375,
        1743.9970703125,
        1711.2579345703125,
        1772.05029296875,
        1777.542724609375,
        1780.1810302734375,
        1671.367431640625,
        1713.652099609375,
        1755.3997802734375,
        1702.903076171875,
        1645.77197265625,
        1695.9605712890625,
        1794.1304931640625,
        1698.3426513671875,
        1514.6888427734375
    ],
    "fits": {
        "encoding_drift_rate": [
            0.1483669098792843,
            0.08520043262096128,
            0.2105553129449436,
            0.39790088185308325,
            0.08766327481668514,
            0.4781494469927576,
            0.32459416947603825,
            0.3786554316274286,
            0.40250449466977267,
            0.10878437189251446,
            0.3740591044835183,
            0.3215356279209923,
            0.30054410905073037,
            0.2813432708522557,
            0.19220405413683606,
            0.12363429344992166,
            0.23367377686719953,
            0.31525376660742155,
            0.3516372359057859,
            0.10091383417131401,
            0.21728653158636146,
            0.3357299489551084,
            0.36456415463379493,
            0.2600004330790153
        ],
        "recall_drift_rate": [
            0.9185705377324531,
            0.933224926863388,
            0.76491367342105,
            0.9358698616563528,
            0.8964231665013418,
            0.9609207608987701,
            0.8276916601063444,
            0.8917617690812598,
            0.8903515478399215,
            0.8385232323381419,
            0.8919233107395128,
            0.8801386504048965,
            0.7854631644981741,
            0.8392485307097783,
            0.8442320721035466,
            0.9275990089773141,
            0.7986714253285108,
            0.8509543364578942,
            0.8697837901762957,
            0.8716416371717508,
            0.9285427203994367,
            0.8604166541087712,
            0.8465631705349157,
            0.5357092187475306
        ],
        "stop_probability_scale": [
            0.002428889546585933,
            0.006213597416618969,
            0.0024881542750422605,
            0.000816630270708072,
            0.00950761376274549,
            0.008158364845091082,
            0.003283370055508786,
            0.004532168415754789,
            0.009037881863812824,
            0.0045060470860192525,
            0.0024348310547590013,
            0.001086574596186736,
            0.002376955036462798,
            0.0037938092807385526,
            0.0028596148927149123,
            0.00425264809711436,
            0.005790762160917055,
            0.006579110844195954,
            0.008666084176046578,
            0.0016768540830963611,
            0.0008501212676391701,
            0.010316901435538095,
            0.009714646427689945,
            0.01245012027685899
        ],
        "stop_probability_growth": [
            0.9833802184629485,
            0.8238695049869955,
            0.9824649385811366,
            1.1397420472226036,
            0.7474387944367029,
            0.7765275763347068,
            0.9265094319783955,
            0.8708912095198809,
            0.7776587935757329,
            0.8755981223145177,
            0.9734088120507725,
            1.087088898988946,
            0.9914057713976973,
            0.90777684956082,
            0.9374159715592274,
            0.8936097397151057,
            0.8300997060437156,
            0.8188783931788031,
            0.7668048901776903,
            1.0354635000256165,
            1.1361331286085923,
            0.7405916226353213,
            0.7576103173229871,
            0.7215279893686013
        ],
        "choice_sensitivity": [
            7.122497715736486,
            6.9979474754318005,
            13.171989769486423,
            5.337951189075518,
            13.407900206671663,
            3.9132030889935976,
            8.061537215337651,
            6.462764878206386,
            5.666077216326187,
            11.51409416672628,
            6.181169295709999,
            9.505792479349353,
            9.9292631223054,
            9.88528476073072,
            13.96934102649174,
            9.093147682978433,
            17.095499039933117,
            8.88190343554772,
            6.9090542974439515,
            14.9944980705027,
            5.804609099283468,
            5.282732070848425,
            6.324279563645028,
            16.702791113126075
        ],
        "learning_rate": [
            0.10418793534102477,
            0.08628364214104962,
            0.3448641816931106,
            0.2584736380612,
            0.14394628460800613,
            0.4454666329719761,
            0.44480260620013023,
            0.515865862906847,
            0.4681346696967837,
            0.15042374392534513,
            0.3657516663521203,
            0.3748003583509639,
            0.5552357339365975,
            0.5601401782208904,
            0.4084050643965937,
            0.160128661891224,
            0.6197050142886591,
            0.6302598682473965,
            0.4778332977588197,
            0.15083272102055156,
            0.1005387521450502,
            0.4016311703044979,
            0.4058820833500114,
            0.006936406890387825
        ],
        "primacy_scale": [
            0.772429492857988,
            1.257059766332155,
            0.09418236082481249,
            0.08256470884423095,
            55.91177249157888,
            0.014018289783123805,
            0.02696350212955423,
            0.028003249941676245,
            0.031125699624872993,
            0.30691151809256717,
            0.03354516147733477,
            0.018259247961962603,
            0.018406413685994494,
            0.031083004539652848,
            0.1290615298019091,
            1.0463927967326612,
            0.008173769909234352,
            0.01878317638239224,
            0.05534081251317957,
            66.03545665779852,
            0.7286824643631036,
            0.11662788254943735,
            0.08225968146724938,
            0.0028581174823187894
        ],