{
    "fixed": {
        "start_drift_rate": 1.0,
        "shared_support": 0.0,
        "item_support": 0.0,
        "learning_rate": 0.0,
        "primacy_scale": 0.0,
        "primacy_decay": 0.0,
        "encoding_drift_decrease": 1.0,
        "allow_repeated_recalls": 1.0
    },
    "free": {
        "encoding_drift_rate": [
            2.220446049250313e-16,
            0.9999999999999998
        ],
        "recall_drift_rate": [
            2.220446049250313e-16,
            0.9999999999999998
        ],
        "stop_probability_scale": [
            2.220446049250313e-16,
            0.9999999999999998
        ],
        "stop_probability_growth": [
            2.220446049250313e-16,
            10.0
        ],
        "choice_sensitivity": [
            2.220446049250313e-16,
            100.0
        ],
        "shared_support": [
            2.220446049250313e-16,
            100.0
        ],
        "item_support": [
            2.220446049250313e-16,
            100.0
        ],
        "start_drift_rate": [
            2.220446049250313e-16,
            0.9999999999999998
        ]
    },
    "fitness": [
        685.72314453125,
        912.55908203125,
        761.3499145507812,
        632.0203857421875,
        719.5049438476562,
        888.4833374023438,
        942.88134765625,
        875.441162109375,
        874.7069091796875,
        899.3545532226562,
        772.4841918945312,
        679.6800537109375,
        858.77197265625,
        1015.701171875,
        832.3047485351562,
        769.9760131835938,
        845.171142578125,
        1033.7691650390625,
        872.6250610351562,
        515.7515869140625,
        569.66357421875,
        1166.4495849609375,
        949.0526733398438,
        636.33251953125
    ],
    "fits": {
        "encoding_drift_rate": [
            0.9447635397454801,
            0.7940421186622845,
            0.7785698242507072,
            0.8678772566718678,
            0.8915266778838142,
            0.8962534343427575,
            0.7996346385789861,
            0.8418408164551874,
            0.7849252358298133,
            0.7992710724772851,
            0.8607800964217385,
            0.8114269311329424,
            0.8132593956987484,
            0.8207399234828354,
            0.8938673450527039,
            0.8595398654035102,
            0.8310885958162944,
            0.888750333098302,
            0.8427315655088734,
            0.8976897737897691,
            0.781239126214217,
            0.8159159906466955,
            0.8981760761558466,
            0.8220690343030457
        ],
        "recall_drift_rate": [
            0.8186938761981393,
            0.6303164179821802,
            0.6252572774473908,
            0.7159893684600448,
            0.7228125877477534,
            0.8020646397858187,
            0.6900518836172344,
            0.6543764400101941,
            0.6807213516413972,
            0.7104068370095089,
            0.7143135389152048,
            0.6301419110873474,
            0.5960695312516355,
            0.726384291641562,
            0.7318417540997884,
            0.6434309094009483,
            0.7131496503752118,
            0.8024126489060229,
            0.6266657601345669,
            0.6733816084585862,
            0.5366817877732284,
            0.7934880942124343,
            0.7533124865186815,
            0.6207736717269972
        ],
        "stop_probability_scale": [
            0.0028711405306146693,
            0.005943921732735609,
            0.00241018966661459,
            0.0010653338087903616,
            0.008554339698945411,
            0.00694207538549798,
            0.003249736203580188,
            0.004889616618069561,
            0.008314928856921144,
            0.0038762850691914023,
            0.0024423679259951703,
            0.001004364096211367,
            0.0028616019802502487,
            0.003954398462488674,
            0.0024367309380114444,
            0.004974056590632492,
            0.005544819965503656,
            0.006373973088554696,
            0.011348748978418024,
            0.0018622136910672387,
            0.000821155391707018,
            0.008813921306516493,
            0.010026005511990222,
            0.010507999436403357
        ],
        "stop_probability_growth": [
            0.951698612841513,
            0.8300087304768511,
            0.985968162674868,
            1.0917280574531345,
            0.7714317173236118,
            0.804299505950178,
            0.9281929183486648,
            0.8563001201915998,
            0.7908546349978334,
            0.9038472686382519,
            0.9744631364534833,
            1.104095655224409,
            0.9597963290715562,
            0.9010124604191372,
            0.9687988533980416,
            0.867684246264016,
            0.8350457874800767,
            0.8238461744366692,
            0.7187269098568407,
            1.0177014893983778,
            1.139387331040807,
            0.7674493649103011,
            0.7521273094514367,
            0.74975590212801
        ],
        "choice_sensitivity": [
            82.04665554560908,
            78.1690894599816,
            97.37874341559595,
            99.7456632441563,
            41.18464193002972,
            93.08463455775602,
            92.78893679611924,
            85.31225715102521,
            95.04969210897653,
            88.1158461831568,
            82.7231326155969,
            99.52833170266504,
            75.04566249204665,
            87.8612170891808,
            76.72343778582935,
            87.90925505779339,
            25.12350948587224,
            86.97457256472268,
            87.97786920294257,
            85.32792367233954,
            95.96262902389103,
            87.46726244834483,
            76.75798967706224,
            85.85932720894547
        ],
        "shared_support": [
            4.860254739430381,
            6.22014899332585,
            6.659803274804098,
            4.59850494356116,
            2.1818631930291943,
            6.647282307146092,
            7.216913621011919,
            6.876376752056601,
            7.742039332362502,
            7.31516982638815,
            5.356371770033697,
            3.9782953305998916,
            5.716820630232341,
            7.755844126608679,
            4.96004360090577,
            5.960117502208405,
            1.618913608754724,
            8.169168530034113,
            7.524341837448468,
            3.8305188496187697,
            3.152910742898854,
            10.430730163826901,
            5.496083744208107,
            3.562384228963758
        ],
        "item_support": [
            2.657427785908439,
            4.523672772349194,
            4.927408317478225,
            3.1484198830080885,
            0.6514905626613796,
            5.159072966724324,
            5.761672941039436,
            5.207427010800423,
            6.305953137869821,
            5.410915247916854,
            3.7570665562207353,
            2.807900086421523,
            3.866250050551322,
            6.223178437289498,
            3.269411768125451,
            4.354991306151227,
            0.06403764708632309,
            6.612503519957812,
            5.731958883722079,
            1.9610742972547257,
            1.801232939472662,
            8.837426300931675,
            4.048337928692689,
            2.2351436107382554
        ],