{
    "fixed": {
        "start_drift_rate": 1.0,
        "shared_support": 0.0,
        "item_support": 0.0,
        "learning_rate": 0.0,
        "primacy_scale": 0.0,
        "primacy_decay": 0.0,
        "encoding_drift_decrease": 1.0,
        "allow_repeated_recalls": 1.0
    },
    "free": {
        "encoding_drift_rate": [
            2.220446049250313e-16,
            0.9999999999999998
        ],
        "recall_drift_rate": [
            2.220446049250313e-16,
            0.9999999999999998
        ],
        "choice_sensitivity": [
            2.220446049250313e-16,
            100.0
        ],
        "shared_support": [
            2.220446049250313e-16,
            100.0
        ],
        "item_support": [
            2.220446049250313e-16,
            100.0
        ],
        "start_drift_rate": [
            2.220446049250313e-16,
            0.9999999999999998
        ]
    },
    "fitness": [
        823.5338745117188,
        1020.0121459960938,
        867.3501586914062,
        734.3087158203125,
        876.9613037109375,
        1011.507080078125,
        1059.3035888671875,
        982.4625244140625,
        985.3544311523438,
        1026.774169921875,
        891.4072875976562,
        739.89599609375,
        987.26904296875,
        1171.398681640625,
        945.0065307617188,
        847.0924682617188,
        926.2117919921875,
        1170.1068115234375,
        943.6248779296875,
        607.3033447265625,
        664.067138671875,
        1345.2666015625,
        1099.611083984375,
        770.6222534179688
    ],
    "fits": {
        "encoding_drift_rate": [
            0.3093765572894229,
            0.44950358955450853,
            0.4681639578507026,
            0.27491930299844863,
            0.4516003452765296,
            0.4614492664900451,
            0.5416641188457373,
            0.5755131165890894,
            0.508371522917243,
            0.3597292964275501,
            0.37419994593443157,
            0.27334395600798733,
            0.418183619354809,
            0.4408843252932303,
            0.4675805462911898,
            0.5592457271829596,
            0.4160330497917332,
            0.48864351723640603,
            0.6141130051011296,
            0.4201455291561819,
            0.2578445899377564,
            0.364988599698963,
            0.4146050973708802,
            0.4017353091367336
        ],
        "recall_drift_rate": [
            0.24114425054713223,
            0.2910084690490338,
            0.33688574167941243,
            0.20909663409749257,
            0.31677018607088536,
            0.3658215907889731,
            0.4161213043424256,
            0.3852651728557917,
            0.402275329288182,
            0.28548549748131324,
            0.2525212378851358,
            0.22457526232312783,
            0.26082577067003737,
            0.3443718575359598,
            0.3608162317156871,
            0.37855379811286416,
            0.3272583067104604,
            0.38362833653872197,
            0.4133191264370345,
            0.28101560839071127,
            0.19346774736336658,
            0.292788797475275,
            0.3111967482431608,
            0.35314037427615186
        ],
        "choice_sensitivity": [
            53.42040449874575,
            27.264881205286585,
            30.378482362316273,
            80.40772835092696,
            29.09784310681583,
            25.15759258147653,
            21.376778709822442,
            23.104634426141978,
            21.552599560230888,
            35.29397388785311,
            40.287163800731186,
            80.67621758698428,
            32.624161985339974,
            23.608573525016833,
            28.346636831063325,
            25.766081392857167,
            31.34839589741283,
            19.84154229096111,
            20.36807380393172,
            45.98917670974782,
            98.09605883246996,
            24.206366055660034,
            25.528830147622628,
            35.89443574011062
        ],
        "shared_support": [
            0.6585341740922104,
            1.2621541835624441,
            1.0728482224084246,
            0.5389290411183794,
            1.1738434553020127,
            0.9098029745067322,
            1.0868063977492426,
            1.4501030934479004,
            1.1045588471495762,
            0.8858936400603952,
            0.8759901058937345,
            0.45347812290086154,
            1.1682372480790093,
            0.9715995500659602,
            0.8841137693041361,
            1.2485290553529396,
            0.8428805799802177,
            0.9416828167278837,
            1.4415115272719632,
            0.9511163734744841,
            0.5790573525077036,
            0.8834660410409398,
            0.9296814197794703,
            0.7855381285291543
        ],
        "item_support": [
            1.896395173162091e-05,
            0.023227929013419486,
            0.013425856615718601,
            0.04694200095649137,
            0.09184506639152801,
            0.011393710259035572,
            0.013075408729429316,
            0.1262692385260209,
            0.0038414281995002852,
            0.03864066799295074,
            0.008773312068804273,
            0.04617709558621641,
            0.08301524632003066,
            0.05502238258255687,
            0.011978506337285921,
            0.048282553670766504,
            0.0157927163698659,
            0.014007828155889968,
            0.020838205381110697,
            0.006319362038368581,
            0.1112204158714789,
            0.060193002438929,
            0.022135385097534765,
            0.03638060906860119
        ],
        "start_drift_rate": [
            0.9999999944777297,
            0.999999949227655,
            0.9999999804808107,
            0.9999999984907777,
            0.999999735571555,
            0.9999999568167935,
            0.9999999999999998,
            0.9999998968083423,
            0.9999974640435987,
            0.9999998156411057,
            0.999999889048729,
            0.999999990390348,
            0.9999999766871097,
            0.9999999154311167,
            0.9999999821569602,
            0.9999989456483328,
            0.999999494062721,
            0.9999994538627139,
            0.9999999581294504,
            0.999999974829854,
            0.9999999804699217,
            0.9999989308668912,
            0.9999997213209376,
            0.999999803450126
        ],
        "learning_rate": [
            0.0,
            0.0,
            0.0,
            0.0,
            0.0,
            0.0,
            0.0,
            0.0,
            0.0,
            0.0,
            0.0,
            0.0,
            0.0,
            0.0,
            0.0,
            0.0,
            0.0,
            0.0,
            0.0,
            0.0,
            0.0,
            0.0,
            0.0,
            0.0
        ],
        "primacy_scale": [
            0.0,
            0.0,
            0.0,
            0.0,
            0.0,
            0.0,
            0.0,
            0.0,
            0.0,
            0.0,
            0.0,
            0.0,
            0.0,
            0.0,
            0.0,
            0.0,
            0.0,
            0.0,
            0.0,
            0.0,
            0.0,
            0.0,
            0.0,
            0.0
        ],
        "primacy_decay": [
            0.0,
            0.0,
            0.0,
            0.0,
            0.0,
            0.0,
            0.0,
            0.0,
            0.0,
            0.0,
            0.0,
            0.0,
            0.0,
            0.0,
            0.0,
            0.0,
            0.0,
            0.0,
            0.0,
            0.0,
            0.0,
            0.0,
            0.0,
            0.0
        ],