{
    "fixed": {
        "start_drift_rate": 1.0,
        "shared_support": 0.0,
        "item_support": 0.0,
        "learning_rate": 0.0,
        "primacy_scale": 0.0,
        "primacy_decay": 0.0,
        "encoding_drift_decrease": 1.0,
        "allow_repeated_recalls": 1.0
    },
    "free": {
        "encoding_drift_rate": [
            2.220446049250313e-16,
            0.9999999999999998
        ],
        "recall_drift_rate": [
            2.220446049250313e-16,
            0.9999999999999998
        ],
        "stop_probability_scale": [
            2.220446049250313e-16,
            0.9999999999999998
        ],
        "stop_probability_growth": [
            2.220446049250313e-16,
            10.0
        ],
        "choice_sensitivity": [
            2.220446049250313e-16,
            100.0
        ],
        "learning_rate": [
            2.220446049250313e-16,
            0.9999999999999998
        ],
        "shared_support": [
            2.220446049250313e-16,
            100.0
        ],
        "item_support": [
            2.220446049250313e-16,
            100.0
        ]
    },
    "fitness": [
        742.0725708007812,
        930.7078857421875,
        788.3441772460938,
        671.9171142578125,
        768.5376586914062,
        944.0390014648438,
        969.8197631835938,
        888.8093872070312,
        890.59716796875,
        936.9232177734375,
        810.91796875,
        700.4369506835938,
        886.46826171875,
        1057.658447265625,
        887.537353515625,
        787.9351806640625,
        871.314453125,
        1069.689453125,
        888.26123046875,
        538.2833862304688,
        585.1510009765625,
        1222.2364501953125,
        1005.2364501953125,
        654.8141479492188
    ],
    "fits": {
        "encoding_drift_rate": [
            0.2484361019888418,
            0.25647959534057735,
            0.28076842756213777,
            0.25047575243859227,
            0.24876025218571476,
            0.23393402301387967,
            0.25238932996619484,
            0.2807011301939913,
            0.25504329096002587,
            0.21215723095405636,
            0.23566558935718485,
            0.24662654486179306,
            0.327062535916385,
            0.21403634887211476,
            0.2840934119105707,
            0.381142380118946,
            0.27268058874287365,
            0.5451543734675471,
            0.604315836900242,
            0.29242866060857586,
            0.26071136455517446,
            0.20992735951607916,
            0.22666494333561474,
            0.23694683330971233
        ],
        "recall_drift_rate": [
            0.1140006692534275,
            0.007803396773592663,
            0.08306034248911442,
            0.0026543281760657567,
            0.1280227274673304,
            0.013717685509921428,
            0.025979134255689318,
            0.011021443657406982,
            0.011699544231477956,
            0.011844318069606882,
            0.008765472014719222,
            0.00929486690033544,
            0.13108475931893931,
            0.060030806175294715,
            0.09429624506448026,
            0.006388402784492518,
            0.003518624626112009,
            0.5172014853206357,
            0.38820337569202873,
            0.1517828857096985,
            0.0028909623284018764,
            0.056436811079705315,
            0.010628452199529573,
            0.16923184180110812
        ],
        "stop_probability_scale": [
            0.0023325368333397822,
            0.0061604639418762165,
            0.00216964539810328,
            0.0009210679079196815,
            0.009164551207203428,
            0.007348445326185675,
            0.0034682282421573184,
            0.004665593556717751,
            0.010482187198330323,
            0.003791555360737325,
            0.0020123154714342117,
            0.000996909267002746,
            0.002300751936248957,
            0.00418507812768221,
            0.0023263082122033096,
            0.004525026707130074,
            0.00581470214362015,
            0.006247323531674065,
            0.010977120671719338,
            0.002009052196007499,
            0.0008019025508496123,
            0.010144684404724167,
            0.009228467408856179,
            0.011977998627165433
        ],
        "stop_probability_growth": [
            0.9846489808420049,
            0.8249879834368898,
            1.0044725719352887,
            1.1166857559710492,
            0.7597041307161128,
            0.7927744543851487,
            0.9168539500508359,
            0.8654991196403792,
            0.751856426456798,
            0.9051696967477776,
            1.0063181182602503,
            1.1052165723015897,
            0.9950613050706849,
            0.8940778384429136,
            0.9724731863283349,
            0.884421774335669,
            0.8330006877512143,
            0.8285638886541111,
            0.7254455124927208,
            1.0061412555853826,
            1.1437935017461354,
            0.7400227187571815,
            0.7652933955917076,
            0.7267376596552753
        ],
        "choice_sensitivity": [
            84.924241511753,
            77.28395008993294,
            77.41288690112474,
            98.22530566306011,
            92.9392291083081,
            94.73035183792203,
            88.52268098003202,
            88.74204365654433,
            92.99301474916079,
            95.99005189061941,
            95.75812605791307,
            97.22534022820572,
            54.2327817852195,
            97.45789218786315,
            67.95054744063233,
            46.74323053320229,
            67.11233957412833,
            16.6178196118991,
            20.720258215579157,
            86.91520863815867,
            99.86903543067858,
            85.76220257505761,
            87.36128466585723,
            97.6388973319846
        ],
        "learning_rate": [
            0.5412810793110101,
            0.722662604095113,
            0.6274792919409236,
            0.8748843463307563,
            0.5919024324439393,
            0.8206961699446722,
            0.7916076059448212,
            0.7080711413276364,
            0.8082605479790911,
            0.7573949828873544,
            0.7986064799917351,
            0.899071552288254,
            0.4038139133859436,
            0.7787149591208044,
            0.6346414828022031,
            0.6332722970198907,
            0.7900303281235732,
            0.1419761609634193,
            0.046712488263561225,
            0.3837391561889583,
            0.8857462397406262,
            0.754335961644865,
            0.7871294078228716,
            0.6950729573004827
        ],
        "shared_support": [
            2.0116412640804526,
            59.17121675882019,
            4.763189757689354,
            94.14567056529586,
            2.106361910862617,
            39.11561109321497,
            26.93418495190353,
            64.0634101041783,
            70.42478326119212,
            38.2396283618761,
            40.78150541574976,
            24.727877149392878,
            3.0227248680398304,
            10.158136494196015,
            3.4512786649548133,
            54.586214306892884,
            94.13883511157171,
            1.0555178826655052,
            1.6944888366988806,
            1.2728642420182936,
            88.37212341034564,
            13.67632998519862,
            47.10625019369439,
            0.8508661247954379
        ],