{
    "fixed": {
        "start_drift_rate": 1.0,
        "shared_support": 0.0,
        "item_support": 0.0,
        "learning_rate": 0.0,
        "primacy_scale": 0.0,
        "primacy_decay": 0.0,
        "encoding_drift_decrease": 1.0,
        "allow_repeated_recalls": 1.0
    },
    "free": {
        "encoding_drift_rate": [
            2.220446049250313e-16,
            0.9999999999999998
        ],
        "recall_drift_rate": [
            2.220446049250313e-16,
            0.9999999999999998
        ],
        "stop_probability_scale": [
            2.220446049250313e-16,
            0.9999999999999998
        ],
        "stop_probability_growth": [
            2.220446049250313e-16,
            10.0
        ],
        "choice_sensitivity": [
            2.220446049250313e-16,
            100.0
        ],
        "primacy_scale": [
            2.220446049250313e-16,
            100.0
        ],
        "primacy_decay": [
            2.220446049250313e-16,
            100.0
        ],
        "start_drift_rate": [
            2.220446049250313e-16,
            0.9999999999999998
        ]
    },
    "fitness": [
        1689.11328125,
        1762.1607666015625,
        1723.09521484375,
        1746.6258544921875,
        1646.7694091796875,
        1726.835693359375,
        1795.969482421875,
        1775.526123046875,
        1661.157958984375,
        1773.008544921875,
        1757.14990234375,
        1720.9654541015625,
        1787.7733154296875,
        1788.3470458984375,
        1798.4696044921875,
        1708.3153076171875,
        1724.1976318359375,
        1770.25390625,
        1716.4488525390625,
        1658.5986328125,
        1710.892578125,
        1821.5994873046875,
        1702.1044921875,
        1514.5814208984375
    ],
    "fits": {
        "encoding_drift_rate": [
            0.012477782252011405,
            0.27806931443062227,
            0.17523815876683357,
            0.22126162957234308,
            0.2545206563654287,
            0.2689584804630205,
            0.12034006421713528,
            0.24225019555335497,
            0.289148293781894,
            0.23381486191224699,
            0.27167832057823876,
            0.25444625516428543,
            0.20717653164113786,
            0.18521408887601273,
            0.25359933213802427,
            0.2763378846230091,
            0.20470311799309593,
            0.24629347795694656,
            0.18064162716031984,
            0.32567014246799775,
            0.2742681985084845,
            0.07619335386482681,
            0.11544468898417345,
            0.22274916678754877
        ],
        "recall_drift_rate": [
            0.9998456308761812,
            0.5078013405344661,
            0.3505380544561038,
            0.4754942817472196,
            0.7665256043771498,
            0.7275999927487123,
            0.3159556561171603,
            0.41461607026175257,
            0.5674454578011611,
            0.6527277030395149,
            0.7908630719217026,
            0.5390299947962075,
            0.5058950383468518,
            0.34227079880062145,
            0.789445969841518,
            0.4581436119440455,
            0.3834336309887141,
            0.38762404674596823,
            0.28764442373791566,
            0.6422242946198231,
            0.5822656327534417,
            0.9992669230013201,
            0.9986046837600793,
            0.4785021770724619
        ],
        "stop_probability_scale": [
            0.002917746078479444,
            0.00584406425868803,
            0.002361118396851287,
            0.0009806531780484073,
            0.00792110597512601,
            0.0067943667800023635,
            0.0027635157741078163,
            0.004619627886021049,
            0.008923891649113058,
            0.003769354868962127,
            0.0020309306431776624,
            0.0012451624833042904,
            0.0021335847023963104,
            0.003777195615812114,
            0.0020337885323263544,
            0.004320906726574077,
            0.005467721840849368,
            0.005074291529348819,
            0.009744505238678036,
            0.0021598333913263263,
            0.000709513764599065,
            0.010545495508101087,
            0.008798254541591125,
            0.01146699493611123
        ],
        "stop_probability_growth": [
            0.9485443581670365,
            0.8335531221724954,
            0.9902068169431333,
            1.1051987343967262,
            0.7762798011701584,
            0.8114593982969396,
            0.956191883525606,
            0.8701669492775501,
            0.7813378776890225,
            0.9012319223829222,
            1.0074965140883592,
            1.068205078345823,
            1.0095912016775666,
            0.910306498242667,
            0.9979353329650236,
            0.8923294451689161,
            0.8410454616093075,
            0.8652939663680135,
            0.7433577284448445,
            0.9924207953227349,
            1.1652975485878296,
            0.7363789114491981,
            0.7733724870358643,
            0.7335301976535478
        ],
        "choice_sensitivity": [
            0.6799017922216635,
            9.161728434039787,
            31.170160903443843,
            21.214037571810174,
            5.614829457709327,
            5.65423646194418,
            44.29378125019194,
            15.793381657545915,
            8.77406309169585,
            8.208399427789118,
            4.781225751957919,
            16.166413808675152,
            13.272491269019547,
            24.2270967569944,
            4.7432648490403935,
            13.156953025060211,
            23.20072797710131,
            13.748459393753656,
            31.694204785758036,
            9.695507292538352,
            13.394853295685529,
            0.39710650722853813,
            0.6350044203594933,
            22.139962652927718
        ],
        "primacy_scale": [
            60.78221415916425,
            0.052792405240394774,
            0.001522629434838052,
            0.00655577098440574,
            10.523294114220619,
            59.64079883056695,
            16.746992151509886,
            0.0031869567273972166,
            0.22464708475345674,
            0.2957576172233729,
            1.8667157255025832,
            0.010270461969774658,
            1.8243018450968407,
            0.010759064434189725,
            2.5098214749793897,
            0.005487288151677205,
            0.007404998044322042,
            0.0036081450159102246,
            0.0008437910744802934,
            0.01766406134994014,
            0.018083034644597262,
            75.82803468933069,
            92.29641454938421,
            0.003779457731418745
        ],
        "primacy_decay": [
            0.9324275850170238,
            0.5666665605696863,
            28.131370155476805,
            61.77887321145339,
            0.07599226448312041,
            0.05609369825645034,
            0.004028378590161364,
            42.196103803235445,
            0.09779170226242684,
            0.17008464694618652,
            0.1131217147875414,
            64.28974383242812,
            0.02506668465147862,
            20.736569392269864,
            0.10683073454676872,
            84.23560983600647,
            66.79388711050677,
            63.231315719016244,
            43.289951581313474,
            85.3042501189283,
            1.425623237731287,
            1.2313379340989599,
            0.8236607172475345,
            38.00662212231131
        ],