{
    "fixed": {
        "start_drift_rate": 1.0,
        "shared_support": 0.0,
        "item_support": 0.0,
        "learning_rate": 0.0,
        "primacy_scale": 0.0,
        "primacy_decay": 0.0,
        "encoding_drift_decrease": 1.0,
        "allow_repeated_recalls": 1.0
    },
    "free": {
        "encoding_drift_rate": [
            2.220446049250313e-16,
            0.9999999999999998
        ],
        "recall_drift_rate": [
            2.220446049250313e-16,
            0.9999999999999998
        ],
        "choice_sensitivity": [
            2.220446049250313e-16,
            100.0
        ],
        "learning_rate": [
            2.220446049250313e-16,
            0.9999999999999998
        ],
        "shared_support": [
            2.220446049250313e-16,
            100.0
        ],
        "item_support": [
            2.220446049250313e-16,
            100.0
        ]
    },
    "fitness": [
        825.15283203125,
        1020.30419921875,
        865.9657592773438,
        732.5358276367188,
        873.6329345703125,
        1012.510498046875,
        1061.726318359375,
        984.5821533203125,
        975.6499633789062,
        1024.4818115234375,
        885.8153686523438,
        744.7344970703125,
        983.7037353515625,
        1173.90673828125,
        943.76611328125,
        851.341552734375,
        930.4912109375,
        1176.997802734375,
        943.74072265625,
        608.2066040039062,
        660.800537109375,
        1344.306640625,
        1101.4244384765625,
        761.1160888671875
    ],
    "fits": {
        "encoding_drift_rate": [
            0.22485273137655,
            0.25687807107245986,
            0.257105730976077,
            0.3117443243734934,
            0.2460889115169549,
            0.23457502117755646,
            0.23140849354883875,
            0.27520278348675087,
            0.32225810653177556,
            0.2064513963820397,
            0.23134697567704626,
            0.25732388363176595,
            0.2531978724397928,
            0.2045767096524879,
            0.3578872922786529,
            0.35426478156121805,
            0.2737970849898507,
            0.21542228971026942,
            0.5920260598250132,
            0.27461690609536393,
            0.2623997864753848,
            0.18782543317110081,
            0.2341288861877373,
            0.27429117723991275
        ],
        "recall_drift_rate": [
            0.012087415293088336,
            0.004432626041905814,
            0.12435505804393288,
            0.20081295173003896,
            0.005305299719483403,
            0.02369556121481381,
            0.00447176910363789,
            0.01519337610365202,
            0.005926312843881366,
            0.003386921734409138,
            0.003632636758870649,
            0.0314960573674645,
            0.09743753834175885,
            0.01877362017667343,
            0.2241334426417178,
            0.003285087895701624,
            0.10257567111528894,
            0.011808174688042612,
            0.3788975424031509,
            0.017747516445215772,
            0.16003657425343393,
            0.028900369738931165,
            0.003862560319473174,
            0.007914946033079252
        ],
        "choice_sensitivity": [
            99.9670996237864,
            77.77056606765737,
            89.92962015359288,
            70.65952190326647,
            96.75734995057076,
            91.65111319338385,
            98.99451568084055,
            90.4200628728975,
            57.754001805086496,
            99.96087071220248,
            99.61903649727306,
            98.8428567569316,
            90.60769221709417,
            99.41802284434723,
            42.96577304451131,
            53.596146077245734,
            65.7829814010772,
            97.6303080468669,
            21.423519339900267,
            96.35799410350079,
            96.09881076982552,
            83.32757531044777,
            75.60848058340932,
            74.88375633360405
        ],
        "learning_rate": [
            0.7784506851320792,
            0.7184730515225687,
            0.5382250797070349,
            0.37981238554846525,
            0.7483709783345133,
            0.8218311311368727,
            0.8135476387134255,
            0.7218463825434902,
            0.7623479246381942,
            0.8034520043527779,
            0.7919453393088096,
            0.8791925081623808,
            0.4887429975873377,
            0.8201663628223621,
            0.30191685638133703,
            0.7128304740537433,
            0.6631109174346629,
            0.8428291106693775,
            0.016009616288810702,
            0.7479833961024243,
            0.47925202661782906,
            0.7929075820524117,
            0.7925150763512072,
            0.8488423584994075
        ],
        "shared_support": [
            15.973929968716675,
            82.0652439353402,
            2.057890400205089,
            0.7160112305170614,
            79.76265902405996,
            15.965142560601862,
            96.20980612119288,
            36.23494853596527,
            86.78722199419667,
            82.83256846697549,
            69.79111031544818,
            6.4601799878557244,
            3.1563175363786797,
            18.60912817607424,
            0.9562707657017455,
            96.28280364001341,
            2.248566959508061,
            38.79173096751663,
            1.5273161879008654,
            11.49115672389263,
            0.7319529818002053,
            10.49295309172907,
            85.88446666697706,
            40.35182627091473
        ],
        "item_support": [
            0.7306884004851923,
            36.64819644472692,
            0.8993739799637268,
            0.006555615200973364,
            42.02189559873548,
            7.811279077923892,
            52.78204492555227,
            22.198475996826183,
            36.80771822451443,
            28.557058323463025,
            20.918716644248892,
            0.03152631923256166,
            1.7900945295857724,
            9.646954808951016,
            0.0780950828359579,
            15.727629529355944,
            0.4474099732691883,
            23.148929718420092,
            0.04758831691805909,
            0.5209092097231931,
            0.003790071624024449,
            5.1672379113367555,
            35.57429015937777,
            6.898984674217864
        ],
        "start_drift_rate": [
            1.0,
            1.0,
            1.0,
            1.0,
            1.0,
            1.0,
            1.0,
            1.0,
            1.0,
            1.0,
            1.0,
            1.0,
            1.0,
            1.0,
            1.0,
            1.0,
            1.0,
            1.0,
            1.0,
            1.0,
            1.0,
            1.0,
            1.0,
            1.0
        ],
        "primacy_scale": [
            0.0,
            0.0,
            0.0,
            0.0,
            0.0,
            0.0,
            0.0,
            0.0,
            0.0,
            0.0,
            0.0,
            0.0,
            0.0,
            0.0,
            0.0,
            0.0,
            0.0,
            0.0,
            0.0,
            0.0,
            0.0,
            0.0,
            0.0,
            0.0
        ],
        "primacy_decay": [
            0.0,
            0.0,
            0.0,
            0.0,
            0.0,
            0.0,
            0.0,
            0.0,
            0.0,
            0.0,
            0.0,
            0.0,
            0.0,
            0.0,
            0.0,
            0.0,
            0.0,
            0.0,
            0.0,
            0.0,
            0.0,
            0.0,
            0.0,
            0.0
        ],