{
    "fixed": {
        "start_drift_rate": 1.0,
        "shared_support": 0.0,
        "item_support": 0.0,
        "learning_rate": 0.0,
        "primacy_scale": 0.0,
        "primacy_decay": 0.0,
        "encoding_drift_decrease": 1.0,
        "allow_repeated_recalls": 1.0
    },
    "free": {
        "encoding_drift_rate": [
            2.220446049250313e-16,
            0.9999999999999998
        ],
        "recall_drift_rate": [
            2.220446049250313e-16,
            0.9999999999999998
        ],
        "choice_sensitivity": [
            2.220446049250313e-16,
            100.0
        ],
        "learning_rate": [
            2.220446049250313e-16,
            0.9999999999999998
        ],
        "start_drift_rate": [
            2.220446049250313e-16,
            0.9999999999999998
        ]
    },
    "fitness": [
        1813.9415283203125,
        1885.634033203125,
        1854.8585205078125,
        1832.46728515625,
        1773.1412353515625,
        1839.3798828125,
        1923.80859375,
        1896.09765625,
        1789.740234375,
        1890.5850830078125,
        1875.896484375,
        1811.087158203125,
        1944.94189453125,
        1929.47705078125,
        1908.72265625,
        1826.0333251953125,
        1824.2830810546875,
        1907.6253662109375,
        1825.424560546875,
        1767.78369140625,
        1817.64208984375,
        1931.2943115234375,
        1836.5274658203125,
        1640.915771484375
    ],
    "fits": {
        "encoding_drift_rate": [
            0.24098526198968423,
            0.12861145575919825,
            0.13247056333180576,
            0.3256045328273246,
            0.13863266519704492,
            0.13288567454129435,
            0.11562107080405098,
            0.1183608013232323,
            0.12266915551291871,
            0.11766059629144342,
            0.3195051580659599,
            0.1241688172587162,
            0.11784074373594483,
            0.11805281891547303,
            0.12546134808433201,
            0.3416778631767333,
            0.14415177435560533,
            0.11621136274995202,
            0.11411936859713824,
            0.1784488185095606,
            0.20981907818607448,
            0.11115686426066707,
            0.1152256364086441,
            0.12106822592925509
        ],
        "recall_drift_rate": [
            0.8565551729044791,
            0.20113340059072737,
            0.24616793799608663,
            0.8591328357895716,
            0.23304134107228106,
            0.21451460994890292,
            0.17916160566550277,
            0.18864277832103077,
            0.20638970624887357,
            0.19563809983557684,
            0.7872817509321075,
            0.2387002975785466,
            0.17614620873174291,
            0.17833719876933202,
            0.19948833498804708,
            0.6847877684364414,
            0.2428635456166151,
            0.17229929496617682,
            0.17103789355143512,
            0.9013116832460477,
            0.5431733886929068,
            0.17048988162569684,
            0.16843248625967724,
            0.25750871317809676
        ],
        "choice_sensitivity": [
            22.917369240927243,
            75.03696100040878,
            76.5040734336967,
            12.86061632471501,
            68.10826719611916,
            71.44888576483619,
            96.91112198511058,
            94.20515644307747,
            82.56692159558978,
            91.37070439889618,
            12.218851747856732,
            97.88252969246447,
            92.35918032366668,
            90.98217891864927,
            89.19648135915823,
            10.53520389656424,
            63.84718571993798,
            92.63155805781267,
            99.2421163609192,
            44.52015695281787,
            32.433728894113784,
            89.62347623829845,
            98.73310184097966,
            92.55712894994501
        ],
        "learning_rate": [
            0.6617926455374536,
            0.10499032225461224,
            0.2414381310707151,
            0.48786385006276356,
            0.001396673893474262,
            0.016009381491211838,
            0.05486407910460084,
            0.03291609129516637,
            0.018225108946838264,
            0.01028331643392899,
            0.5147045209928056,
            0.008206327666010482,
            0.0031809745386432997,
            0.011792509175589716,
            0.005643871539674605,
            0.3874176159447092,
            0.12336617552184703,
            0.1110427583023825,
            0.022349772798351576,
            0.7472195650162576,
            0.45673423893785053,
            0.15462259513691362,
            0.03484811379412048,
            0.031102816751506557
        ],
        "start_drift_rate": [
            0.9999993540116415,
            0.9999870527326786,
            0.9999795135991765,
            0.999996752249935,
            0.99993788250964,
            0.9999375725136131,
            0.9999682389960621,
            0.9998941730296632,
            0.9999738862721165,
            0.9999771772315984,
            0.9999970114179435,
            0.9999052979568255,
            0.9998909676570593,
            0.9998305534637225,
            0.999838158890021,
            0.9999992484635757,
            0.9999652016475912,
            0.9999439290893166,
            0.9999339892183741,
            0.9999925354525476,
            0.9999905123177009,
            0.9999791697807902,
            0.9992918825445237,
            0.9999434373734991
        ],
        "shared_support": [
            0.0,
            0.0,
            0.0,
            0.0,
            0.0,
            0.0,
            0.0,
            0.0,
            0.0,
            0.0,
            0.0,
            0.0,
            0.0,
            0.0,
            0.0,
            0.0,
            0.0,
            0.0,
            0.0,
            0.0,
            0.0,
            0.0,
            0.0,
            0.0
        ],
        "item_support": [
            0.0,
            0.0,
            0.0,
            0.0,
            0.0,
            0.0,
            0.0,
            0.0,
            0.0,
            0.0,
            0.0,
            0.0,
            0.0,
            0.0,
            0.0,
            0.0,
            0.0,
            0.0,
            0.0,
            0.0,
            0.0,
            0.0,
            0.0,
            0.0
        ],
        "primacy_scale": [
            0.0,
            0.0,
            0.0,
            0.0,
            0.0,
            0.0,
            0.0,
            0.0,
            0.0,
            0.0,
            0.0,
            0.0,
            0.0,
            0.0,
            0.0,
            0.0,
            0.0,
            0.0,
            0.0,
            0.0,
            0.0,
            0.0,
            0.0,
            0.0
        ],
        "primacy_decay": [
            0.0,
            0.0,
            0.0,
            0.0,
            0.0,
            0.0,
            0.0,
            0.0,
            0.0,
            0.0,
            0.0,
            0.0,
            0.0,
            0.0,
            0.0,
            0.0,
            0.0,
            0.0,
            0.0,
            0.0,
            0.0,
            0.0,
            0.0,
            0.0
        ],
        "encoding_drift_decrease": [
            1.0,
            1.0,
            1.0,
            1.0,
            1.0,
            1.0,
            1.0,
            1.0,
            1.0,
            1.0,
            1.0,
            1.0,
            1.0,
            1.0,
            1.0,
            1.0,
            1.0,
            1.0,
            1.0,
            1.0,
            1.0,
            1.0,
            1.0,
            1.0
        ],