{
    "fixed": {
        "start_drift_rate": 1.0,
        "shared_support": 0.0,
        "item_support": 0.0,
        "learning_rate": 0.0,
        "primacy_scale": 0.0,
        "primacy_decay": 0.0,
        "encoding_drift_decrease": 1.0,
        "allow_repeated_recalls": 1.0
    },
    "free": {
        "encoding_drift_rate": [
            2.220446049250313e-16,
            0.9999999999999998
        ],
        "recall_drift_rate": [
            2.220446049250313e-16,
            0.9999999999999998
        ],
        "stop_probability_scale": [
            2.220446049250313e-16,
            0.9999999999999998
        ],
        "stop_probability_growth": [
            2.220446049250313e-16,
            10.0
        ],
        "choice_sensitivity": [
            2.220446049250313e-16,
            100.0
        ],
        "learning_rate": [
            2.220446049250313e-16,
            0.9999999999999998
        ],
        "start_drift_rate": [
            2.220446049250313e-16,
            0.9999999999999998
        ]
    },
    "fitness": [
        1693.702880859375,
        1747.5999755859375,
        1720.00537109375,
        1733.305908203125,
        1637.1046142578125,
        1710.0784912109375,
        1785.931396484375,
        1764.355712890625,
        1648.6337890625,
        1771.76123046875,
        1745.5313720703125,
        1714.0496826171875,
        1773.7806396484375,
        1781.4677734375,
        1788.197998046875,
        1688.750732421875,
        1716.02099609375,
        1757.597900390625,
        1705.8134765625,
        1647.6689453125,
        1702.0115966796875,
        1800.97802734375,
        1704.1044921875,
        1513.8985595703125
    ],
    "fits": {
        "encoding_drift_rate": [
            0.22539239785975723,
            0.3647670114214372,
            0.1650802885670385,
            0.1950167682223997,
            0.2982964809795563,
            0.32461900758639717,
            0.3386194334647772,
            0.31382932959320753,
            0.3545850195323781,
            0.115391883810608,
            0.2831438802460604,
            0.1165678937807669,
            0.3358835449510187,
            0.2493761021303461,
            0.276500844810713,
            0.3869740942693572,
            0.2679106581672073,
            0.27660420862030694,
            0.38021256191235675,
            0.15368636313186007,
            0.17549121033218185,
            0.3051579680801487,
            0.11906125639871501,
            0.1706907414095234
        ],
        "recall_drift_rate": [
            0.8182596376565359,
            0.9667223346070325,
            0.6545843496434876,
            0.8940536970232629,
            0.9180066480290294,
            0.9199721108368688,
            0.8361094541264449,
            0.8822297458726263,
            0.9322098543922692,
            0.2201291457515488,
            0.868500046952762,
            0.9085188271450865,
            0.8534902146622432,
            0.7984093992353839,
            0.8221058056254845,
            0.9153060605996861,
            0.7448049844931696,
            0.8290545995471024,
            0.8647637193002593,
            0.9195476580360316,
            0.7685811449298919,
            0.7471728691581289,
            0.1829865864886202,
            0.36739318357075834
        ],
        "stop_probability_scale": [
            0.00346989465935138,
            0.00701925580863888,
            0.0027866751951214686,
            0.0015195866594040809,
            0.00904969139714896,
            0.00724051281938487,
            0.003169423632033175,
            0.0033766336021788185,
            0.00990567045789903,
            0.0051820518629570045,
            0.0028955194896768018,
            0.0014087475267369903,
            0.0027614870535616893,
            0.003928103584107709,
            0.0028500376297079235,
            0.006211393190260653,
            0.005664018688868955,
            0.005907570532893536,
            0.011122487817802451,
            0.002025834594621856,
            0.000742406915545988,
            0.008354247241232626,
            0.01060583033582807,
            0.011131024154275276
        ],
        "stop_probability_growth": [
            0.9134544463325875,
            0.8058422514424555,
            0.9583323383947997,
            1.0359328436087782,
            0.7618759818298289,
            0.7915835952953252,
            0.932747321681811,
            0.9239829812334515,
            0.7564757904894694,
            0.8512719049261204,
            0.9455137163419094,
            1.0442731505928302,
            0.9690849216758899,
            0.9027134868037958,
            0.9417529032558409,
            0.8317313100873758,
            0.8300993277207898,
            0.8337375382835068,
            0.732680167320269,
            1.004422319834966,
            1.1572018397555577,
            0.7773032033744185,
            0.7433764926893192,
            0.741327059967718
        ],
        "choice_sensitivity": [
            20.04994055121741,
            7.008267154481565,
            36.21375275592019,
            27.253182766295787,
            11.8938897785618,
            9.22739535180606,
            8.009138197376544,
            9.567194419754763,
            7.673449670854403,
            70.60937920027482,
            12.331800603127519,
            79.10577019803424,
            8.200291872429155,
            13.781011868974154,
            12.98256028908176,
            6.835540370066468,
            14.31599137237496,
            12.137672552283853,
            6.79163759759043,
            45.66072825158312,
            33.95318418954429,
            8.19747970250777,
            75.472688564912,
            41.00707246320504
        ],
        "learning_rate": [
            0.6169533186949745,
            0.6250696446791819,
            0.6621202871137191,
            0.6379953439599857,
            0.6221854877712198,
            0.6141376068122368,
            0.4904013903798123,
            0.6407093448268824,
            0.600325287183358,
            0.0416288806973108,
            0.5786327984466707,
            0.7917089041518847,
            0.5718892396372105,
            0.646306748643801,
            0.5868376264907786,
            0.509221129740737,
            0.5477297397777514,
            0.6910073399661477,
            0.5406524675475509,
            0.7445175154871514,
            0.6017625828669383,
            0.5652233546633764,
            0.06012484429899473,
            0.01218983115999413
        ],
        "start_drift_rate": [
            0.9999969827719127,
            0.9999981069201272,
            0.9999972162626841,
            0.9999999999999998,
            0.9999940295981595,
            0.999999256991234,
            0.9999950862329565,
            0.9999988645657826,
            0.999996343666756,
            0.9999907300053203,
            0.9999992642754003,
            0.999998099761318,
            0.9999970116719736,
            0.9999915257966522,
            0.9999999999999998,
            0.9999979902749357,
            0.9999894629532179,
            0.9999865645413808,
            0.9999989127086242,
            0.9999979072119566,
            0.9999876608488941,
            0.9999966239994481,
            0.9994604311188912,
            0.9999570966866237
        ],
        "shared_support": [
            0.0,
            0.0,
            0.0,
            0.0,
            0.0,
            0.0,
            0.0,
            0.0,
            0.0,
            0.0,
            0.0,
            0.0,
            0.0,
            0.0,
            0.0,
            0.0,
            0.0,
            0.0,
            0.0,
            0.0,
            0.0,
            0.0,
            0.0,
            0.0
        ],