{
    "fixed": {
        "start_drift_rate": 1.0,
        "shared_support": 0.0,
        "item_support": 0.0,
        "learning_rate": 0.0,
        "primacy_scale": 0.0,
        "primacy_decay": 0.0,
        "encoding_drift_decrease": 1.0,
        "allow_repeated_recalls": 1.0
    },
    "free": {
        "encoding_drift_rate": [
            2.220446049250313e-16,
            0.9999999999999998
        ],
        "recall_drift_rate": [
            2.220446049250313e-16,
            0.9999999999999998
        ],
        "choice_sensitivity": [
            2.220446049250313e-16,
            100.0
        ],
        "shared_support": [
            2.220446049250313e-16,
            100.0
        ],
        "item_support": [
            2.220446049250313e-16,
            100.0
        ],
        "primacy_scale": [
            2.220446049250313e-16,
            100.0
        ],
        "primacy_decay": [
            2.220446049250313e-16,
            100.0
        ],
        "start_drift_rate": [
            2.220446049250313e-16,
            0.9999999999999998
        ]
    },
    "fitness": [
        690.4794311523438,
        946.5711669921875,
        771.3634643554688,
        606.3751831054688,
        778.2993774414062,
        925.7256469726562,
        988.5653076171875,
        914.9514770507812,
        937.8548583984375,
        940.8778076171875,
        801.833740234375,
        635.3989868164062,
        906.3130493164062,
        1084.704345703125,
        815.4463500976562,
        803.0534057617188,
        835.6004638671875,
        1098.3580322265625,
        921.30224609375,
        475.61785888671875,
        549.7260131835938,
        1272.621826171875,
        1017.7503662109375,
        669.9324340820312
    ],
    "fits": {
        "encoding_drift_rate": [
            0.3759756858455894,
            0.06446053133921087,
            0.32900785887468553,
            0.39667654140186587,
            0.3301707922594649,
            0.3505198333863872,
            0.08962413454417939,
            0.19386632358642925,
            0.25040619540617093,
            0.29199869918919386,
            0.35551384237521283,
            0.36347325261296387,
            0.06846106186005245,
            0.09776889588594039,
            0.34127580381189915,
            0.24415215211672067,
            0.3171498512875869,
            0.2767522327100728,
            0.2746930647317552,
            0.09380750697143242,
            0.367189577238279,
            0.30421094802951054,
            0.32184784778192366,
            0.3278206602369931
        ],
        "recall_drift_rate": [
            0.8302546111223565,
            0.5331786975381747,
            0.8195694206390689,
            0.8327754834196195,
            0.7816896361488425,
            0.8110231112386659,
            0.48859821382266894,
            0.6287378030465547,
            0.705627748275901,
            0.7980517243613917,
            0.8143232313052486,
            0.7953483405939777,
            0.5241691042495066,
            0.5693544163045281,
            0.8115869531495921,
            0.6750744346677796,
            0.8261855668095006,
            0.8102012633437637,
            0.6462109206679587,
            0.5479495134529849,
            0.7962995710810835,
            0.8101641497025909,
            0.7931245681429685,
            0.7293569457477868
        ],
        "choice_sensitivity": [
            52.170655307484616,
            85.11312347825216,
            44.42666343861099,
            80.13118897981357,
            89.80547737320629,
            82.97271946736065,
            89.66461252120274,
            36.20287568095132,
            27.05096447924058,
            41.05998912002292,
            90.3409462668726,
            80.07105231507893,
            86.97671068423962,
            54.493207292265055,
            59.95935569539401,
            34.23102514900222,
            26.613611693005225,
            48.79647482481437,
            39.600725802524394,
            80.30990037351187,
            87.51724285385893,
            49.94330163140671,
            68.92313537066455,
            95.4705231451114
        ],
        "shared_support": [
            83.36178357768549,
            46.89962439469376,
            73.32620052596484,
            94.99444299161856,
            91.29167324634221,
            97.28562126191325,
            65.93311419831534,
            50.31172195605599,
            55.9187218426088,
            53.8553916451697,
            97.35126697597445,
            99.04773728872023,
            50.80437441059924,
            35.41736078292958,
            90.95068639020883,
            50.06629432383056,
            41.19425387199051,
            97.4787624168919,
            33.40423998434389,
            24.766412013730267,
            96.4613537296863,
            90.46722389851685,
            93.7823694098364,
            89.66630415265286
        ],
        "item_support": [
            42.01496161020504,
            31.812667925272624,
            33.83672902207836,
            67.27014190065418,
            69.34529718668843,
            75.89611008742403,
            48.35012287035075,
            21.052575879353498,
            19.088917240747083,
            26.814422288206814,
            76.07172891839991,
            72.50218229156174,
            33.64704371460773,
            19.82573347318318,
            59.04564936064961,
            16.208753096832325,
            5.149958624460247,
            66.8291057885487,
            16.64915053287043,
            7.479550348020972,
            69.09726541275585,
            65.89243478599148,
            71.59151893486602,
            67.53421287601
        ],
        "primacy_scale": [
            96.72039783071678,
            88.13440623177209,
            99.74378394228188,
            82.28913313330028,
            51.86972838443742,
            52.93198265871353,
            96.6081426934364,
            77.09767786632389,
            86.8368382580338,
            73.74448007769405,
            57.567901759405345,
            94.78070966765313,
            92.97755440430873,
            83.17591237840492,
            88.69035791215184,
            80.90163616631949,
            94.21923004112591,
            91.28031523838808,
            31.247317817443328,
            87.80357747780522,
            89.647914029339,
            59.81202123951294,
            57.98149151792161,
            56.117193175097015
        ],
        "primacy_decay": [
            0.25052618989430897,
            0.030811024977136125,
            0.24685256207302825,
            0.24892552093150044,
            0.22702619043896988,
            0.2377300169266866,
            0.030063446799109196,
            0.09284803914915106,
            0.11174200862747341,
            0.1976264180111258,
            0.24350312223979387,
            0.20884638123796861,
            0.03467595000523167,
            0.040726116532193636,
            0.23382964238672693,
            0.12804632000196392,
            0.2437536395929385,
            0.20140709844621044,
            0.12865157811168615,
            0.046403647182039265,
            0.22559270969498613,
            0.2038869824864875,
            0.21691271047990884,
            0.1929896858699561
        ],