{
    "fixed": {
        "start_drift_rate": 1.0,
        "shared_support": 0.0,
        "item_support": 0.0,
        "learning_rate": 0.0,
        "primacy_scale": 0.0,
        "primacy_decay": 0.0,
        "encoding_drift_decrease": 1.0,
        "allow_repeated_recalls": 1.0
    },
    "free": {
        "encoding_drift_rate": [
            2.220446049250313e-16,
            0.9999999999999998
        ],
        "recall_drift_rate": [
            2.220446049250313e-16,
            0.9999999999999998
        ],
        "stop_probability_scale": [
            2.220446049250313e-16,
            0.9999999999999998
        ],
        "stop_probability_growth": [
            2.220446049250313e-16,
            10.0
        ],
        "choice_sensitivity": [
            2.220446049250313e-16,
            100.0
        ],
        "shared_support": [
            2.220446049250313e-16,
            100.0
        ],
        "item_support": [
            2.220446049250313e-16,
            100.0
        ],
        "primacy_scale": [
            2.220446049250313e-16,
            100.0
        ],
        "primacy_decay": [
            2.220446049250313e-16,
            100.0
        ]
    },
    "fitness": [
        734.8970947265625,
        922.763427734375,
        776.5359497070312,
        659.618408203125,
        758.7007446289062,
        923.727294921875,
        956.43212890625,
        878.991943359375,
        885.1696166992188,
        928.7603759765625,
        805.623291015625,
        697.581787109375,
        881.943603515625,
        1034.9063720703125,
        864.0797119140625,
        779.670654296875,
        839.5548706054688,
        1048.892333984375,
        880.9888916015625,
        533.58740234375,
        582.5442504882812,
        1190.46142578125,
        986.2271118164062,
        657.7374267578125
    ],
    "fits": {
        "encoding_drift_rate": [
            0.1427790093226035,
            0.275246477993158,
            0.27940643686632255,
            0.29129114900782926,
            0.33471229897098576,
            0.3181489271460155,
            0.5930157556413056,
            0.4485061932487957,
            0.4205595562986178,
            0.2649484970024227,
            0.310488256413355,
            0.28371378223055344,
            0.3343219149282818,
            0.48133614463332486,
            0.301674821180565,
            0.3978638660270938,
            0.22887314450419738,
            0.3931646636781527,
            0.4612341162734749,
            0.22926178097123173,
            0.2522821070060241,
            0.15226241524166903,
            0.28567667599406266,
            0.17288839371318626
        ],
        "recall_drift_rate": [
            0.6599613773143307,
            0.6498399251272147,
            0.7050377499516054,
            0.6676991605394446,
            0.6389567060710666,
            0.7687954704847472,
            0.7027302535423522,
            0.7483684992594921,
            0.7286107310412087,
            0.6342724584230739,
            0.6172314089054608,
            0.5412753988422311,
            0.5640903734066117,
            0.742949278712414,
            0.7349837735022579,
            0.6625560537637796,
            0.7897656541167722,
            0.8369241241429932,
            0.6465947486196231,
            0.5399983060205862,
            0.46370085614908874,
            0.82980138113337,
            0.762592340776061,
            0.44226978964412833
        ],
        "stop_probability_scale": [
            0.0028250015683142825,
            0.006177201047100146,
            0.0023103488608533966,
            0.0009287948946620888,
            0.00845789581812663,
            0.008002127914211378,
            0.0030093910861367923,
            0.004475220852656896,
            0.010505038791722666,
            0.004147215720829156,
            0.0026404743660132816,
            0.0010537441172866226,
            0.0028082684532543998,
            0.004067822143420288,
            0.0025679827108466835,
            0.004524360747204161,
            0.006251189941128275,
            0.006176921409719094,
            0.009667051414526449,
            0.0019068877150249046,
            0.0006340142543103331,
            0.010642707773146767,
            0.008382429624907095,
            0.00961492156778872
        ],
        "stop_probability_growth": [
            0.9541587159963996,
            0.825078998853555,
            0.9953793944384746,
            1.1163007675138537,
            0.7733463218704504,
            0.7806993018850674,
            0.9408128820426578,
            0.8733904125680096,
            0.7523506043867254,
            0.8918354766237062,
            0.9612062143267757,
            1.0982396211869014,
            0.9637777376561347,
            0.8956937333975779,
            0.9574527660162078,
            0.8845684218933005,
            0.8171483286340973,
            0.8316216402934096,
            0.7472813148280215,
            1.0137064891138086,
            1.1844895537808675,
            0.7333530981067433,
            0.7796069300775486,
            0.7662363229930742
        ],
        "choice_sensitivity": [
            35.4269067547398,
            21.989144447548526,
            24.174357557147207,
            31.26264562538529,
            24.92031957715597,
            17.52981170143635,
            16.059270138442194,
            17.700667707662177,
            17.195905272728808,
            24.171250644807007,
            26.158556056072268,
            37.21807856069901,
            23.043166400305704,
            14.513150856582662,
            21.478915434592167,
            21.684517282578554,
            21.04174494156893,
            13.176223332215585,
            18.59575047556521,
            44.39465542625013,
            53.717467251445925,
            16.460382589686546,
            16.24068445241884,
            61.96905846037364
        ],
        "shared_support": [
            25.775922778674488,
            14.30658294851844,
            45.11189526573543,
            27.453018837797483,
            18.93289143643857,
            33.20278130987144,
            62.59073795819094,
            67.78195668432717,
            57.94334079670218,
            55.010428587181046,
            35.64253963186441,
            27.439365163572603,
            39.95469420098668,
            68.69027923390574,
            39.90980400056161,
            58.872408956293214,
            31.510120781790636,
            39.27064142731148,
            81.22463452656127,
            40.36696844444401,
            37.349715553257944,
            26.691208248583624,
            36.92927494725477,
            20.899391900359916
        ],
        "item_support": [
            0.41658455545248074,
            0.8100960763285201,
            0.41812151001925457,
            0.16567277242048561,
            0.06714044626021831,
            0.1629587414881044,
            0.6150742548381487,
            0.8068298066197883,
            0.16517016402033846,
            0.7502486626210043,
            0.16990484126115746,
            0.5164323852053485,
            0.02660717988183592,
            1.0116988479310436,
            0.11722708390319525,
            0.5530444957974865,
            0.0173537835097477,
            0.16133334709259373,
            0.221417865065213,
            0.14603262371510084,
            3.041375305392563,
            4.586422104476284,
            0.02934832543358823,
            0.7069953717745108
        ],