{
    "fixed": {
        "start_drift_rate": 1.0,
        "shared_support": 0.0,
        "item_support": 0.0,
        "learning_rate": 0.0,
        "primacy_scale": 0.0,
        "primacy_decay": 0.0,
        "encoding_drift_decrease": 1.0,
        "allow_repeated_recalls": 1.0
    },
    "free": {
        "encoding_drift_rate": [
            2.220446049250313e-16,
            0.9999999999999998
        ],
        "recall_drift_rate": [
            2.220446049250313e-16,
            0.9999999999999998
        ],
        "stop_probability_scale": [
            2.220446049250313e-16,
            0.9999999999999998
        ],
        "stop_probability_growth": [
            2.220446049250313e-16,
            10.0
        ],
        "choice_sensitivity": [
            2.220446049250313e-16,
            100.0
        ],
        "shared_support": [
            2.220446049250313e-16,
            100.0
        ],
        "item_support": [
            2.220446049250313e-16,
            100.0
        ]
    },
    "fitness": [
        746.021240234375,
        930.6358642578125,
        786.9644165039062,
        671.3676147460938,
        765.1448974609375,
        941.822265625,
        957.632080078125,
        889.0441284179688,
        892.5879516601562,
        936.7550048828125,
        811.6943359375,
        700.547607421875,
        887.432373046875,
        1038.5645751953125,
        883.1683349609375,
        788.4631958007812,
        865.7506103515625,
        1069.8505859375,
        887.9008178710938,
        538.3883056640625,
        584.0859375,
        1212.6839599609375,
        1003.3809814453125,
        659.5961303710938
    ],
    "fits": {
        "encoding_drift_rate": [
            0.35842960794975315,
            0.4757224694017482,
            0.4966927623460974,
            0.38698489806345504,
            0.4516507700295857,
            0.5022040037940101,
            0.6208879770704157,
            0.5894106568889373,
            0.5634317206465765,
            0.40904501809362376,
            0.42899919032821565,
            0.32649072952211056,
            0.4907654694547418,
            0.6241756429736498,
            0.5047020497136675,
            0.5591698225730294,
            0.451191470714163,
            0.6289707773538902,
            0.6206397282691714,
            0.3574765266698549,
            0.2995677482922223,
            0.5392593105361879,
            0.4823117243573988,
            0.2624433417415832
        ],
        "recall_drift_rate": [
            0.29083338165022354,
            0.36677199066552657,
            0.41869809941725883,
            0.35757225420002603,
            0.37338188746600637,
            0.4531705963219615,
            0.6041473852301539,
            0.4591777861037065,
            0.5231648060424553,
            0.38698843828797985,
            0.36692609346455624,
            0.28705700628762043,
            0.346043464089409,
            0.6486888752787581,
            0.4270627121089756,
            0.350186198223001,
            0.39247223916189256,
            0.643571899238953,
            0.43542116367172046,
            0.2554824586632286,
            0.27569311850128175,
            0.5991259660184037,
            0.42612327887211154,
            0.24627105469108201
        ],
        "stop_probability_scale": [
            0.002853875086367542,
            0.006650274771733161,
            0.002686672901111631,
            0.0009089727907264922,
            0.008970408582814959,
            0.007158253075615651,
            0.003238048065340131,
            0.005036812893429569,
            0.009798988053360335,
            0.003950218220291457,
            0.002501738394006308,
            0.0010461092879972618,
            0.0025425741785937506,
            0.003520463899705395,
            0.002799367334648382,
            0.0050260511597185475,
            0.005053410997435004,
            0.006582970609944775,
            0.00893254445231556,
            0.0017164197603567791,
            0.000614333536015256,
            0.009758211228709979,
            0.007918193167705992,
            0.009980305287963176
        ],
        "stop_probability_growth": [
            0.9523964556773192,
            0.8125366044780549,
            0.9699316002677385,
            1.1186701320687034,
            0.7637214515445132,
            0.7990017863022993,
            0.9289075483350198,
            0.8537070523237569,
            0.7649689182086519,
            0.8961135013617012,
            0.9702601551777761,
            1.0987618457793813,
            0.9801501577822282,
            0.9194441908645068,
            0.9425426184001049,
            0.8655019415395433,
            0.8524597850313329,
            0.8203872334528128,
            0.7646048067891931,
            1.0315091753734729,
            1.1892492434165614,
            0.7486851950839242,
            0.7915123347598128,
            0.7596567696458845
        ],
        "choice_sensitivity": [
            42.71857700900934,
            23.025153540399568,
            26.8941161482955,
            45.32280408978227,
            29.723135383979393,
            20.93059735118954,
            16.97993894312414,
            20.081299897776685,
            18.345786333542257,
            28.328172873165997,
            30.9152070862991,
            55.493136777654684,
            24.79599164272024,
            14.513498274030766,
            24.50522267126653,
            24.351924707803963,
            26.61048129175021,
            13.716253256075305,
            19.28761448895619,
            59.0524730232432,
            71.63608441247015,
            12.910902765956479,
            19.989261194153407,
            76.84445816724622
        ],
        "shared_support": [
            0.8594023889273879,
            1.192928457516615,
            1.1369540137658092,
            0.6438672623629174,
            0.9061277811095536,
            0.9162440279119366,
            1.1762000214763546,
            1.2946761997272134,
            1.113170508424252,
            1.1042702577901053,
            0.8993549300248844,
            0.5330839240748292,
            1.291525710905445,
            1.1601082138185603,
            1.0295813048919982,
            1.4378349145482758,
            0.9189159471406327,
            1.1051037361163278,
            1.4853945515470812,
            0.854507629942816,
            0.49794104924642874,
            1.026452502178941,
            0.9764476808125124,
            0.4226115450015939
        ],
        "item_support": [
            0.006829818925872644,
            0.02249859087464756,
            0.0035786375958721806,
            0.0016897670978508472,
            0.010006397050190685,
            0.007005020776766457,
            0.0021149105445488203,
            0.015391595539632874,
            0.01105067588295583,
            0.057929298092737724,
            0.001402645843725736,
            0.014489246449955381,
            0.004222546099903468,
            0.002829763045575362,
            0.0017469603266917488,
            0.003375432630519981,
            0.0011005127284917648,
            0.006877958646747118,
            0.0010175397798661834,
            0.07662752326557865,
            0.01909797659988044,
            0.00011838552313747641,
            0.014629780169705953,
            0.01628071559137112
        ],
        "start_drift_rate": [
            1.0,
            1.0,
            1.0,
            1.0,
            1.0,
            1.0,
            1.0,
            1.0,
            1.0,
            1.0,
            1.0,
            1.0,
            1.0,
            1.0,
            1.0,
            1.0,
            1.0,
            1.0,
            1.0,
            1.0,
            1.0,
            1.0,
            1.0,
            1.0
        ],