{
    "fixed": {
        "start_drift_rate": 1.0,
        "shared_support": 0.0,
        "item_support": 0.0,
        "learning_rate": 0.0,
        "primacy_scale": 0.0,
        "primacy_decay": 0.0,
        "encoding_drift_decrease": 1.0,
        "allow_repeated_recalls": 1.0
    },
    "free": {
        "encoding_drift_rate": [
            2.220446049250313e-16,
            0.9999999999999998
        ],
        "recall_drift_rate": [
            2.220446049250313e-16,
            0.9999999999999998
        ],
        "choice_sensitivity": [
            2.220446049250313e-16,
            100.0
        ],
        "learning_rate": [
            2.220446049250313e-16,
            0.9999999999999998
        ],
        "shared_support": [
            2.220446049250313e-16,
            100.0
        ],
        "item_support": [
            2.220446049250313e-16,
            100.0
        ],
        "start_drift_rate": [
            2.220446049250313e-16,
            0.9999999999999998
        ]
    },
    "fitness": [
        818.9520263671875,
        1019.4342041015625,
        865.0844116210938,
        800.288330078125,
        874.1698608398438,
        1008.5257568359375,
        1056.9368896484375,
        979.73828125,
        979.3843994140625,
        1024.44775390625,
        885.8236694335938,
        735.9696044921875,
        984.557861328125,
        1169.10107421875,
        942.9228515625,
        846.9044189453125,
        926.1919555664062,
        1167.6124267578125,
        943.8595581054688,
        606.19091796875,
        660.7767333984375,
        1340.90185546875,
        1099.46875,
        761.8357543945312
    ],
    "fits": {
        "encoding_drift_rate": [
            0.3002561794792937,
            0.4065375283046619,
            0.3882181504963436,
            0.6552616209558572,
            0.41888596784367416,
            0.43202667951458584,
            0.49625381938274327,
            0.515409861457057,
            0.4302023389925955,
            0.3293934496033344,
            0.2638330154043992,
            0.2532572909180123,
            0.36091667313330034,
            0.36728876106916514,
            0.41872643766085565,
            0.5804778145518621,
            0.4156387456727062,
            0.47836293725681983,
            0.5935495412979246,
            0.3380931804600601,
            0.2607921038028161,
            0.3227916304856427,
            0.3856100070785581,
            0.26182949523449994
        ],
        "recall_drift_rate": [
            0.17592439894157508,
            0.20233237362014994,
            0.21645334784668968,
            0.8844630570198845,
            0.2271443960880256,
            0.28917305526611603,
            0.3446220192134453,
            0.24486339903325,
            0.19590481614558322,
            0.1895778945001017,
            0.08941755895506445,
            0.17676968161818937,
            0.1623813335057825,
            0.22165136435016863,
            0.27258243586184505,
            0.39115350358483036,
            0.3238922676262891,
            0.34573467572247174,
            0.3762595224711032,
            0.14722004213722303,
            0.15989478170840038,
            0.1863817214412214,
            0.23727599907954233,
            0.09431279376687164
        ],
        "choice_sensitivity": [
            61.29927313094049,
            32.49284173681065,
            41.805823862938325,
            91.38658682126942,
            33.131059226092106,
            28.527035991979442,
            24.54599984637872,
            27.112428436899734,
            31.519052030173768,
            41.7063583051479,
            80.30579233774056,
            93.24447377816438,
            42.920985236771315,
            30.960581407861387,
            34.3023864925674,
            24.791250955410515,
            32.283970930878965,
            21.65737091596392,
            20.941325096931006,
            65.96268945939686,
            99.48483913963292,
            29.503281663746993,
            29.188337987289348,
            85.64191701637156
        ],
        "learning_rate": [
            0.4023616443532371,
            0.22217922248104105,
            0.2960687855428623,
            0.7916119035238356,
            0.24597385950238393,
            0.2541190838905924,
            0.1893953437774134,
            0.3298062590451224,
            0.4771621355611185,
            0.32506627498878493,
            0.574913777617342,
            0.49927860393772117,
            0.28063900326557534,
            0.3577929427217151,
            0.22410728914919537,
            0.015026689293460516,
            0.007605703105973942,
            0.1869050408737269,
            0.008660841208337582,
            0.41520510857998816,
            0.5436516130896845,
            0.3838880086172827,
            0.26775645151206917,
            0.7848598246005483
        ],
        "shared_support": [
            1.002469037393766,
            1.5450011564853128,
            1.2956137180624552,
            4.230015926785995,
            1.4519634598384599,
            1.0375019655246973,
            1.1552113690568575,
            1.7122119843200148,
            2.0624800770715908,
            1.1869715927050564,
            2.5321092114771275,
            0.5833525774813424,
            1.5584504786863818,
            1.0266245000123106,
            0.9683922528640778,
            1.216635857485926,
            0.9369584034058365,
            1.0753177052324787,
            1.466018878019478,
            1.325771161589799,
            0.7695789723096951,
            1.1271594894000003,
            1.086361986475879,
            3.5767484414138764
        ],
        "item_support": [
            0.030214598361510525,
            0.0879086410801122,
            0.04110479554884705,
            3.4116399375602455,
            0.06863298548362451,
            0.005309241371044493,
            0.031543302509426496,
            0.08209889802509451,
            0.25275440761573975,
            0.017228790640189118,
            0.8134057595149216,
            0.011057618279380677,
            0.17764112741254223,
            0.0020605511225326723,
            0.0049223623030698604,
            0.0003250830265031368,
            0.07104974625210758,
            0.03915696812440217,
            0.00628888655639295,
            0.027135528825368738,
            0.01481127249450469,
            0.027983002549028413,
            0.009695010151347105,
            1.2654319581900424
        ],
        "start_drift_rate": [
            0.999999985342713,
            0.9999998167029777,
            0.9999999924960858,
            0.9430153429416771,
            0.9999999953786901,
            0.9999983494132563,
            0.9999998807530808,
            0.999999965488478,
            0.9999998224288414,
            0.999999938103398,
            0.9999999889979941,
            0.9999999940232174,
            0.9999999938034225,
            0.9999999405607312,
            0.9999998632300456,
            0.9999995731602171,
            0.9999999896543282,
            0.9999994946654502,
            0.999999176300014,
            0.999999973882497,
            0.9999999920706133,
            0.9999998194684177,
            0.9999992036196531,
            0.9999999723387422
        ],
        "primacy_scale": [
            0.0,
            0.0,
            0.0,
            0.0,
            0.0,
            0.0,
            0.0,
            0.0,
            0.0,
            0.0,
            0.0,
            0.0,
            0.0,
            0.0,
            0.0,
            0.0,
            0.0,
            0.0,
            0.0,
            0.0,
            0.0,
            0.0,
            0.0,
            0.0
        ],