{
    "fixed": {
        "allow_repeated_recalls": 0.0
    },
    "free": {
        "encoding_drift_rate": [
            2.220446049250313e-16,
            0.9999999999999998
        ],
        "start_drift_rate": [
            2.220446049250313e-16,
            0.9999999999999998
        ],
        "recall_drift_rate": [
            2.220446049250313e-16,
            0.9999999999999998
        ],
        "shared_support": [
            2.220446049250313e-16,
            100.0
        ],
        "item_support": [
            2.220446049250313e-16,
            100.0
        ],
        "learning_rate": [
            2.220446049250313e-16,
            0.9999999999999998
        ],
        "primacy_scale": [
            2.220446049250313e-16,
            100.0
        ],
        "primacy_decay": [
            2.220446049250313e-16,
            100.0
        ],
        "stop_probability_scale": [
            2.220446049250313e-16,
            0.9999999999999998
        ],
        "stop_probability_growth": [
            2.220446049250313e-16,
            10.0
        ],
        "choice_sensitivity": [
            2.220446049250313e-16,
            100.0
        ]
    },
    "fitness": [
        10670.353515625,
        23848.076171875,
        23722.41015625,
        22024.421875
    ],
    "fits": {
        "encoding_drift_rate": [
            0.8663461506888137,
            0.8506711148666488,
            0.8415720166292451,
            0.7032937941405947
        ],
        "start_drift_rate": [
            0.006544221002434625,
            0.16688157969958273,
            0.17899812175660978,
            0.017328992757141726
        ],
        "recall_drift_rate": [
            0.9744378685491625,
            0.8472435835486751,
            0.8904531868348853,
            0.935012069509376
        ],
        "shared_support": [
            0.3760441690343086,
            0.16956254248087532,
            14.5474064453431,
            0.07265968430844794
        ],
        "item_support": [
            0.2281085872677977,
            0.5547331607894321,
            14.668929482880102,
            0.1608209099495781
        ],
        "learning_rate": [
            0.5370043972749836,
            0.5664618577331478,
            0.635543647089944,
            0.5490067663133943
        ],
        "primacy_scale": [
            1.939122828281036,
            2.003173012181861,
            1.4817639600996486,
            1.7588016809289542
        ],
        "primacy_decay": [
            77.3079702145522,
            1.0485467012855025,
            24.109569005091892,
            1.6533669291273938
        ],
        "stop_probability_scale": [
            0.036729745622976595,
            0.0016693452581175968,
            0.0030059730180339553,
            0.0029972079436229038
        ],
        "stop_probability_growth": [
            0.15211133785246655,
            0.26420562971939976,
            0.25323424929810834,
            0.23564101447461283
        ],
        "choice_sensitivity": [
            5.697389158340563,
            2.5137831136189632,
            95.20346642238039,
            1.9689310579691082
        ],
        "allow_repeated_recalls": [
            0.0,
            0.0,
            0.0,
            0.0
        ],
        "subject": [
            93,
            106,
            115,
            117
        ]
    },
    "hyperparameters": {
        "bounds": {
            "encoding_drift_rate": [
                2.220446049250313e-16,
                0.9999999999999998
            ],
            "start_drift_rate": [
                2.220446049250313e-16,
                0.9999999999999998
            ],
            "recall_drift_rate": [
                2.220446049250313e-16,
                0.9999999999999998
            ],
            "shared_support": [
                2.220446049250313e-16,
                100.0
            ],
            "item_support": [
                2.220446049250313e-16,
                100.0
            ],
            "learning_rate": [
                2.220446049250313e-16,
                0.9999999999999998
            ],
            "primacy_scale": [
                2.220446049250313e-16,
                100.0
            ],
            "primacy_decay": [
                2.220446049250313e-16,
                100.0
            ],
            "stop_probability_scale": [
                2.220446049250313e-16,
                0.9999999999999998
            ],
            "stop_probability_growth": [
                2.220446049250313e-16,
                10.0
            ],
            "choice_sensitivity": [
                2.220446049250313e-16,
                100.0
            ]
        },
        "num_steps": 1000,
        "pop_size": 15,
        "relative_tolerance": 0.001,
        "cross_over_rate": 0.9,
        "diff_w": 0.85,
        "best_of": 3
    },
    "fit_time": 1995.6324988330016,
    "data_query": "data['subject'] < 120",
    "model": "WeirdCMR",
    "name": "CohenKahana2022_noELI_WeirdCMR_full_best_of_3"
}