{
    "fixed": {
        "choice_sensitivity": 1.0
    },
    "free": {
        "encoding_drift_rate": [
            2.220446049250313e-16,
            0.9999999999999998
        ],
        "start_drift_rate": [
            2.220446049250313e-16,
            0.9999999999999998
        ],
        "recall_drift_rate": [
            2.220446049250313e-16,
            0.9999999999999998
        ],
        "shared_support": [
            2.220446049250313e-16,
            100.0
        ],
        "item_support": [
            2.220446049250313e-16,
            100.0
        ],
        "learning_rate": [
            2.220446049250313e-16,
            0.9999999999999998
        ],
        "primacy_scale": [
            2.220446049250313e-16,
            100.0
        ],
        "primacy_decay": [
            2.220446049250313e-16,
            100.0
        ],
        "stop_probability_scale": [
            2.220446049250313e-16,
            0.9999999999999998
        ],
        "stop_probability_growth": [
            2.220446049250313e-16,
            10.0
        ],
        "mcf_trace_sensitivity": [
            2.220446049250313e-16,
            100.0
        ]
    },
    "fitness": [
        1870.380615234375,
        1413.802978515625,
        2136.253173828125,
        1076.2060546875,
        2054.353515625,
        2077.29443359375,
        998.59521484375,
        1971.822021484375,
        1514.2891845703125,
        2468.994384765625,
        1865.797607421875,
        2144.3291015625,
        2744.126708984375,
        1617.4910888671875,
        1931.3314208984375,
        1711.0396728515625,
        1710.41552734375,
        1713.8746337890625,
        1300.26318359375,
        2040.3919677734375,
        1167.2642822265625,
        1368.477783203125,
        1441.2332763671875,
        1824.15087890625,
        1075.9400634765625,
        1081.7802734375,
        1590.174072265625,
        1240.698486328125,
        1371.2572021484375,
        2024.483154296875,
        1579.98681640625,
        1722.9976806640625,
        1916.26806640625,
        1598.7518310546875,
        849.2105712890625
    ],
    "fits": {
        "encoding_drift_rate": [
            0.8136230847223589,
            0.8220295154428341,
            0.7727086368863423,
            0.8326198226733412,
            0.632286731688863,
            0.7720875213406513,
            0.8692994434354537,
            0.8831022841412437,
            0.7899650280728769,
            0.7508209786867943,
            0.9093338393403356,
            0.7346115563331185,
            0.8538303897156394,
            0.7915161744995632,
            0.6332725916890753,
            0.8408979677635855,
            0.7611932601452696,
            0.8488569689522869,
            0.7029036981147055,
            0.7329845579961987,
            0.825771868361453,
            0.8197541069450671,
            0.37307530041941395,
            0.863840989019214,
            0.6326803114459685,
            0.8066270021226043,
            0.8375232648390538,
            0.6334285735849234,
            0.869350888535146,
            0.8314318200287152,
            0.7784886544958877,
            0.809960970904656,
            0.8304284452931086,
            0.7589262879862256,
            0.8790177265414092
        ],
        "start_drift_rate": [
            0.5109573265648474,
            0.4482705367362118,
            0.0527994596254826,
            0.05331896625313771,
            0.9980747923779953,
            0.06784635180955673,
            0.4882976589925564,
            0.3144355397689125,
            0.02813740539199855,
            0.7302157486017372,
            0.7744924848712612,
            0.7623351528857829,
            0.24386129332523365,
            0.14984562050429945,
            0.42675026641130054,
            0.25955356226984505,
            0.9941945125574466,
            0.99998427309879,
            0.901771901770253,
            0.5185272856878678,
            0.6623199750599088,
            0.7165498155028669,
            0.8136863230622038,
            0.18117026836253747,
            0.10598258415620715,
            0.6978945946591217,
            0.0529011297333572,
            0.029054702427352364,
            0.01674640671291605,
            0.07332952201501425,
            0.4388461883012962,
            0.2646041787215392,
            0.3042953057050386,
            0.9407289290328937,
            0.4860718587196386
        ],
        "recall_drift_rate": [
            0.9799018767097609,
            0.9655412972054825,
            0.9492425012448807,
            0.9657746321442051,
            0.9052726157734265,
            0.9990902848415046,
            0.973679021184663,
            0.9533250330067966,
            0.9942895395005755,
            0.9641341950005455,
            0.9864020597751517,
            0.9789504641687565,
            0.919509784907562,
            0.989346403808941,
            0.9260750820515307,
            0.9916982611428203,
            0.9846148323352172,
            0.9820515543208621,
            0.9808413631919173,
            0.9514555157344508,
            0.9896344141122025,
            0.9922829266663405,
            0.9251656580268877,
            0.9608929960622927,
            0.8866243522501789,
            0.9819020147593485,
            0.9771740971266456,
            0.9633691561946149,
            0.9616409468999451,
            0.9368926050210371,
            0.8838719665503183,
            0.9868655231812083,
            0.9949688447538262,
            0.9425110095036238,
            0.9862213628639579
        ],
        "shared_support": [
            0.014233663147919628,
            0.36873548786659427,
            0.020882357477503888,
            0.025252892083421154,
            0.9034157981846496,
            0.021369768852949278,
            0.031050741009593708,
            0.05570672650277686,
            0.011374782008168438,
            2.2841192382647395,
            0.019199571113559518,
            0.047140801370396446,
            1.924139332209677,
            0.01066621330751616,
            0.055448755527045535,
            0.013039078587546271,
            0.014899816485016983,
            0.28488001519257844,
            0.09112509780538147,
            0.04795464687371265,
            1.6770425780064144,
            0.0655807006712763,
            0.024583679709344608,
            0.022312884007156697,
            0.0022003464260222927,
            2.260128152158174,
            0.11937597032617475,
            0.08139883255102875,
            0.026702194781192293,
            0.013443944981361255,
            0.8906139306620133,
            0.008270721568361816,
            0.021635647699213223,
            1.8884715763386666,
            0.6847855637035565
        ],