{
    "fixed": {},
    "free": {
        "encoding_drift_rate": [
            2.220446049250313e-16,
            0.9999999999999998
        ],
        "start_drift_rate": [
            2.220446049250313e-16,
            0.9999999999999998
        ],
        "recall_drift_rate": [
            2.220446049250313e-16,
            0.9999999999999998
        ],
        "shared_support": [
            2.220446049250313e-16,
            100.0
        ],
        "item_support": [
            2.220446049250313e-16,
            100.0
        ],
        "learning_rate": [
            2.220446049250313e-16,
            0.9999999999999998
        ],
        "primacy_scale": [
            2.220446049250313e-16,
            100.0
        ],
        "primacy_decay": [
            2.220446049250313e-16,
            100.0
        ],
        "stop_probability_scale": [
            2.220446049250313e-16,
            0.9999999999999998
        ],
        "stop_probability_growth": [
            2.220446049250313e-16,
            10.0
        ],
        "choice_sensitivity": [
            2.220446049250313e-16,
            100.0
        ]
    },
    "fitness": [
        1863.430419921875,
        1410.97900390625,
        2139.900390625,
        1087.8289794921875,
        2047.1617431640625,
        2076.072998046875,
        1002.7174072265625,
        1992.21826171875,
        1525.4022216796875,
        2475.95166015625,
        1866.982666015625,
        2152.48779296875,
        2753.46728515625,
        1619.5242919921875,
        1928.9415283203125,
        1721.7034912109375,
        1702.56396484375,
        1711.006591796875,
        1290.551025390625,
        2069.29736328125,
        1167.716064453125,
        1379.2235107421875,
        1448.021240234375,
        1823.7152099609375,
        1079.4761962890625,
        1089.541748046875,
        1597.816650390625,
        1246.080322265625,
        1385.360107421875,
        2018.7191162109375,
        1581.3408203125,
        1736.20751953125,
        1927.6015625,
        1607.7001953125,
        859.8709716796875
    ],
    "fits": {
        "encoding_drift_rate": [
            0.729241783984477,
            0.7807578926681508,
            0.799332481225137,
            0.8341814528152471,
            0.5260923479240843,
            0.7818969277647712,
            0.9726129770569143,
            0.7941105997272032,
            0.7758901994465627,
            0.8360892257250214,
            0.815098582792045,
            0.7862482917961795,
            0.6825094170574921,
            0.7298856255702296,
            0.543970642288295,
            0.8531608782753688,
            0.6163924707968376,
            0.8132735142023,
            0.6466811571898843,
            0.6315854587792868,
            0.9120108806086862,
            0.8846657148887624,
            0.5592706077163351,
            0.8643519097901013,
            0.5779110453603032,
            0.8137962385573847,
            0.7450596035424581,
            0.6316978524482477,
            0.887956956279315,
            0.7606084458392562,
            0.7159441741510278,
            0.7667863113068293,
            0.8293184633953408,
            0.79452707642508,
            0.8158489491981671
        ],
        "start_drift_rate": [
            0.6413508605111184,
            0.33076753071057796,
            0.04991533552657279,
            0.022696388041807458,
            0.9986052738805195,
            0.08534248325631366,
            0.9229313990625165,
            0.2277333520905322,
            0.033634225738328416,
            0.9781176656385436,
            0.7610067650076913,
            0.9525550836028173,
            0.29362322613503233,
            0.295969111493267,
            0.4052369499544955,
            0.5709611829251355,
            0.973131290318826,
            0.9934583111563782,
            0.827344456806762,
            0.48270088130782407,
            0.24081813647718264,
            0.9809242364624351,
            0.3921826211814971,
            0.13601415884674956,
            0.21708771974860158,
            0.8695265010512885,
            0.18739824146732065,
            0.034708921496358736,
            0.021862442443153496,
            0.21867311539347567,
            0.170030821049648,
            0.5278686770539516,
            0.502478646009292,
            0.8817675741546867,
            0.19552178112214502
        ],
        "recall_drift_rate": [
            0.957324719240655,
            0.9465565246618797,
            0.9219305930750934,
            0.9870451392055409,
            0.924379413153446,
            0.9986661841401687,
            0.9705155343953514,
            0.8826331481479985,
            0.9890261158444759,
            0.9756922357384552,
            0.9376621805949527,
            0.9741980478534681,
            0.9028643772737839,
            0.9604608988329002,
            0.8348069571828218,
            0.9820999442042576,
            0.9296409223119448,
            0.9738739386957009,
            0.877443336142826,
            0.8860152893299562,
            0.9832599601679952,
            0.984044431006188,
            0.9012624570850569,
            0.9772276089016118,
            0.8523331415916635,
            0.9952289458489884,
            0.9615276904723316,
            0.9667705272853088,
            0.9865780982637171,
            0.8827461238764325,
            0.9563800598781256,
            0.9681652328579228,
            0.9793607317730113,
            0.9644545245567714,
            0.9934987596775897
        ],
        "shared_support": [
            0.16672604709737726,
            0.08104456852663279,
            0.0441921473074558,
            0.011865902261156691,
            0.030068141786422586,
            0.04589260548277707,
            0.027581015807577103,
            19.884987304434592,
            0.02105308137229942,
            1.2720121089209613,
            0.11936767287840484,
            0.05579673304075072,
            30.91083251679966,
            0.06532137249647718,
            17.53837523217566,
            0.024705145768336934,
            0.15616455433686588,
            0.03328821526832826,
            1.244349601123858,
            15.772344386069513,
            0.013089422189835886,
            0.025481814270108316,
            20.361983023291813,
            0.03771666418197128,
            0.20854664759249175,
            0.009977886742248643,
            1.274212638609896,
            0.13452033242790407,
            0.0062877308863065196,
            0.12080886402001312,
            0.04708765019288395,
            0.03598986276579431,
            0.06122745614394631,
            1.4276707562800226,
            0.011525214971001674
        ],
        "item_support": [
            0.3636108985827846,
            0.012650553623615224,
            0.2874268979212147,
            0.34448629869373804,
            2.7540036271766013,
            0.1734549301703865,
            6.006322622002379,
            18.859776940035346,
            0.3204278864334711,
            25.137223116918207,
            0.4130869034717719,
            0.07748424352198668,
            30.759994495035187,
            0.07381140034244282,
            16.38872314791847,
            0.07329953891105134,
            3.8153332995134903,
            0.09439884558028666,
            0.3732299451949217,
            15.1741163977687,
            0.06761868474000465,
            0.41085868287591865,
            18.72691898226898,
            0.02833509496468878,
            68.66302677860037,
            0.22873229136474293,
            0.1536997278737644,
            0.9924210619293845,
            8.967129454620618,
            0.5875558006373183,
            0.19640699553764307,
            0.12603816491578357,
            0.5782680169585035,
            12.22210347693644,
            0.06151516440518634
        ],