{
    "fixed": {},
    "free": {
        "encoding_drift_rate": [
            2.220446049250313e-16,
            0.9999999999999998
        ],
        "repetition_drift_rate": [
            2.220446049250313e-16,
            0.9999999999999998
        ],
        "start_drift_rate": [
            2.220446049250313e-16,
            0.9999999999999998
        ],
        "recall_drift_rate": [
            2.220446049250313e-16,
            0.9999999999999998
        ],
        "shared_support": [
            2.220446049250313e-16,
            100.0
        ],
        "item_support": [
            2.220446049250313e-16,
            100.0
        ],
        "learning_rate": [
            2.220446049250313e-16,
            0.9999999999999998
        ],
        "primacy_scale": [
            2.220446049250313e-16,
            100.0
        ],
        "primacy_decay": [
            2.220446049250313e-16,
            100.0
        ],
        "stop_probability_scale": [
            2.220446049250313e-16,
            0.9999999999999998
        ],
        "stop_probability_growth": [
            2.220446049250313e-16,
            10.0
        ],
        "choice_sensitivity": [
            2.220446049250313e-16,
            100.0
        ]
    },
    "fitness": [
        1857.8076171875,
        1404.487060546875,
        2134.407958984375,
        1076.457763671875,
        2043.643798828125,
        2078.289794921875,
        996.1318969726562,
        1975.542236328125,
        1511.8128662109375,
        2469.867431640625,
        1821.0513916015625,
        2152.326416015625,
        2742.0009765625,
        1605.8599853515625,
        1937.05224609375,
        1697.23681640625,
        1695.293212890625,
        1699.0565185546875,
        1296.57568359375,
        2046.08447265625,
        1162.614501953125,
        1362.866943359375,
        1439.777099609375,
        1827.7618408203125,
        1074.27880859375,
        1080.620361328125,
        1578.9644775390625,
        1237.491943359375,
        1368.087158203125,
        2012.936279296875,
        1577.7203369140625,
        1709.750244140625,
        1915.79541015625,
        1598.0435791015625,
        847.7183837890625
    ],
    "fits": {
        "encoding_drift_rate": [
            0.5513724259130252,
            0.7466106438624193,
            0.758165463588574,
            0.7556218938313172,
            0.42559958734829917,
            0.6829383351209384,
            0.9099384747764945,
            0.8141041193030718,
            0.7721518306884602,
            0.7070134305362603,
            0.7279474887901844,
            0.6470281353641407,
            0.7812538090323119,
            0.6593493686473912,
            0.7702927533408663,
            0.8242518772022949,
            0.6493626130463139,
            0.8349761541615657,
            0.741220038745809,
            0.8169314904788307,
            0.8648468834862026,
            0.8285648262277949,
            0.7093541658845399,
            0.8445802139081486,
            0.7253743873484395,
            0.8165924712219668,
            0.7818934486778379,
            0.7957141294994984,
            0.8787259762764159,
            0.7032546539011699,
            0.8206677398789239,
            0.6421787200589266,
            0.7651291983558516,
            0.770057624966079,
            0.7681615826304434
        ],
        "repetition_drift_rate": [
            0.5839990862967352,
            0.8482610352927014,
            0.6766095108597767,
            0.9284126255406535,
            0.30045362049578284,
            0.6926536209984259,
            0.898053764044485,
            0.8166529962397167,
            0.08629952061755532,
            0.8656887321827993,
            0.0017847412510255123,
            0.582561491707485,
            0.5397403647101446,
            0.5917993805955726,
            0.023039532443984052,
            0.6544849661662213,
            0.0006479900578732062,
            0.5435995149240053,
            0.01123564774950453,
            0.7833595884000765,
            0.7739854920639685,
            0.10682877370574906,
            0.021414394856623553,
            0.7181854086573332,
            0.7186243167589832,
            0.7241349639839957,
            0.7662009305060641,
            0.023985184089896784,
            0.2557755032485205,
            0.0007986830462266665,
            0.8826669111158054,
            0.015766242647645257,
            0.6117944250802203,
            0.526545940778695,
            0.6905132665832294
        ],
        "start_drift_rate": [
            0.6446052067594963,
            0.1384327706989208,
            0.08555371983922427,
            0.05441418092991657,
            0.9067563058752774,
            0.14146741544523322,
            0.15670019325816587,
            0.27392790190315947,
            0.10377852758646428,
            0.5905579271480839,
            0.7022042802287303,
            0.7609152636224715,
            0.18354412993199448,
            0.35560339705969035,
            0.6654788289907408,
            0.2634581034875726,
            0.8920850899553431,
            0.9763443595037038,
            0.7879937312123686,
            0.5021588195161734,
            0.2953017944197852,
            0.8379648856138737,
            0.4834136449598934,
            0.2441895832241119,
            0.04350650630588809,
            0.5413901622595996,
            0.07600391413883323,
            0.00915235093890232,
            0.035837585363635294,
            0.3622582217908971,
            0.4679761250279219,
            0.7251235821660967,
            0.5903195026900842,
            0.7032998611790598,
            0.22010075495060655
        ],
        "recall_drift_rate": [
            0.8952637673065387,
            0.9469753097888602,
            0.9034966608645194,
            0.9301929099237818,
            0.8080524985752013,
            0.995799122306048,
            0.9569557329386293,
            0.8900997526022811,
            0.9684891586475479,
            0.943998753868114,
            0.8759362644797759,
            0.9468643484771726,
            0.8897664388951201,
            0.9152578471580073,
            0.8544825379438095,
            0.9554258362480389,
            0.901383505264576,
            0.959916062892663,
            0.9530548892336402,
            0.8835712080854909,
            0.9782880109400856,
            0.9859222132573042,
            0.9915739470676321,
            0.9653025658899876,
            0.9012858225992557,
            0.9825051694535207,
            0.9565382536513793,
            0.884678342718042,
            0.9831922530681524,
            0.8705711697068859,
            0.8351628170345804,
            0.9416284584321062,
            0.9776749336235538,
            0.8803407509253656,
            0.9111267000764196
        ],