{
    "fixed": {},
    "free": {
        "encoding_drift_rate": [
            2.220446049250313e-16,
            0.9999999999999998
        ],
        "start_drift_rate": [
            2.220446049250313e-16,
            0.9999999999999998
        ],
        "recall_drift_rate": [
            2.220446049250313e-16,
            0.9999999999999998
        ],
        "shared_support": [
            2.220446049250313e-16,
            100.0
        ],
        "item_support": [
            2.220446049250313e-16,
            100.0
        ],
        "learning_rate": [
            2.220446049250313e-16,
            0.9999999999999998
        ],
        "primacy_scale": [
            2.220446049250313e-16,
            100.0
        ],
        "primacy_decay": [
            2.220446049250313e-16,
            100.0
        ],
        "stop_probability_scale": [
            2.220446049250313e-16,
            0.9999999999999998
        ],
        "stop_probability_growth": [
            2.220446049250313e-16,
            10.0
        ],
        "choice_sensitivity": [
            2.220446049250313e-16,
            100.0
        ]
    },
    "fitness": [
        1854.9810791015625,
        1412.41259765625,
        2134.722412109375,
        1083.033447265625,
        2044.31005859375,
        2073.4130859375,
        996.2926025390625,
        1972.986328125,
        1512.4796142578125,
        2468.51953125,
        1834.99951171875,
        2145.832763671875,
        2742.279541015625,
        1613.765625,
        1925.7755126953125,
        1700.3319091796875,
        1693.234130859375,
        1711.6134033203125,
        1297.8203125,
        2052.554931640625,
        1162.853759765625,
        1365.1473388671875,
        1440.75439453125,
        1827.7645263671875,
        1076.427490234375,
        1081.1146240234375,
        1577.38818359375,
        1242.518310546875,
        1371.69140625,
        2016.161865234375,
        1577.750244140625,
        1715.9068603515625,
        1920.228759765625,
        1599.2569580078125,
        847.55615234375
    ],
    "fits": {
        "encoding_drift_rate": [
            0.5596506093988916,
            0.7907679801012306,
            0.7297513307009028,
            0.7294543093645094,
            0.5207036466987724,
            0.6853665654848394,
            0.952701386626321,
            0.8811466892389033,
            0.7001590676873837,
            0.7160435370805325,
            0.653804634298725,
            0.7222226136871549,
            0.7138463107988169,
            0.6383234832482543,
            0.5756178300958587,
            0.7857774424930374,
            0.5956736641509329,
            0.7482156382104571,
            0.610270872476607,
            0.6425489262945079,
            0.8502381656782185,
            0.80381828489255,
            0.6689753625732725,
            0.8574635154864996,
            0.35048284310936845,
            0.7694019441539903,
            0.8336111972102549,
            0.644085643919591,
            0.8853589529256314,
            0.6724740968616273,
            0.8904824357296917,
            0.5871010757476596,
            0.7564882182661556,
            0.6892369459354635,
            0.7735684112377852
        ],
        "start_drift_rate": [
            0.6742215540591202,
            0.3651903986046287,
            0.054994047044531424,
            0.2007765176225461,
            0.9464965364422575,
            0.11886696283983345,
            0.1577480209648338,
            0.5133127416895742,
            0.07327372263828924,
            0.6647288523282229,
            0.5014190688922128,
            0.7559846098930122,
            0.14625084877066374,
            0.29446916870325845,
            0.49893095362445183,
            0.20412543637542524,
            0.8073020141878697,
            0.9948469061986599,
            0.8173987851313338,
            0.583535786531455,
            0.2531988695581615,
            0.7363278026462281,
            0.20903575858355428,
            0.2521099444727962,
            0.6698727464502445,
            0.7221641412064447,
            0.0730440394037864,
            0.05763779795502044,
            0.022771281859823134,
            0.3337835217771813,
            0.5959702000918053,
            0.5791752101926337,
            0.7597642493779976,
            0.8207898486390646,
            0.22189735265119165
        ],
        "recall_drift_rate": [
            0.871889974226294,
            0.9266977313369105,
            0.8929989851853877,
            0.8927091813025738,
            0.8672816048935692,
            0.9897364369227001,
            0.9698214753249236,
            0.8668470490849032,
            0.928380022660851,
            0.9331644134284425,
            0.8050157062134699,
            0.9282879155159298,
            0.8447339048277607,
            0.9387898481895028,
            0.8585619808534952,
            0.9538595569006107,
            0.8996994036889099,
            0.9561171305266811,
            0.8385187416826001,
            0.8939198172905429,
            0.9896224043100161,
            0.9146719204248224,
            0.6851165896551124,
            0.9524330378906257,
            0.9202127895924241,
            0.9865678284226753,
            0.9538354114870017,
            0.8772811805518232,
            0.9476319226661178,
            0.8673129173841363,
            0.9082278779551913,
            0.9218133414242606,
            0.9733890434710804,
            0.8829361600523715,
            0.9703384447463232
        ],
        "shared_support": [
            0.9722560611382463,
            0.3655309079420448,
            0.04839683915471227,
            8.189365317612221,
            27.332906696837444,
            0.20199891818634796,
            0.006382309194911784,
            21.033072788213925,
            0.07959430756651642,
            12.07429224926883,
            0.6326489136933758,
            0.1616531392129943,
            12.461585454723242,
            0.33018609719679404,
            0.28203781053628774,
            0.048623024312341556,
            0.3902722274291506,
            4.331034826533646,
            9.948444471876492,
            8.979824776244193,
            0.07580591175461393,
            0.15152508461443737,
            11.368431424406857,
            0.06504328677631577,
            2.616660572496791,
            7.2639609953035915,
            0.8205283380591055,
            4.760999283352561,
            0.030644640872203865,
            1.8322429233809032,
            0.06007812482157485,
            0.372525870733746,
            15.011027459884865,
            10.628051466089481,
            0.10413893601568702
        ],
        "item_support": [
            0.9987519921255057,
            0.32516172868772486,
            0.471598719487865,
            8.095865112406095,
            52.78572898478275,
            0.5202810966435081,
            0.13304866666819493,
            20.843963768007434,
            0.029375141998144727,
            10.87948113288516,
            0.42344455685326876,
            0.13008313180369413,
            12.677612021216632,
            0.008485123902232772,
            0.10217378670628108,
            0.0459388772850815,
            0.24743166732639565,
            35.86559344515854,
            9.878515074884369,
            9.229481054846062,
            0.04093484605434128,
            0.09230056049523228,
            10.86401666295287,
            0.08106770442750388,
            5.623619904607871,
            52.579333286265395,
            0.1396190394874921,
            5.042674195528747,
            1.8258101122612374,
            2.16358314807146,
            0.47537381544071877,
            0.49917671759527593,
            92.37902724315265,
            26.64408987742175,
            0.21664102210016978
        ],