{
    "fixed": {
        "mfc_choice_sensitivity": 1.0
    },
    "free": {
        "encoding_drift_rate": [
            2.220446049250313e-16,
            0.9999999999999998
        ],
        "start_drift_rate": [
            2.220446049250313e-16,
            0.9999999999999998
        ],
        "recall_drift_rate": [
            2.220446049250313e-16,
            0.9999999999999998
        ],
        "shared_support": [
            2.220446049250313e-16,
            100.0
        ],
        "item_support": [
            2.220446049250313e-16,
            100.0
        ],
        "learning_rate": [
            2.220446049250313e-16,
            0.9999999999999998
        ],
        "primacy_scale": [
            2.220446049250313e-16,
            100.0
        ],
        "primacy_decay": [
            2.220446049250313e-16,
            100.0
        ],
        "stop_probability_scale": [
            2.220446049250313e-16,
            0.9999999999999998
        ],
        "stop_probability_growth": [
            2.220446049250313e-16,
            10.0
        ],
        "choice_sensitivity": [
            2.220446049250313e-16,
            100.0
        ],
        "mfc_trace_sensitivity": [
            2.220446049250313e-16,
            0.9999999999999998
        ]
    },
    "fitness": [
        1853.122314453125,
        1415.51611328125,
        2130.58154296875,
        1083.6622314453125,
        2039.7401123046875,
        2067.061767578125,
        999.22509765625,
        1977.8348388671875,
        1513.7225341796875,
        2479.613037109375,
        1842.82958984375,
        2151.24951171875,
        2738.697265625,
        1592.788818359375,
        1924.3836669921875,
        1703.07470703125,
        1688.047119140625,
        1706.7119140625,
        1288.344482421875,
        2045.9351806640625,
        1160.875244140625,
        1369.308837890625,
        1447.296875,
        1833.256591796875,
        1075.680419921875,
        1086.6424560546875,
        1598.5408935546875,
        1246.465087890625,
        1379.34326171875,
        1998.9290771484375,
        1595.740966796875,
        1716.598876953125,
        1908.236083984375,
        1598.6298828125,
        854.17724609375
    ],
    "fits": {
        "encoding_drift_rate": [
            0.6909134681510051,
            0.6642901204400055,
            0.7610315965237703,
            0.7975734286591428,
            0.5611527326645842,
            0.7870603387063361,
            0.9064556080542667,
            0.9163546922345449,
            0.7013266523157965,
            0.6805955260526471,
            0.754540999524965,
            0.711891407699396,
            0.7770068037273639,
            0.661300747478198,
            0.5754924830522823,
            0.8356113925962212,
            0.5973472958952404,
            0.8062387049109684,
            0.719874010513026,
            0.6781850221409462,
            0.9592969418951082,
            0.9064391215033414,
            0.7304472719084071,
            0.7993367862798751,
            0.5324346172057576,
            0.7586534017099137,
            0.7387625927428041,
            0.5194020441176397,
            0.9774700477451382,
            0.730789671832171,
            0.6157384473266345,
            0.7270799184911703,
            0.8867465464733035,
            0.7556323135213714,
            0.8630976592437101
        ],
        "start_drift_rate": [
            0.5937463013684818,
            0.32940737889384697,
            0.07924262397341864,
            0.02931360563422636,
            0.9667774899935201,
            0.13499821595281442,
            0.17611491275860186,
            0.2310893827134859,
            0.12660229703182357,
            0.584308457039922,
            0.6649860030096786,
            0.6014933021106319,
            0.142935230185809,
            0.26073783145814233,
            0.4585210851819469,
            0.30330517786813815,
            0.8508554233372208,
            0.9939226310973971,
            0.8100925997474963,
            0.2797447944632889,
            0.07216320499296403,
            0.814273398895818,
            0.3268991690714197,
            0.326768416720125,
            0.2013539060515236,
            0.7873644984271794,
            0.26539114074816866,
            0.20301740126639956,
            0.012662089734137572,
            0.24111384872702857,
            0.43352572472388273,
            0.30921516773020186,
            0.5386050097251859,
            0.9370986347184775,
            0.10097894488000925
        ],
        "recall_drift_rate": [
            0.9255521218042857,
            0.8692754351177523,
            0.8742796050212258,
            0.9438090483552692,
            0.8961805205214417,
            0.993752067227389,
            0.9429018883739598,
            0.9011752359131464,
            0.9511183925905745,
            0.9378253007157646,
            0.8513708670716535,
            0.9378945737512911,
            0.9513291248300334,
            0.9217330596093221,
            0.8588196377035067,
            0.9583341439602208,
            0.9112731161104202,
            0.8918345291091438,
            0.9148687794751533,
            0.8595748398629544,
            0.9849466161011555,
            0.9775870177507437,
            0.9848920930051595,
            0.9499956987511436,
            0.873139688606619,
            0.9767140024078163,
            0.9580025105472708,
            0.9398060454286515,
            0.9674894464227792,
            0.8537172179864645,
            0.968715000171374,
            0.951831042030014,
            0.9836614496394145,
            0.9087540293217844,
            0.9635974876677366
        ],
        "shared_support": [
            0.2476490119931256,
            14.192289215407449,
            0.10573492666481599,
            0.054112692597769296,
            0.115383167255942,
            0.188684750183441,
            0.010677802133040617,
            14.96865270415072,
            0.18078580236819164,
            23.70937852322411,
            0.3566973065694725,
            16.641778172264296,
            22.417802662215173,
            0.16995247556532433,
            16.943773472427942,
            0.06405001799360761,
            0.4697771710609615,
            0.06502901435354426,
            16.950926239865247,
            0.3371969203667504,
            0.025149111529451318,
            12.553810087801388,
            18.807955838706615,
            6.93254822972925,
            0.007346841640341556,
            0.1170213063445047,
            0.1642725100776098,
            0.7988113638130798,
            0.014655013873767553,
            0.9195770695991143,
            18.002819821943028,
            0.07732437047889201,
            0.1858624973961227,
            0.08458272150315338,
            0.03861736389924886
        ],