{
    "fixed": {
        "choice_sensitivity": 1.0
    },
    "free": {
        "encoding_drift_rate": [
            2.220446049250313e-16,
            0.9999999999999998
        ],
        "start_drift_rate": [
            2.220446049250313e-16,
            0.9999999999999998
        ],
        "recall_drift_rate": [
            2.220446049250313e-16,
            0.9999999999999998
        ],
        "shared_support": [
            2.220446049250313e-16,
            100.0
        ],
        "item_support": [
            2.220446049250313e-16,
            100.0
        ],
        "learning_rate": [
            2.220446049250313e-16,
            0.9999999999999998
        ],
        "primacy_scale": [
            2.220446049250313e-16,
            100.0
        ],
        "primacy_decay": [
            2.220446049250313e-16,
            100.0
        ],
        "stop_probability_scale": [
            2.220446049250313e-16,
            0.9999999999999998
        ],
        "stop_probability_growth": [
            2.220446049250313e-16,
            10.0
        ],
        "mcf_trace_sensitivity": [
            2.220446049250313e-16,
            100.0
        ]
    },
    "fitness": [
        1877.421875,
        1420.5638427734375,
        2154.036865234375,
        1089.151611328125,
        2045.205078125,
        2080.3544921875,
        1006.0065307617188,
        2002.1876220703125,
        1533.0758056640625,
        2481.86572265625,
        1868.2822265625,
        2155.338134765625,
        2746.476806640625,
        1617.56396484375,
        1938.6529541015625,
        1721.905029296875,
        1702.6912841796875,
        1701.390625,
        1295.12841796875,
        2047.6982421875,
        1172.491455078125,
        1387.5277099609375,
        1442.40234375,
        1824.3072509765625,
        1083.2200927734375,
        1090.8553466796875,
        1597.0594482421875,
        1248.833251953125,
        1395.483154296875,
        2018.33203125,
        1585.390869140625,
        1728.4200439453125,
        1925.3646240234375,
        1597.5523681640625,
        857.78173828125
    ],
    "fits": {
        "encoding_drift_rate": [
            0.4518822382863513,
            0.4528559406991334,
            0.46549052187351614,
            0.4859819069735416,
            0.2669482849742158,
            0.5143926124071537,
            0.8861049564174637,
            0.48752505682964864,
            0.4134947286459117,
            0.3657931248352169,
            0.6136155831343029,
            0.3476449562583433,
            0.3774588916533415,
            0.6627331388222718,
            0.22210547725978252,
            0.5055918479708749,
            0.4984778617850091,
            0.7975029710416253,
            0.5909247362143568,
            0.4314850318401322,
            0.4317620615358464,
            0.3610396150094572,
            0.16243445631845738,
            0.8152891950766847,
            0.5305992308401534,
            0.4187557573831238,
            0.7179553699794023,
            0.36326984898615644,
            0.3213583375798821,
            0.6430469863292967,
            0.3918230027097738,
            0.7418260672142976,
            0.4398690152018021,
            0.31758380831796695,
            0.7052470043697953
        ],
        "start_drift_rate": [
            0.6333489230163478,
            0.47717992919793434,
            0.4037874979431813,
            0.40421375631411655,
            0.9730897020162037,
            0.32522985488317735,
            0.23239300596575208,
            0.5988416253464258,
            0.45115512331891594,
            0.5828664172043161,
            0.8050233369907313,
            0.7081715608130085,
            0.3902651793090297,
            0.38764154260066863,
            0.5250843169144779,
            0.6372455203673326,
            0.8235821536941721,
            0.9918094860382841,
            0.8352720137468781,
            0.625501648332176,
            0.6472875840971499,
            0.7430899696529316,
            0.8574216493808717,
            0.43362133210418097,
            0.40762545292305286,
            0.7436313382401234,
            0.31200408731698637,
            0.05807271346028087,
            0.3697232570980429,
            0.46028362777070275,
            0.5290270859704834,
            0.6671456140212285,
            0.5969613539166868,
            0.6689203968714943,
            0.36193826841521026
        ],
        "recall_drift_rate": [
            0.8767952626899644,
            0.8437117299105399,
            0.8643358824318357,
            0.8364576820893725,
            0.78533802847813,
            0.9715149498677288,
            0.9787249498176317,
            0.8023525705602401,
            0.946093802551818,
            0.8787705300419848,
            0.8642416882747537,
            0.9766566563270411,
            0.8469966513973719,
            0.9122039031434104,
            0.8207163332224223,
            0.8670396841724888,
            0.8597916238180534,
            0.9403487639411765,
            0.9346090591575762,
            0.7772981396964825,
            0.8929366406681398,
            0.9545384911695982,
            0.9671253488162855,
            0.9566956609671377,
            0.9234813989260691,
            0.9441393380444751,
            0.9378262887583702,
            0.8030679705763054,
            0.9759068005450915,
            0.843479650724283,
            0.817827359844032,
            0.950104943996405,
            0.9072555722516489,
            0.9051822718250462,
            0.9690574676141109
        ],
        "shared_support": [
            0.6345808459907545,
            3.762169215435243,
            1.8752401466189639,
            2.83206845489822,
            1.9465910915797693,
            0.3458219809587959,
            0.03835551964880324,
            2.4867263815285057,
            4.536575507701649,
            11.161354717752076,
            0.05598153764994862,
            27.848563212222764,
            15.85160151894631,
            0.022572223042324424,
            1.0749853284935185,
            0.7586040796809215,
            0.0655689279293545,
            0.025049916028898167,
            0.24419198477359316,
            8.058849508809686,
            27.480508077606807,
            82.05706103527827,
            0.04939023152313382,
            0.04294442997752663,
            0.009092087172979798,
            2.656230227444844,
            0.24301880496801687,
            15.106716886743776,
            68.00532260273525,
            0.10433703513307602,
            11.806364283390458,
            0.0357062377435552,
            3.845627962021922,
            62.857070751458025,
            0.046615381994719485
        ],
        "item_support": [
            9.702230199698256,
            9.093346739016795,
            0.5741771524170503,
            10.771506133073387,
            99.44685473590228,
            1.1656860682147894,
            0.30468334176514134,
            6.4908716858644055,
            36.55044875384714,
            11.40858038001251,
            43.6750448824211,
            2.141893569179466,
            12.784620195804187,
            0.039415451950922886,
            28.536882234544137,
            1.2621725292350092,
            9.685184950238678,
            0.7635929627036262,
            0.1817740378375703,
            12.769023246595488,
            17.705840602881132,
            1.6150518372197524,
            20.457121911656373,
            0.05828934449021972,
            7.861651421343588,
            31.59486300691562,
            0.18086297093697112,
            31.217467980983216,
            24.923954514439984,
            4.432760903387951,
            2.9183080399599035,
            0.994262168754851,
            21.715958058046226,
            57.6363191334883,
            0.042807453709365006
        ],