{
    "fixed": {
        "choice_sensitivity": 1.0
    },
    "free": {
        "encoding_drift_rate": [
            2.220446049250313e-16,
            0.9999999999999998
        ],
        "start_drift_rate": [
            2.220446049250313e-16,
            0.9999999999999998
        ],
        "recall_drift_rate": [
            2.220446049250313e-16,
            0.9999999999999998
        ],
        "shared_support": [
            2.220446049250313e-16,
            100.0
        ],
        "item_support": [
            2.220446049250313e-16,
            100.0
        ],
        "learning_rate": [
            2.220446049250313e-16,
            0.9999999999999998
        ],
        "primacy_scale": [
            2.220446049250313e-16,
            100.0
        ],
        "primacy_decay": [
            2.220446049250313e-16,
            100.0
        ],
        "stop_probability_scale": [
            2.220446049250313e-16,
            0.9999999999999998
        ],
        "stop_probability_growth": [
            2.220446049250313e-16,
            10.0
        ],
        "mcf_trace_sensitivity": [
            2.220446049250313e-16,
            100.0
        ]
    },
    "fitness": [
        1870.492919921875,
        1410.8248291015625,
        2140.26220703125,
        1091.173095703125,
        2048.13720703125,
        2073.742431640625,
        1006.3310546875,
        1980.2679443359375,
        1524.9951171875,
        2477.5283203125,
        1881.74267578125,
        2147.151611328125,
        2736.553955078125,
        1622.6107177734375,
        1932.6422119140625,
        1721.731201171875,
        1711.2479248046875,
        1718.462158203125,
        1296.7882080078125,
        2050.296142578125,
        1171.09521484375,
        1379.721923828125,
        1442.21435546875,
        1823.89697265625,
        1079.1494140625,
        1090.4171142578125,
        1602.1624755859375,
        1245.557373046875,
        1391.305419921875,
        2023.440673828125,
        1588.881591796875,
        1738.7020263671875,
        1924.149169921875,
        1609.8515625,
        861.6815185546875
    ],
    "fits": {
        "encoding_drift_rate": [
            0.8528971815790691,
            0.8152313821552328,
            0.7924806924784484,
            0.7924821696050783,
            0.5331528693484661,
            0.7832675170840607,
            0.8355134293500632,
            0.8811296623659208,
            0.7557225034570105,
            0.7358858993615903,
            0.9249767048490409,
            0.7353167711581865,
            0.757414876023743,
            0.8045081437502446,
            0.6102896699923377,
            0.8795628629163348,
            0.7653465383695949,
            0.8657284554092732,
            0.7194728137471836,
            0.8402590323734194,
            0.8180962844863062,
            0.8219994778792292,
            0.33528467797470585,
            0.869141802531707,
            0.6228967328798525,
            0.7541707673954223,
            0.8542451894111223,
            0.6706164110189049,
            0.7366968413478898,
            0.8534087134338322,
            0.7814599831218287,
            0.8263640772770211,
            0.8459316413356892,
            0.7325300590893365,
            0.8959705068170416
        ],
        "start_drift_rate": [
            0.526771864191924,
            0.16013566700902376,
            0.04323283202630773,
            0.05061924441245602,
            0.9980192426662102,
            0.024601992043916054,
            0.5528014857501413,
            0.3388798502353081,
            0.018952860684968653,
            0.8468967271109977,
            0.7175837707162022,
            0.8628839517810223,
            0.12987637715105055,
            0.17253806794594662,
            0.6451009425865948,
            0.4740295668367049,
            0.9915554459901267,
            0.9998811952979857,
            0.8565042938189333,
            0.7521204307966651,
            0.339964674839742,
            0.9844940335516045,
            0.9220828251136737,
            0.2359182967847413,
            0.1260849814465198,
            0.8233447354232661,
            0.07677145696356241,
            0.01429408106390534,
            0.038601929086201414,
            0.03763835610157801,
            0.6017363550406681,
            0.3352913566127992,
            0.3853858980660084,
            0.8946062947318856,
            0.4928907933847422
        ],
        "recall_drift_rate": [
            0.9813879774804367,
            0.957512216366354,
            0.9164077840402725,
            0.9685965744351338,
            0.8950181656336504,
            0.9950753174202186,
            0.9590974331639079,
            0.964641940199166,
            0.9902096562607279,
            0.9685569564066927,
            0.9924887176305881,
            0.9820556520276754,
            0.9519942550011311,
            0.9836154035328086,
            0.9593211340336607,
            0.9786370110840634,
            0.9861437674876885,
            0.9762932590699839,
            0.9898062505837351,
            0.9229966276633876,
            0.9840975107270821,
            0.9683083576983779,
            0.8780335763843399,
            0.9748510665785823,
            0.8814940156688855,
            0.979190555588814,
            0.9849223530722419,
            0.9551110226092571,
            0.969212058895842,
            0.9361289805491537,
            0.8888969752381937,
            0.9769593725614248,
            0.9915904755118947,
            0.9453878650897937,
            0.9866709512254114
        ],
        "shared_support": [
            0.02876850058301676,
            0.048715904914963915,
            0.03310583760563901,
            0.04802694045432787,
            0.007196312869240273,
            0.039223860918468745,
            0.06491229578170277,
            0.08632894148512804,
            0.016124739041892155,
            1.4247454396077615,
            0.013582527005347345,
            0.07477978110408401,
            0.13750780932208784,
            0.017149821019468787,
            0.10171645389151251,
            0.01847506636866736,
            0.02574814458210284,
            0.563577471814682,
            0.19946912845522036,
            2.573075869206612,
            0.1056026741345164,
            0.09208137808035133,
            7.852164793575866e-05,
            0.03817873975370321,
            0.10836705490383736,
            2.1038317759705976,
            0.18641416907586178,
            0.13998899427270572,
            0.0810358120148469,
            0.02107803298920885,
            1.5370585439936661,
            0.013264030243512082,
            0.03408265654528719,
            4.80631762031571,
            0.9929470766711077
        ],
        "item_support": [
            0.6227186358713439,
            0.009392810630288295,
            1.164563357110218,
            0.1470251747484923,
            1.8705899674226885,
            0.17340134308498278,
            0.38304764955488935,
            0.148826559805741,
            0.07407682934987037,
            8.484990496660302,
            1.8749828290341028,
            0.38964946928008004,
            0.7071574535031999,
            0.06697388073131094,
            0.0003982591825959503,
            0.03313345589781136,
            7.65963401656127,
            0.6947414941981123,
            0.1252681988079516,
            0.895951515981416,
            0.133694998165943,
            0.09286518760865903,
            0.5323970126062534,
            0.013118049843109023,
            57.328547228276186,
            14.4942963663649,
            0.012441858419556695,
            1.8773235201646585,
            3.3343152846506356,
            0.627090880054368,
            0.10465226595003685,
            0.46154961161845875,
            1.9846084159361084,
            38.754364870632024,
            3.757133789648911
        ],