{
    "fixed": {
        "allow_repeated_recalls": 0.0,
        "learn_after_context_update": 0.0
    },
    "free": {
        "encoding_drift_rate": [
            2.220446049250313e-16,
            0.9999999999999998
        ],
        "start_drift_rate": [
            2.220446049250313e-16,
            0.9999999999999998
        ],
        "recall_drift_rate": [
            2.220446049250313e-16,
            0.9999999999999998
        ],
        "shared_support": [
            2.220446049250313e-16,
            100.0
        ],
        "item_support": [
            2.220446049250313e-16,
            100.0
        ],
        "learning_rate": [
            2.220446049250313e-16,
            0.9999999999999998
        ],
        "primacy_scale": [
            2.220446049250313e-16,
            100.0
        ],
        "primacy_decay": [
            2.220446049250313e-16,
            100.0
        ],
        "choice_sensitivity": [
            2.220446049250313e-16,
            100.0
        ]
    },
    "fitness": [
        667.9393920898438,
        1919.0882568359375,
        1866.26220703125,
        1122.298828125,
        2170.44384765625,
        2050.410400390625,
        2175.955810546875,
        725.68017578125,
        1293.259033203125,
        511.85693359375,
        1515.45458984375,
        294.43115234375,
        941.60205078125,
        1087.759521484375,
        879.8983154296875,
        955.297119140625,
        2173.1796875,
        324.4903564453125,
        263.8848571777344,
        1815.4884033203125,
        308.2829284667969,
        1480.42138671875,
        2281.469482421875,
        942.361328125,
        232.94293212890625,
        1733.604736328125,
        348.8070983886719,
        275.14825439453125,
        1950.0849609375,
        1152.936279296875,
        245.40296936035156,
        551.0520629882812,
        343.2393798828125
    ],
    "nit": [
        136,
        115,
        104,
        145,
        103,
        107,
        116,
        104,
        98,
        107,
        109,
        179,
        111,
        74,
        80,
        92,
        82,
        111,
        115,
        91,
        105,
        102,
        109,
        98,
        85,
        97,
        92,
        110,
        92,
        77,
        98,
        88,
        94
    ],
    "converged": [
        true,
        true,
        true,
        true,
        true,
        true,
        true,
        true,
        true,
        true,
        true,
        true,
        true,
        true,
        true,
        true,
        true,
        true,
        true,
        true,
        true,
        true,
        true,
        true,
        true,
        true,
        true,
        true,
        true,
        true,
        true,
        true,
        true
    ],
    "fits": {
        "encoding_drift_rate": [
            0.7708726525306702,
            0.7917702198028564,
            0.7539612650871277,
            0.7861278057098389,
            0.7777507305145264,
            0.8313969969749451,
            0.8665923476219177,
            0.6886706352233887,
            0.7731958031654358,
            0.6629170179367065,
            0.7443310022354126,
            0.6769149899482727,
            0.684946596622467,
            0.9012846946716309,
            0.7889885902404785,
            0.7779268026351929,
            0.8329991102218628,
            0.6320385932922363,
            0.6232190132141113,
            0.7205684185028076,
            0.7239934206008911,
            0.7385976910591125,
            0.827637255191803,
            0.7548637986183167,
            0.5530363321304321,
            0.7708160281181335,
            0.6818858981132507,
            0.6645331978797913,
            0.7929286360740662,
            0.8031306266784668,
            0.4844238758087158,
            0.6789911985397339,
            0.822500467300415
        ],
        "start_drift_rate": [
            0.7632079124450684,
            0.11617664247751236,
            0.13463357090950012,
            0.5983511209487915,
            0.24166643619537354,
            0.13802531361579895,
            0.3738356828689575,
            0.7447048425674438,
            0.005176457576453686,
            0.00532501470297575,
            0.3299180865287781,
            0.03928612917661667,
            0.35557734966278076,
            0.6154188513755798,
            0.5643042325973511,
            0.7601727843284607,
            0.17264559864997864,
            0.9040359854698181,
            0.05101212486624718,
            0.47093865275382996,
            0.07931944727897644,
            0.1227644756436348,
            0.04504314437508583,
            0.9990774393081665,
            0.3039976954460144,
            0.35121291875839233,
            0.2862423360347748,
            0.6364352107048035,
            0.007822094485163689,
            0.00999270286411047,
            0.08467192202806473,
            0.40971654653549194,
            0.02796238660812378
        ],
        "recall_drift_rate": [
            0.9161303043365479,
            0.9623550176620483,
            0.9778630137443542,
            0.937157154083252,
            0.7939508557319641,
            0.9464914798736572,
            0.9401134848594666,
            0.8547089695930481,
            0.8931299448013306,
            0.7719241380691528,
            0.7858633399009705,
            0.6613181233406067,
            0.9926595091819763,
            0.9596576690673828,
            0.9230404496192932,
            0.9090983271598816,
            0.7159942984580994,
            0.9201146960258484,
            0.4357716739177704,
            0.8728650808334351,
            0.4066442549228668,
            0.9324294924736023,
            0.8676297068595886,
            0.258023202419281,
            0.9758838415145874,
            0.8497020602226257,
            0.9186941981315613,
            0.8526957631111145,
            0.9217096567153931,
            0.9008529186248779,
            0.8236753940582275,
            0.6153528094291687,
            0.999997615814209
        ],
        "shared_support": [
            0.6741014122962952,
            0.09756214916706085,
            0.2651752829551697,
            1.0445796251296997,
            31.22146987915039,
            0.2707059979438782,
            0.2800450325012207,
            1.7039668560028076,
            0.09533952176570892,
            0.06447857618331909,
            9.011255264282227,
            0.05644112080335617,
            0.27579265832901,
            10.570201873779297,
            38.110862731933594,
            30.87657356262207,
            53.4730339050293,
            23.565914154052734,
            0.5234597325325012,
            36.52633285522461,
            19.21864128112793,
            0.16141295433044434,
            0.4297323524951935,
            1.5991047620773315,
            35.53367614746094,
            5.780949115753174,
            44.35669708251953,
            24.068178176879883,
            0.9046711921691895,
            24.54851531982422,
            48.67909240722656,
            38.891422271728516,
            20.227373123168945
        ],