{
    "fixed": {
        "allow_repeated_recalls": 0.0,
        "learn_after_context_update": 0.0
    },
    "free": {
        "encoding_drift_rate": [
            2.220446049250313e-16,
            0.9999999999999998
        ],
        "start_drift_rate": [
            2.220446049250313e-16,
            0.9999999999999998
        ],
        "recall_drift_rate": [
            2.220446049250313e-16,
            0.9999999999999998
        ],
        "shared_support": [
            2.220446049250313e-16,
            100.0
        ],
        "item_support": [
            2.220446049250313e-16,
            100.0
        ],
        "learning_rate": [
            2.220446049250313e-16,
            0.9999999999999998
        ],
        "primacy_scale": [
            2.220446049250313e-16,
            100.0
        ],
        "primacy_decay": [
            2.220446049250313e-16,
            100.0
        ],
        "choice_sensitivity": [
            2.220446049250313e-16,
            100.0
        ]
    },
    "fitness": [
        670.90625,
        1928.8349609375,
        1867.90283203125,
        1127.312744140625,
        2172.00146484375,
        2058.905517578125,
        2182.9775390625,
        726.6259765625,
        1294.3487548828125,
        512.8580932617188,
        1517.109130859375,
        294.5845031738281,
        944.5257568359375,
        1088.256103515625,
        880.4620971679688,
        955.67724609375,
        2173.6474609375,
        324.5716552734375,
        264.6721496582031,
        1816.33251953125,
        308.5506591796875,
        1486.869384765625,
        2287.76513671875,
        946.09130859375,
        233.0307159423828,
        1734.63720703125,
        348.8597412109375,
        275.2381591796875,
        1953.6925048828125,
        1153.852294921875,
        245.4884490966797,
        551.505615234375,
        342.7776184082031
    ],
    "nit": [
        124,
        128,
        184,
        174,
        118,
        104,
        136,
        147,
        211,
        142,
        80,
        212,
        153,
        155,
        129,
        197,
        126,
        197,
        196,
        118,
        149,
        98,
        116,
        106,
        136,
        134,
        137,
        125,
        131,
        126,
        126,
        74,
        107
    ],
    "converged": [
        true,
        true,
        true,
        true,
        true,
        true,
        true,
        true,
        true,
        true,
        true,
        true,
        true,
        true,
        true,
        true,
        true,
        true,
        true,
        true,
        true,
        true,
        true,
        true,
        true,
        true,
        true,
        true,
        true,
        true,
        true,
        true,
        true
    ],
    "fits": {
        "encoding_drift_rate": [
            0.8124181881517208,
            0.7870534785443661,
            0.7503892722691491,
            0.770168919454499,
            0.7553276178744653,
            0.7814315606031638,
            0.829502498382199,
            0.6724866780571447,
            0.7295358512181789,
            0.7031427287591153,
            0.7543466340654403,
            0.668663740530843,
            0.6750072570112925,
            0.8953675168922155,
            0.798565932469654,
            0.7809010132661278,
            0.8168500180860763,
            0.6203504583553621,
            0.5682323455346646,
            0.7200486489611455,
            0.728321704654955,
            0.7299195682483881,
            0.7823978657245538,
            0.7066618609918363,
            0.5933433853205623,
            0.7656590881843789,
            0.6466847869633005,
            0.6641455195250114,
            0.787998220267776,
            0.8166285302912819,
            0.47937801686961645,
            0.6298427961227147,
            0.915494749858734
        ],
        "start_drift_rate": [
            0.8747386285935206,
            0.1914766586385056,
            0.1627218863168992,
            0.5976740161913782,
            0.26378704621092397,
            0.19983495867543033,
            0.5305894630632757,
            0.6738683146539336,
            0.004149399578021351,
            0.056070737137313476,
            0.2769085313858014,
            0.036520287468886636,
            0.29465549701747684,
            0.6263286549538045,
            0.4996951104447601,
            0.7225922090089394,
            0.10804506370378619,
            0.9009134113216408,
            0.051697976073284704,
            0.47692492021862165,
            0.05045440181724302,
            0.18026335622821926,
            0.05337238459748943,
            0.9873739833128717,
            0.31879138882326186,
            0.3778551813859383,
            0.2508305502226091,
            0.6610131699404949,
            0.018386170179831574,
            0.02282061854449463,
            0.02951560767945799,
            0.6840703939994611,
            0.001656373803917477
        ],
        "recall_drift_rate": [
            0.8550904334006908,
            0.9499102299410697,
            0.9688240099889964,
            0.9021480508842787,
            0.8004038274630215,
            0.9529307488394408,
            0.8749270808929339,
            0.8232390664463702,
            0.855510686253302,
            0.8926759489786658,
            0.8391142028370109,
            0.6372015173389418,
            0.9716262210834207,
            0.968108361845977,
            0.9141816011822883,
            0.9216449027853386,
            0.7242547038718613,
            0.9265071561075462,
            0.37378948120666544,
            0.867097177362574,
            0.3761303002524847,
            0.8044265081911077,
            0.8907325196464919,
            0.242493432244417,
            0.9686759456765637,
            0.8742789186176252,
            0.95750734653041,
            0.8335552673576034,
            0.9048948655734128,
            0.8790311244580398,
            0.8223436899933463,
            0.6193541227179213,
            0.8986282744454945
        ],
        "shared_support": [
            14.480181856758762,
            33.451729914022245,
            0.2785697793880857,
            30.810730379056366,
            46.43633276977804,
            13.782246369177116,
            26.3409760326823,
            29.148437335197308,
            0.13656424643726991,
            0.019335728866984425,
            41.60425175252951,
            0.10312949776283631,
            19.227984320662507,
            6.316580904270388,
            36.806026106632174,
            16.725836602083817,
            5.757063458959813,
            22.057945534721846,
            20.578886560231524,
            33.69492054805835,
            31.298454083323037,
            17.198610322749566,
            63.06547461960167,
            39.00234259422395,
            25.90533512396003,
            4.089497623272372,
            21.694667289269653,
            24.01062546505402,
            20.154370291717537,
            29.182171792767736,
            32.68267371144875,
            6.089861934619151,
            14.044339952757866
        ],