{
    "fixed": {
        "allow_repeated_recalls": 0.0,
        "learn_after_context_update": 0.0
    },
    "free": {
        "encoding_drift_rate": [
            2.220446049250313e-16,
            0.9999999999999998
        ],
        "start_drift_rate": [
            2.220446049250313e-16,
            0.9999999999999998
        ],
        "recall_drift_rate": [
            2.220446049250313e-16,
            0.9999999999999998
        ],
        "shared_support": [
            2.220446049250313e-16,
            100.0
        ],
        "item_support": [
            2.220446049250313e-16,
            100.0
        ],
        "learning_rate": [
            2.220446049250313e-16,
            0.9999999999999998
        ],
        "primacy_scale": [
            2.220446049250313e-16,
            100.0
        ],
        "primacy_decay": [
            2.220446049250313e-16,
            100.0
        ],
        "choice_sensitivity": [
            2.220446049250313e-16,
            100.0
        ]
    },
    "fitness": [
        624.4544677734375,
        461.1389465332031
    ],
    "fits": {
        "encoding_drift_rate": [
            0.9278163220994189,
            0.7615957062516525
        ],
        "start_drift_rate": [
            0.11120503489635836,
            0.003182226090454432
        ],
        "recall_drift_rate": [
            0.7754294892826145,
            0.9998667549902815
        ],
        "shared_support": [
            8.548907690563787,
            6.028291440706809
        ],
        "item_support": [
            8.589901447829384,
            0.3942355783236522
        ],
        "learning_rate": [
            0.3356714886659785,
            0.6827240359948517
        ],
        "primacy_scale": [
            4.900213089829364,
            84.77270436233697
        ],
        "primacy_decay": [
            1.7335797643207798,
            0.03927616405832879
        ],
        "choice_sensitivity": [
            38.07858322066271,
            3.6111145846098225
        ],
        "allow_repeated_recalls": [
            0.0,
            0.0
        ],
        "learn_after_context_update": [
            0.0,
            0.0
        ],
        "subject": [
            63,
            64
        ]
    },
    "hyperparameters": {
        "bounds": {
            "encoding_drift_rate": [
                2.220446049250313e-16,
                0.9999999999999998
            ],
            "start_drift_rate": [
                2.220446049250313e-16,
                0.9999999999999998
            ],
            "recall_drift_rate": [
                2.220446049250313e-16,
                0.9999999999999998
            ],
            "shared_support": [
                2.220446049250313e-16,
                100.0
            ],
            "item_support": [
                2.220446049250313e-16,
                100.0
            ],
            "learning_rate": [
                2.220446049250313e-16,
                0.9999999999999998
            ],
            "primacy_scale": [
                2.220446049250313e-16,
                100.0
            ],
            "primacy_decay": [
                2.220446049250313e-16,
                100.0
            ],
            "choice_sensitivity": [
                2.220446049250313e-16,
                100.0
            ]
        },
        "num_steps": 1000,
        "pop_size": 15,
        "relative_tolerance": 0.001,
        "cross_over_rate": 0.9,
        "diff_w": 0.85,
        "best_of": 3
    },
    "fit_time": 23.239887999996427,
    "run_tag": "fixed_term_best_of_3_nsubs_2",
    "data_tag": "HealeyKahana2014",
    "data_query": "data['listtype'] == -1",
    "model": "WeirdCMRNoStop",
    "name": "HealeyKahana2014_WeirdCMRNoStop_fixed_term_best_of_3_nsubs_2",
    "components": {
        "mfc_create_fn": "jaxcmr.components.linear_memory.init_mfc",
        "mcf_create_fn": "jaxcmr.components.linear_memory.init_mcf",
        "context_create_fn": "jaxcmr.components.context.init",
        "termination_policy_create_fn": "jaxcmr.components.termination.NoStopTermination"
    },
    "fit_algorithm": "jaxcmr.fitting.ScipyDE",
    "loss_function": "jaxcmr.transform_likelihood_loss.ExcludeTerminationLikelihoodFnGenerator",
    "model_factory": "jaxcmr.models.cmr.make_factory",
    "embedding_path": "data/peers-all-mpnet-base-v2.npy",
    "emotion_feature_path": "data/emotion_features_7col.npy",
    "feature_column": "6",
    "concat_features": "False"
}