{
    "fixed": {
        "allow_repeated_recalls": 0.0,
        "learn_after_context_update": 0.0
    },
    "free": {
        "encoding_drift_rate": [
            2.220446049250313e-16,
            0.9999999999999998
        ],
        "start_drift_rate": [
            2.220446049250313e-16,
            0.9999999999999998
        ],
        "recall_drift_rate": [
            2.220446049250313e-16,
            0.9999999999999998
        ],
        "shared_support": [
            2.220446049250313e-16,
            100.0
        ],
        "item_support": [
            2.220446049250313e-16,
            100.0
        ],
        "learning_rate": [
            2.220446049250313e-16,
            0.9999999999999998
        ],
        "primacy_scale": [
            2.220446049250313e-16,
            100.0
        ],
        "primacy_decay": [
            2.220446049250313e-16,
            100.0
        ],
        "choice_sensitivity": [
            2.220446049250313e-16,
            100.0
        ]
    },
    "fitness": [
        326.6888122558594,
        46.803558349609375,
        354.66156005859375,
        272.3119201660156,
        258.672119140625,
        336.485595703125,
        313.7421569824219,
        297.9820861816406,
        161.3314208984375,
        313.7421569824219
    ],
    "fits": {
        "encoding_drift_rate": [
            0.7445052247514351,
            0.8383146965652515,
            0.7270354322396151,
            0.8230701328874257,
            0.6577830184453545,
            0.03564881887260157,
            0.6866411693546824,
            0.35617170286171596,
            0.7232293915729852,
            0.9630541878564992
        ],
        "start_drift_rate": [
            0.6063655250616168,
            0.22037203784173565,
            0.9060210240396873,
            0.47787726734193803,
            0.0795260827332478,
            0.2232365520253321,
            0.11945383088399492,
            0.6992190064923277,
            0.8295418809408874,
            0.045269273662844056
        ],
        "recall_drift_rate": [
            0.9144662180993532,
            0.9025823863484572,
            0.8424379979819716,
            0.6568267642505362,
            0.84865884566775,
            0.8821042564738499,
            0.7557062722648519,
            0.9336630157588262,
            0.8595910159062141,
            0.7620326651382006
        ],
        "shared_support": [
            97.06797305665424,
            3.275989814308595,
            56.59865012036134,
            76.07471463252838,
            77.6320307976485,
            57.8546099236715,
            6.459838342680754,
            8.276643712943212,
            92.25638641682423,
            9.683496839757503
        ],
        "item_support": [
            0.15832265545251545,
            50.31077277101982,
            99.37389507389648,
            90.58520365443135,
            49.34983550654235,
            4.389174057632097,
            18.810350894212803,
            95.81361404831539,
            6.450063609061289,
            35.29962816007631
        ],
        "learning_rate": [
            0.7872654945989969,
            0.0021080760952142397,
            0.12025786181914094,
            0.567621096912058,
            0.49960683919442694,
            0.3448115001830359,
            0.08242905664195371,
            0.7719108033965496,
            0.3692755567482007,
            0.003496046787348661
        ],
        "primacy_scale": [
            69.52884360454273,
            17.69608441462944,
            26.454402964750184,
            19.732761427111335,
            73.3452940747968,
            89.15294260235078,
            48.545345649126375,
            0.9623375034451129,
            41.32770507274755,
            23.300170744663042
        ],
        "primacy_decay": [
            61.47144177188504,
            58.91935253429652,
            80.55510886724238,
            54.88738437468093,
            39.33777470603475,
            0.7337431109478132,
            50.807923648758965,
            68.24800376754277,
            56.02703434747194,
            91.77756384054263
        ],
        "choice_sensitivity": [
            43.93168544838568,
            50.54309279334752,
            80.12960814537917,
            62.94759874693957,
            81.10457330392987,
            54.61347479656116,
            43.34729042230963,
            21.664235790051396,
            79.35793573458226,
            98.75700752026847
        ],
        "allow_repeated_recalls": [
            0.0,
            0.0,
            0.0,
            0.0,
            0.0,
            0.0,
            0.0,
            0.0,
            0.0,
            0.0
        ],
        "learn_after_context_update": [
            0.0,
            0.0,
            0.0,
            0.0,
            0.0,
            0.0,
            0.0,
            0.0,
            0.0,
            0.0
        ],
        "subject": [
            63,
            64,
            65,
            66,
            67,
            69,
            70,
            73,
            74,
            75
        ]
    },
    "hyperparameters": {
        "bounds": {
            "encoding_drift_rate": [
                2.220446049250313e-16,
                0.9999999999999998
            ],
            "start_drift_rate": [
                2.220446049250313e-16,
                0.9999999999999998
            ],
            "recall_drift_rate": [
                2.220446049250313e-16,
                0.9999999999999998
            ],
            "shared_support": [
                2.220446049250313e-16,
                100.0
            ],
            "item_support": [
                2.220446049250313e-16,
                100.0
            ],
            "learning_rate": [
                2.220446049250313e-16,
                0.9999999999999998
            ],
            "primacy_scale": [
                2.220446049250313e-16,
                100.0
            ],
            "primacy_decay": [
                2.220446049250313e-16,
                100.0
            ],
            "choice_sensitivity": [
                2.220446049250313e-16,
                100.0
            ]
        },
        "num_steps": 1000,
        "pop_size": 15,
        "relative_tolerance": 0.001,
        "cross_over_rate": 0.9,
        "diff_w": 0.85,
        "best_of": 3
    },
    "fit_time": 673.4949837079912,
    "run_tag": "fixed_term_best_of_3_nsubs_10",
    "data_tag": "HealeyKahana2014",
    "data_query": "data['listtype'] == -1",
    "model": "CompareSimWeirdCMRNoStop",
    "name": "HealeyKahana2014_CompareSimWeirdCMRNoStop_fixed_term_best_of_3_nsubs_10",
    "components": {
        "mfc_create_fn": "jaxcmr.components.linear_memory.init_mfc",
        "mcf_create_fn": "jaxcmr.components.linear_memory.init_mcf",
        "context_create_fn": "jaxcmr.components.context.init",
        "termination_policy_create_fn": "jaxcmr.components.termination.NoStopTermination"
    },
    "fit_algorithm": "jaxcmr.fitting.ScipyDE",
    "loss_function": "jaxcmr.compare_simulation_loss.MemorySearchLikelihoodFnGenerator",
    "model_factory": "jaxcmr.models.cmr.make_factory",
    "embedding_path": "",
    "emotion_feature_path": "",
    "feature_column": "6",
    "concat_features": "False"
}