{
    "fixed": {
        "allow_repeated_recalls": 0.0,
        "learn_after_context_update": 0.0
    },
    "free": {
        "encoding_drift_rate": [
            2.220446049250313e-16,
            0.9999999999999998
        ],
        "start_drift_rate": [
            2.220446049250313e-16,
            0.9999999999999998
        ],
        "recall_drift_rate": [
            2.220446049250313e-16,
            0.9999999999999998
        ],
        "shared_support": [
            2.220446049250313e-16,
            100.0
        ],
        "item_support": [
            2.220446049250313e-16,
            100.0
        ],
        "learning_rate": [
            2.220446049250313e-16,
            0.9999999999999998
        ],
        "primacy_scale": [
            2.220446049250313e-16,
            100.0
        ],
        "primacy_decay": [
            2.220446049250313e-16,
            100.0
        ],
        "choice_sensitivity": [
            2.220446049250313e-16,
            100.0
        ]
    },
    "fitness": [
        350.2149963378906,
        82.33638763427734,
        364.5479431152344,
        319.9396667480469,
        292.6600646972656,
        334.2726135253906,
        348.0177917480469,
        347.2192687988281,
        195.8426055908203,
        348.8287048339844
    ],
    "fits": {
        "encoding_drift_rate": [
            0.4701168539530068,
            0.9956260974915152,
            0.40928270078360296,
            0.6337795258492978,
            0.7787100248916001,
            0.8479214899255465,
            0.7412723847331758,
            0.9095424325832528,
            0.8748960203288803,
            0.9158750816322414
        ],
        "start_drift_rate": [
            0.04860463226209877,
            0.24982746277093398,
            0.11089376616857427,
            0.09502544792673612,
            0.7102817766900312,
            0.7188520857302029,
            0.5843877078585734,
            0.13473021158035464,
            0.5209179785144183,
            0.38359407096699993
        ],
        "recall_drift_rate": [
            0.4042643879977258,
            0.5570737195510266,
            0.2985246862833826,
            0.4471147338063961,
            0.8837374799204543,
            0.688344174944089,
            0.9352355834699955,
            0.8363511848399332,
            0.892546117713761,
            0.9955348236114951
        ],
        "shared_support": [
            88.78562743764775,
            63.26549508667537,
            19.941235205328496,
            7.28836434208047,
            67.06805415367776,
            18.850331739792175,
            14.057400976419629,
            59.54754327834767,
            48.623845672535744,
            60.14277721439784
        ],
        "item_support": [
            5.302066860622723,
            97.96386957643685,
            90.68583669554711,
            51.97766766611208,
            14.134490066644553,
            26.01329963005272,
            93.84306877901912,
            81.58678481620636,
            89.80369542284845,
            87.75914019780375
        ],
        "learning_rate": [
            0.3521484616923941,
            0.5824020196038473,
            0.2289918123835435,
            0.4256670958796308,
            0.4828354041106325,
            0.5065992491200735,
            0.018936984586039762,
            0.9737939063214691,
            0.1328485937610881,
            0.8313776280817404
        ],
        "primacy_scale": [
            70.95206926472058,
            16.022205465007985,
            26.703923667367196,
            81.87346517377551,
            7.995970585128951,
            71.29787488009961,
            42.99307587877093,
            68.84475623885345,
            16.218138332670677,
            60.677747177544475
        ],
        "primacy_decay": [
            19.784237926996195,
            0.10394293234718788,
            46.554866810217646,
            49.339154570040876,
            53.84196301147014,
            50.27929089059376,
            0.7206972444551738,
            7.722184864042433,
            59.9215518112425,
            14.630639694557175
        ],
        "choice_sensitivity": [
            99.43487867191415,
            38.10692895526944,
            23.04332810347798,
            3.186358746694232,
            64.46429915388708,
            66.46962944219112,
            61.98667429307917,
            23.52757988782831,
            55.817670678447904,
            32.36331570153569
        ],
        "allow_repeated_recalls": [
            0.0,
            0.0,
            0.0,
            0.0,
            0.0,
            0.0,
            0.0,
            0.0,
            0.0,
            0.0
        ],
        "learn_after_context_update": [
            0.0,
            0.0,
            0.0,
            0.0,
            0.0,
            0.0,
            0.0,
            0.0,
            0.0,
            0.0
        ],
        "subject": [
            63,
            64,
            65,
            66,
            67,
            69,
            70,
            73,
            74,
            75
        ]
    },
    "hyperparameters": {
        "bounds": {
            "encoding_drift_rate": [
                2.220446049250313e-16,
                0.9999999999999998
            ],
            "start_drift_rate": [
                2.220446049250313e-16,
                0.9999999999999998
            ],
            "recall_drift_rate": [
                2.220446049250313e-16,
                0.9999999999999998
            ],
            "shared_support": [
                2.220446049250313e-16,
                100.0
            ],
            "item_support": [
                2.220446049250313e-16,
                100.0
            ],
            "learning_rate": [
                2.220446049250313e-16,
                0.9999999999999998
            ],
            "primacy_scale": [
                2.220446049250313e-16,
                100.0
            ],
            "primacy_decay": [
                2.220446049250313e-16,
                100.0
            ],
            "choice_sensitivity": [
                2.220446049250313e-16,
                100.0
            ]
        },
        "num_steps": 1000,
        "pop_size": 15,
        "relative_tolerance": 0.001,
        "cross_over_rate": 0.9,
        "diff_w": 0.85,
        "best_of": 3
    },
    "fit_time": 341.45925041699957,
    "run_tag": "fixed_term_best_of_3_nsubs_10",
    "data_tag": "HealeyKahana2014",
    "data_query": "data['listtype'] == -1",
    "model": "CompareSimWeirdCMRNoStop",
    "name": "HealeyKahana2014_CompareSimWeirdCMRNoStop_fixed_term_best_of_3_nsubs_10",
    "components": {
        "mfc_create_fn": "jaxcmr.components.linear_memory.init_mfc",
        "mcf_create_fn": "jaxcmr.components.linear_memory.init_mcf",
        "context_create_fn": "jaxcmr.components.context.init",
        "termination_policy_create_fn": "jaxcmr.components.termination.NoStopTermination"
    },
    "fit_algorithm": "jaxcmr.fitting.ScipyDE",
    "loss_function": "jaxcmr.compare_simulation_loss.MemorySearchLikelihoodFnGenerator",
    "model_factory": "jaxcmr.models.cmr.make_factory",
    "embedding_path": "",
    "emotion_feature_path": "",
    "feature_column": "6",
    "concat_features": "False"
}