{
    "fixed": {
        "allow_repeated_recalls": 0.0,
        "learn_after_context_update": 0.0
    },
    "free": {
        "encoding_drift_rate": [
            2.220446049250313e-16,
            0.9999999999999998
        ],
        "start_drift_rate": [
            2.220446049250313e-16,
            0.9999999999999998
        ],
        "recall_drift_rate": [
            2.220446049250313e-16,
            0.9999999999999998
        ],
        "shared_support": [
            2.220446049250313e-16,
            100.0
        ],
        "item_support": [
            2.220446049250313e-16,
            100.0
        ],
        "learning_rate": [
            2.220446049250313e-16,
            0.9999999999999998
        ],
        "primacy_scale": [
            2.220446049250313e-16,
            100.0
        ],
        "primacy_decay": [
            2.220446049250313e-16,
            100.0
        ],
        "choice_sensitivity": [
            2.220446049250313e-16,
            100.0
        ]
    },
    "fitness": [
        627.2661743164062,
        446.5191955566406,
        412.8592224121094,
        561.417236328125,
        579.1766967773438,
        568.5237426757812,
        442.7220458984375,
        579.5122680664062
    ],
    "nit": [
        128,
        193,
        128,
        122,
        133,
        168,
        72,
        111
    ],
    "converged": [
        true,
        true,
        true,
        true,
        true,
        true,
        true,
        true
    ],
    "fits": {
        "encoding_drift_rate": [
            0.9409909248352051,
            0.7033867835998535,
            0.2410709708929062,
            0.7657374143600464,
            0.8277981281280518,
            0.8558074235916138,
            0.967517077922821,
            0.6212949156761169
        ],
        "start_drift_rate": [
            0.33695340156555176,
            0.0009916857816278934,
            0.2806546986103058,
            0.18276500701904297,
            0.0009600844350643456,
            0.006121533922851086,
            0.03624437749385834,
            0.456843763589859
        ],
        "recall_drift_rate": [
            0.9234219193458557,
            0.9999990463256836,
            0.9494746327400208,
            0.8028226494789124,
            0.901898205280304,
            0.9384153485298157,
            0.8435272574424744,
            0.9083526730537415
        ],
        "shared_support": [
            13.501458168029785,
            0.17421682178974152,
            3.1434595584869385,
            9.418707847595215,
            37.77680206298828,
            0.17327500879764557,
            11.91047477722168,
            17.586801528930664
        ],
        "item_support": [
            6.1678080558776855,
            0.0002072589413728565,
            99.45564270019531,
            9.218816757202148,
            91.66937255859375,
            7.407688617706299,
            12.492395401000977,
            21.594968795776367
        ],
        "learning_rate": [
            0.9809423089027405,
            0.7346356511116028,
            0.01014480646699667,
            0.3894107937812805,
            0.406084269285202,
            0.06028220057487488,
            0.49200060963630676,
            0.14268727600574493
        ],
        "primacy_scale": [
            36.3801383972168,
            1.175707221031189,
            6.494971752166748,
            2.3213231563568115,
            59.97146224975586,
            99.32978820800781,
            2.0664846897125244,
            4.22320032119751
        ],
        "primacy_decay": [
            0.00016925476666074246,
            1.1804819107055664,
            3.039940357208252,
            1.5037124156951904,
            5.077416426502168e-05,
            4.729085922241211,
            58.683074951171875,
            1.6155107021331787
        ],
        "choice_sensitivity": [
            3.7644846439361572,
            5.161114692687988,
            98.26809692382812,
            83.32898712158203,
            5.683995246887207,
            1.5057488679885864,
            83.46514129638672,
            97.16959381103516
        ],
        "allow_repeated_recalls": [
            0.0,
            0.0,
            0.0,
            0.0,
            0.0,
            0.0,
            0.0,
            0.0
        ],
        "learn_after_context_update": [
            0.0,
            0.0,
            0.0,
            0.0,
            0.0,
            0.0,
            0.0,
            0.0
        ],
        "subject": [
            63,
            64,
            65,
            66,
            67,
            69,
            70,
            73
        ]
    },
    "hyperparameters": {
        "bounds": {
            "encoding_drift_rate": [
                2.220446049250313e-16,
                0.9999999999999998
            ],
            "start_drift_rate": [
                2.220446049250313e-16,
                0.9999999999999998
            ],
            "recall_drift_rate": [
                2.220446049250313e-16,
                0.9999999999999998
            ],
            "shared_support": [
                2.220446049250313e-16,
                100.0
            ],
            "item_support": [
                2.220446049250313e-16,
                100.0
            ],
            "learning_rate": [
                2.220446049250313e-16,
                0.9999999999999998
            ],
            "primacy_scale": [
                2.220446049250313e-16,
                100.0
            ],
            "primacy_decay": [
                2.220446049250313e-16,
                100.0
            ],
            "choice_sensitivity": [
                2.220446049250313e-16,
                100.0
            ]
        },
        "num_steps": 1000,
        "pop_size": 15,
        "population_size": 135,
        "relative_tolerance": 0.0001,
        "absolute_tolerance": 0.0,
        "cross_over_rate": 0.9,
        "diff_w": [
            0.5,
            1.0
        ],
        "best_of": 1,
        "init": "latinhypercube",
        "boundary_handling": "resample",
        "seed": 0,
        "nonfinite_penalty": 1e+30
    },
    "fit_time": 27.06262974999845,
    "run_tag": "hotpath_evosax_dithered_rtol1e4_best_of_1",
    "data_tag": "HealeyKahana2014",
    "trial_query": "data['listtype'] == -1",
    "model": "WeirdCMRNoStop",
    "name": "HealeyKahana2014_WeirdCMRNoStop_hotpath_evosax_dithered_rtol1e4_best_of_1",
    "components": {
        "mfc_create_fn": "jaxcmr.components.linear_memory.init_mfc",
        "mcf_create_fn": "jaxcmr.components.linear_memory.init_mcf_vectorized",
        "context_create_fn": "jaxcmr.components.context.init",
        "termination_policy_create_fn": "jaxcmr.components.termination.NoStopTermination"
    },
    "fit_algorithm": "jaxcmr.fitting.EvosaxDE",
    "loss_function": "jaxcmr.loss.transform_sequence_likelihood.SkippingAccumulatingExcludeTerminationLikelihoodFnGenerator",
    "model_factory": "jaxcmr.models.cmr.make_factory",
    "embedding_path": "",
    "emotion_feature_path": "",
    "feature_column": "6",
    "concat_features": "False"
}