{
    "fixed": {
        "allow_repeated_recalls": 0.0,
        "learn_after_context_update": 0.0
    },
    "free": {
        "encoding_drift_rate": [
            2.220446049250313e-16,
            0.9999999999999998
        ],
        "start_drift_rate": [
            2.220446049250313e-16,
            0.9999999999999998
        ],
        "recall_drift_rate": [
            2.220446049250313e-16,
            0.9999999999999998
        ],
        "shared_support": [
            2.220446049250313e-16,
            100.0
        ],
        "item_support": [
            2.220446049250313e-16,
            100.0
        ],
        "learning_rate": [
            2.220446049250313e-16,
            0.9999999999999998
        ],
        "primacy_scale": [
            2.220446049250313e-16,
            100.0
        ],
        "primacy_decay": [
            2.220446049250313e-16,
            100.0
        ],
        "choice_sensitivity": [
            2.220446049250313e-16,
            100.0
        ]
    },
    "fitness": [
        627.2263793945312,
        446.4825439453125,
        412.8282165527344,
        567.7255249023438,
        567.5045776367188
    ],
    "nit": [
        203,
        269,
        180,
        159,
        204
    ],
    "converged": [
        true,
        true,
        true,
        true,
        true
    ],
    "fits": {
        "encoding_drift_rate": [
            0.9418214559555054,
            0.7016933560371399,
            0.23597446084022522,
            0.8357481956481934,
            0.8149967193603516
        ],
        "start_drift_rate": [
            0.3244423568248749,
            1.705680369923357e-05,
            0.28054460883140564,
            0.431416779756546,
            4.746415925183101e-06
        ],
        "recall_drift_rate": [
            0.9180123209953308,
            1.0,
            0.9501321911811829,
            0.8916013836860657,
            0.925729513168335
        ],
        "shared_support": [
            34.49885177612305,
            0.17848125100135803,
            2.9998817443847656,
            14.413603782653809,
            0.09203386306762695
        ],
        "item_support": [
            15.1849946975708,
            1.8701217413763516e-05,
            99.99896240234375,
            13.108823776245117,
            2.8568036556243896
        ],
        "learning_rate": [
            0.9985753297805786,
            0.7301493287086487,
            0.01010647602379322,
            0.537651538848877,
            0.14827367663383484
        ],
        "primacy_scale": [
            90.08255004882812,
            1.1800588369369507,
            6.06550931930542,
            14.771341323852539,
            23.025293350219727
        ],
        "primacy_decay": [
            1.3382585848376038e-06,
            1.1934776306152344,
            3.020709753036499,
            0.018548965454101562,
            3.195805549621582
        ],
        "choice_sensitivity": [
            4.048129081726074,
            5.198117733001709,
            99.99836730957031,
            9.7752685546875,
            1.746205449104309
        ],
        "allow_repeated_recalls": [
            0.0,
            0.0,
            0.0,
            0.0,
            0.0
        ],
        "learn_after_context_update": [
            0.0,
            0.0,
            0.0,
            0.0,
            0.0
        ],
        "subject": [
            63,
            64,
            65,
            66,
            67
        ]
    },
    "hyperparameters": {
        "bounds": {
            "encoding_drift_rate": [
                2.220446049250313e-16,
                0.9999999999999998
            ],
            "start_drift_rate": [
                2.220446049250313e-16,
                0.9999999999999998
            ],
            "recall_drift_rate": [
                2.220446049250313e-16,
                0.9999999999999998
            ],
            "shared_support": [
                2.220446049250313e-16,
                100.0
            ],
            "item_support": [
                2.220446049250313e-16,
                100.0
            ],
            "learning_rate": [
                2.220446049250313e-16,
                0.9999999999999998
            ],
            "primacy_scale": [
                2.220446049250313e-16,
                100.0
            ],
            "primacy_decay": [
                2.220446049250313e-16,
                100.0
            ],
            "choice_sensitivity": [
                2.220446049250313e-16,
                100.0
            ]
        },
        "num_steps": 1000,
        "pop_size": 15,
        "population_size": 135,
        "relative_tolerance": 1e-06,
        "absolute_tolerance": 0.0,
        "cross_over_rate": 0.9,
        "diff_w": [
            0.5,
            1.0
        ],
        "best_of": 1,
        "init": "latinhypercube",
        "boundary_handling": "resample",
        "seed": 0,
        "nonfinite_penalty": 1e+30
    },
    "fit_time": 25.634956333000446,
    "run_tag": "evosax_dithered_term_best_of_1",
    "data_tag": "HealeyKahana2014",
    "trial_query": "data['listtype'] == -1",
    "model": "WeirdCMRNoStop",
    "name": "HealeyKahana2014_WeirdCMRNoStop_evosax_dithered_term_best_of_1",
    "components": {
        "mfc_create_fn": "jaxcmr.components.linear_memory.init_mfc",
        "mcf_create_fn": "jaxcmr.components.linear_memory.init_mcf",
        "context_create_fn": "jaxcmr.components.context.init",
        "termination_policy_create_fn": "jaxcmr.components.termination.NoStopTermination"
    },
    "fit_algorithm": "jaxcmr.fitting.EvosaxDE",
    "loss_function": "jaxcmr.loss.transform_sequence_likelihood.ExcludeTerminationLikelihoodFnGenerator",
    "model_factory": "jaxcmr.models.cmr.make_factory",
    "embedding_path": "",
    "emotion_feature_path": "",
    "feature_column": "6",
    "concat_features": "False"
}