{
    "fixed": {
        "allow_repeated_recalls": 0.0,
        "learn_after_context_update": 0.0
    },
    "free": {
        "encoding_drift_rate": [
            2.220446049250313e-16,
            0.9999999999999998
        ],
        "start_drift_rate": [
            2.220446049250313e-16,
            0.9999999999999998
        ],
        "recall_drift_rate": [
            2.220446049250313e-16,
            0.9999999999999998
        ],
        "shared_support": [
            2.220446049250313e-16,
            100.0
        ],
        "item_support": [
            2.220446049250313e-16,
            100.0
        ],
        "learning_rate": [
            2.220446049250313e-16,
            0.9999999999999998
        ],
        "primacy_scale": [
            2.220446049250313e-16,
            100.0
        ],
        "primacy_decay": [
            2.220446049250313e-16,
            100.0
        ],
        "choice_sensitivity": [
            2.220446049250313e-16,
            100.0
        ]
    },
    "fitness": [
        627.2630615234375,
        446.5221862792969,
        412.85382080078125,
        567.8003540039062,
        567.5487060546875
    ],
    "nit": [
        154,
        180,
        127,
        107,
        161
    ],
    "converged": [
        true,
        true,
        true,
        true,
        true
    ],
    "fits": {
        "encoding_drift_rate": [
            0.932208776473999,
            0.6959517002105713,
            0.23984931409358978,
            0.8251283168792725,
            0.8155241012573242
        ],
        "start_drift_rate": [
            0.3391849994659424,
            0.0003993151767645031,
            0.26868829131126404,
            0.46255233883857727,
            0.00014000982628203928
        ],
        "recall_drift_rate": [
            0.9145865440368652,
            0.9999997019767761,
            0.9494299292564392,
            0.8914554119110107,
            0.9238200187683105
        ],
        "shared_support": [
            50.86037063598633,
            0.1823965609073639,
            3.1612963676452637,
            37.71653366088867,
            0.0931897908449173
        ],
        "item_support": [
            29.83419418334961,
            0.0023224761243909597,
            99.41007995605469,
            37.270484924316406,
            2.4052069187164307
        ],
        "learning_rate": [
            0.9913985729217529,
            0.7285215854644775,
            0.010189831256866455,
            0.4825754463672638,
            0.17022880911827087
        ],
        "primacy_scale": [
            97.55469512939453,
            1.1966062784194946,
            6.358284950256348,
            16.620922088623047,
            19.393783569335938
        ],
        "primacy_decay": [
            8.999144483823329e-05,
            1.1711902618408203,
            2.9990203380584717,
            0.017026511952280998,
            3.1216061115264893
        ],
        "choice_sensitivity": [
            5.017934799194336,
            5.3212761878967285,
            99.06844329833984,
            19.8342342376709,
            1.7865386009216309
        ],
        "allow_repeated_recalls": [
            0.0,
            0.0,
            0.0,
            0.0,
            0.0
        ],
        "learn_after_context_update": [
            0.0,
            0.0,
            0.0,
            0.0,
            0.0
        ],
        "subject": [
            63,
            64,
            65,
            66,
            67
        ]
    },
    "hyperparameters": {
        "bounds": {
            "encoding_drift_rate": [
                2.220446049250313e-16,
                0.9999999999999998
            ],
            "start_drift_rate": [
                2.220446049250313e-16,
                0.9999999999999998
            ],
            "recall_drift_rate": [
                2.220446049250313e-16,
                0.9999999999999998
            ],
            "shared_support": [
                2.220446049250313e-16,
                100.0
            ],
            "item_support": [
                2.220446049250313e-16,
                100.0
            ],
            "learning_rate": [
                2.220446049250313e-16,
                0.9999999999999998
            ],
            "primacy_scale": [
                2.220446049250313e-16,
                100.0
            ],
            "primacy_decay": [
                2.220446049250313e-16,
                100.0
            ],
            "choice_sensitivity": [
                2.220446049250313e-16,
                100.0
            ]
        },
        "num_steps": 1000,
        "pop_size": 15,
        "population_size": 135,
        "relative_tolerance": 0.0001,
        "absolute_tolerance": 0.0,
        "cross_over_rate": 0.9,
        "diff_w": [
            0.5,
            1.0
        ],
        "best_of": 1,
        "init": "latinhypercube",
        "boundary_handling": "resample",
        "seed": 0,
        "nonfinite_penalty": 1e+30
    },
    "fit_time": 16.39160729199648,
    "run_tag": "evosax_dithered_rtol1e4_best_of_1",
    "data_tag": "HealeyKahana2014",
    "trial_query": "data['listtype'] == -1",
    "model": "WeirdCMRNoStop",
    "name": "HealeyKahana2014_WeirdCMRNoStop_evosax_dithered_rtol1e4_best_of_1",
    "components": {
        "mfc_create_fn": "jaxcmr.components.linear_memory.init_mfc",
        "mcf_create_fn": "jaxcmr.components.linear_memory.init_mcf",
        "context_create_fn": "jaxcmr.components.context.init",
        "termination_policy_create_fn": "jaxcmr.components.termination.NoStopTermination"
    },
    "fit_algorithm": "jaxcmr.fitting.EvosaxDE",
    "loss_function": "jaxcmr.loss.transform_sequence_likelihood.ExcludeTerminationLikelihoodFnGenerator",
    "model_factory": "jaxcmr.models.cmr.make_factory",
    "embedding_path": "",
    "emotion_feature_path": "",
    "feature_column": "6",
    "concat_features": "False"
}