{
    "fixed": {
        "allow_repeated_recalls": 0.0,
        "learn_after_context_update": 0.0
    },
    "free": {
        "encoding_drift_rate": [
            2.220446049250313e-16,
            0.9999999999999998
        ],
        "start_drift_rate": [
            2.220446049250313e-16,
            0.9999999999999998
        ],
        "recall_drift_rate": [
            2.220446049250313e-16,
            0.9999999999999998
        ],
        "shared_support": [
            2.220446049250313e-16,
            100.0
        ],
        "item_support": [
            2.220446049250313e-16,
            100.0
        ],
        "learning_rate": [
            2.220446049250313e-16,
            0.9999999999999998
        ],
        "primacy_scale": [
            2.220446049250313e-16,
            100.0
        ],
        "primacy_decay": [
            2.220446049250313e-16,
            100.0
        ],
        "choice_sensitivity": [
            2.220446049250313e-16,
            100.0
        ]
    },
    "fitness": [
        627.226318359375,
        446.4825134277344,
        412.82861328125,
        567.7333374023438,
        567.5045166015625
    ],
    "nit": [
        482,
        518,
        389,
        308,
        427
    ],
    "converged": [
        true,
        true,
        true,
        true,
        true
    ],
    "fits": {
        "encoding_drift_rate": [
            0.9427382946014404,
            0.7020010948181152,
            0.23604989051818848,
            0.8359960317611694,
            0.8148722648620605
        ],
        "start_drift_rate": [
            0.32535508275032043,
            1.0455278243171051e-06,
            0.27981337904930115,
            0.42933323979377747,
            1.7275434629482334e-06
        ],
        "recall_drift_rate": [
            0.9186304807662964,
            1.0,
            0.9503563642501831,
            0.8931728005409241,
            0.9261131286621094
        ],
        "shared_support": [
            14.114117622375488,
            0.1776658147573471,
            2.9937121868133545,
            63.575889587402344,
            0.09219550341367722
        ],
        "item_support": [
            6.30927038192749,
            5.014318958274089e-06,
            99.99803161621094,
            57.35953140258789,
            2.858497381210327
        ],
        "learning_rate": [
            0.9987528920173645,
            0.7301406860351562,
            0.010103589855134487,
            0.544673502445221,
            0.14824068546295166
        ],
        "primacy_scale": [
            35.94199752807617,
            1.1809113025665283,
            6.088986873626709,
            69.9257583618164,
            22.984960556030273
        ],
        "primacy_decay": [
            3.0856954253977165e-06,
            1.202773928642273,
            3.0297207832336426,
            0.017151998355984688,
            3.2174813747406006
        ],
        "choice_sensitivity": [
            4.0637125968933105,
            5.185399532318115,
            99.94866180419922,
            9.61735725402832,
            1.7483136653900146
        ],
        "allow_repeated_recalls": [
            0.0,
            0.0,
            0.0,
            0.0,
            0.0
        ],
        "learn_after_context_update": [
            0.0,
            0.0,
            0.0,
            0.0,
            0.0
        ],
        "subject": [
            63,
            64,
            65,
            66,
            67
        ]
    },
    "hyperparameters": {
        "bounds": {
            "encoding_drift_rate": [
                2.220446049250313e-16,
                0.9999999999999998
            ],
            "start_drift_rate": [
                2.220446049250313e-16,
                0.9999999999999998
            ],
            "recall_drift_rate": [
                2.220446049250313e-16,
                0.9999999999999998
            ],
            "shared_support": [
                2.220446049250313e-16,
                100.0
            ],
            "item_support": [
                2.220446049250313e-16,
                100.0
            ],
            "learning_rate": [
                2.220446049250313e-16,
                0.9999999999999998
            ],
            "primacy_scale": [
                2.220446049250313e-16,
                100.0
            ],
            "primacy_decay": [
                2.220446049250313e-16,
                100.0
            ],
            "choice_sensitivity": [
                2.220446049250313e-16,
                100.0
            ]
        },
        "num_steps": 1000,
        "pop_size": 15,
        "population_size": 135,
        "relative_tolerance": 1e-06,
        "absolute_tolerance": 0.0,
        "cross_over_rate": 0.9,
        "diff_w": 0.85,
        "best_of": 1,
        "init": "random",
        "boundary_handling": "resample",
        "seed": 0,
        "nonfinite_penalty": 1e+30
    },
    "fit_time": 44.880653166997945,
    "run_tag": "evosax_fixed_term_earlystop_best_of_1",
    "data_tag": "HealeyKahana2014",
    "trial_query": "data['listtype'] == -1",
    "model": "WeirdCMRNoStop",
    "name": "HealeyKahana2014_WeirdCMRNoStop_evosax_fixed_term_earlystop_best_of_1",
    "components": {
        "mfc_create_fn": "jaxcmr.components.linear_memory.init_mfc",
        "mcf_create_fn": "jaxcmr.components.linear_memory.init_mcf",
        "context_create_fn": "jaxcmr.components.context.init",
        "termination_policy_create_fn": "jaxcmr.components.termination.NoStopTermination"
    },
    "fit_algorithm": "jaxcmr.fitting.EvosaxDE",
    "loss_function": "jaxcmr.loss.transform_sequence_likelihood.ExcludeTerminationLikelihoodFnGenerator",
    "model_factory": "jaxcmr.models.cmr.make_factory",
    "embedding_path": "",
    "emotion_feature_path": "",
    "feature_column": "6",
    "concat_features": "False"
}