{
    "fixed": {
        "allow_repeated_recalls": 0.0,
        "learn_after_context_update": 0.0
    },
    "free": {
        "encoding_drift_rate": [
            2.220446049250313e-16,
            0.9999999999999998
        ],
        "start_drift_rate": [
            2.220446049250313e-16,
            0.9999999999999998
        ],
        "recall_drift_rate": [
            2.220446049250313e-16,
            0.9999999999999998
        ],
        "shared_support": [
            2.220446049250313e-16,
            100.0
        ],
        "item_support": [
            2.220446049250313e-16,
            100.0
        ],
        "learning_rate": [
            2.220446049250313e-16,
            0.9999999999999998
        ],
        "primacy_scale": [
            2.220446049250313e-16,
            100.0
        ],
        "primacy_decay": [
            2.220446049250313e-16,
            100.0
        ],
        "choice_sensitivity": [
            2.220446049250313e-16,
            100.0
        ]
    },
    "fitness": [
        624.421630859375,
        446.75482177734375,
        413.27386474609375,
        561.637451171875,
        568.9102172851562,
        569.3545532226562,
        442.7537841796875,
        579.56005859375,
        548.7355346679688,
        371.80975341796875
    ],
    "fits": {
        "encoding_drift_rate": [
            0.9001962627032767,
            0.6927501937283401,
            0.25244875251806714,
            0.7658877996374304,
            0.7501738370747891,
            0.8385011976737502,
            0.9714484056385025,
            0.6277627157208059,
            0.834549138751927,
            0.7972705463184352
        ],
        "start_drift_rate": [
            0.09878535741893174,
            0.005413840151605009,
            0.08225818770951027,
            0.21665746788780194,
            0.008109854659273386,
            0.00514062738146881,
            0.03632088425012597,
            0.4620498860825719,
            0.008354537088038516,
            0.01889335692862626
        ],
        "recall_drift_rate": [
            0.759748268849558,
            0.9999430931266887,
            0.9479903405456378,
            0.7967517768723947,
            0.9091467204042649,
            0.9386463013569747,
            0.8475791584957726,
            0.9174895489441108,
            0.6950846103013814,
            0.8221754501558236
        ],
        "shared_support": [
            6.104018392951012,
            0.18111276146012045,
            4.080444972601157,
            6.7469877575376245,
            0.23931814102132878,
            0.23278842993202886,
            10.032661319547358,
            9.7844580860993,
            0.4061499422715258,
            0.314934248944823
        ],
        "item_support": [
            5.96945921212054,
            0.009820768705012028,
            99.14628813712844,
            6.56021975650885,
            1.8429001184578055,
            5.954457158217977,
            10.611317711725583,
            14.04739151143233,
            0.03416427259345767,
            10.96934200189753
        ],
        "learning_rate": [
            0.3497890707645767,
            0.724753519082101,
            0.010074752850070978,
            0.3957405580055907,
            0.2558119820281167,
            0.08497352715191875,
            0.4845994816945965,
            0.13704852788999244,
            0.8029739107571398,
            0.017378934109654187
        ],
        "primacy_scale": [
            4.971162738093476,
            1.0888768477759214,
            8.71480678768382,
            1.9195089899693443,
            6.452034177232598,
            65.14727630372734,
            2.6207612178645405,
            4.3990500329400035,
            1.4727071110138752,
            46.66776896050299
        ],
        "primacy_decay": [
            1.7690986333418621,
            1.12235714668887,
            3.066119645315034,
            1.187055052674232,
            2.999755759215766,
            4.615547016933824,
            87.43400588333417,
            1.5619595459156557,
            2.2121702418186118,
            4.333358797621152
        ],
        "choice_sensitivity": [
            30.789500845805012,
            5.378812337048323,
            96.87180505954419,
            58.721613505622,
            3.346184658938043,
            1.7759051516550173,
            70.61481304411957,
            50.98000269088773,
            8.331434164276828,
            2.4002902700229
        ],
        "allow_repeated_recalls": [
            0.0,
            0.0,
            0.0,
            0.0,
            0.0,
            0.0,
            0.0,
            0.0,
            0.0,
            0.0
        ],
        "learn_after_context_update": [
            0.0,
            0.0,
            0.0,
            0.0,
            0.0,
            0.0,
            0.0,
            0.0,
            0.0,
            0.0
        ],
        "subject": [
            63,
            64,
            65,
            66,
            67,
            69,
            70,
            73,
            74,
            75
        ]
    },
    "hyperparameters": {
        "bounds": {
            "encoding_drift_rate": [
                2.220446049250313e-16,
                0.9999999999999998
            ],
            "start_drift_rate": [
                2.220446049250313e-16,
                0.9999999999999998
            ],
            "recall_drift_rate": [
                2.220446049250313e-16,
                0.9999999999999998
            ],
            "shared_support": [
                2.220446049250313e-16,
                100.0
            ],
            "item_support": [
                2.220446049250313e-16,
                100.0
            ],
            "learning_rate": [
                2.220446049250313e-16,
                0.9999999999999998
            ],
            "primacy_scale": [
                2.220446049250313e-16,
                100.0
            ],
            "primacy_decay": [
                2.220446049250313e-16,
                100.0
            ],
            "choice_sensitivity": [
                2.220446049250313e-16,
                100.0
            ]
        },
        "num_steps": 1000,
        "pop_size": 15,
        "relative_tolerance": 0.001,
        "cross_over_rate": 0.9,
        "diff_w": 0.85,
        "best_of": 3
    },
    "fit_time": 93.41848283399304,
    "run_tag": "fixed_term_best_of_3_nsubs_10",
    "data_tag": "HealeyKahana2014",
    "data_query": "data['listtype'] == -1",
    "model": "WeirdCMRNoStop",
    "name": "HealeyKahana2014_WeirdCMRNoStop_fixed_term_best_of_3_nsubs_10",
    "components": {
        "mfc_create_fn": "jaxcmr.components.linear_memory.init_mfc",
        "mcf_create_fn": "jaxcmr.components.linear_memory.init_mcf",
        "context_create_fn": "jaxcmr.components.context.init",
        "termination_policy_create_fn": "jaxcmr.components.termination.NoStopTermination"
    },
    "fit_algorithm": "jaxcmr.fitting.ScipyDE",
    "loss_function": "jaxcmr.transform_likelihood_loss.ExcludeTerminationLikelihoodFnGenerator",
    "model_factory": "jaxcmr.models.cmr.make_factory",
    "embedding_path": "data/peers-all-mpnet-base-v2.npy",
    "emotion_feature_path": "data/emotion_features_7col.npy",
    "feature_column": "6",
    "concat_features": "False"
}