{
    "fixed": {
        "allow_repeated_recalls": 0.0,
        "learn_after_context_update": 0.0
    },
    "free": {
        "encoding_drift_rate": [
            2.220446049250313e-16,
            0.9999999999999998
        ],
        "start_drift_rate": [
            2.220446049250313e-16,
            0.9999999999999998
        ],
        "recall_drift_rate": [
            2.220446049250313e-16,
            0.9999999999999998
        ],
        "shared_support": [
            2.220446049250313e-16,
            100.0
        ],
        "item_support": [
            2.220446049250313e-16,
            100.0
        ],
        "learning_rate": [
            2.220446049250313e-16,
            0.9999999999999998
        ],
        "primacy_scale": [
            2.220446049250313e-16,
            100.0
        ],
        "primacy_decay": [
            2.220446049250313e-16,
            100.0
        ],
        "choice_sensitivity": [
            2.220446049250313e-16,
            100.0
        ],
        "emotion_scale": [
            2.220446049250313e-16,
            10.0
        ]
    },
    "fitness": [
        0.03599484637379646,
        0.03567815572023392,
        0.044100817292928696,
        0.031880538910627365,
        0.04987591877579689,
        0.04471561685204506,
        0.038728415966033936,
        0.042761772871017456,
        0.07769262045621872,
        0.04136338829994202,
        0.04323040693998337,
        0.033636484295129776,
        0.03993241861462593,
        0.022492095828056335,
        0.02915382944047451,
        0.054923366755247116,
        0.05020545795559883,
        0.02927098236978054,
        0.06683722138404846,
        0.05637190490961075,
        0.1053532212972641,
        0.05815381929278374,
        0.022361258044838905,
        0.034330643713474274,
        0.05220528692007065,
        0.08141309022903442,
        0.03384648263454437,
        0.04024077206850052,
        0.038315679877996445,
        0.020924238488078117,
        0.04019302502274513,
        0.02412394993007183,
        0.03282315284013748,
        0.061228469014167786,
        0.02351074293255806,
        0.05641002207994461,
        0.03023912012577057,
        0.06186492741107941
    ],
    "fits": {
        "encoding_drift_rate": [
            0.9967160703602305,
            0.7955340745353089,
            0.8752466782146404,
            0.6798017507772196,
            0.6587595333996945,
            0.42874859350155026,
            0.6258069956893346,
            0.5799904231219173,
            0.7014495624517645,
            0.9154310903755183,
            0.9221161781315188,
            0.37129396601299786,
            0.8846529575924931,
            0.9788685075303434,
            0.8367302848220606,
            0.8932036073122214,
            0.9646073470576354,
            0.6992852279743377,
            0.9306018212892964,
            0.6830129868363517,
            0.42631646582615,
            0.774261500519009,
            0.8605161050473733,
            0.9418779072679273,
            0.9011171507154099,
            0.6890862315358227,
            0.5881269548196792,
            0.8206945385292255,
            0.734520091558492,
            0.795028067509987,
            0.8550862595183502,
            0.5274437541246055,
            0.15075016916322087,
            0.9194786510792397,
            0.529183346695077,
            0.8915265182636332,
            0.7372517160826495,
            0.7772412729476689
        ],
        "start_drift_rate": [
            0.256927633072737,
            0.2658254670883663,
            0.3946145807138882,
            0.8386467517243315,
            0.015916624869945495,
            0.043767286347915935,
            0.16537345428587275,
            0.4611418917671306,
            0.15160864449433598,
            0.11062638323805235,
            0.09886913636578498,
            0.9041439993844602,
            0.004876233526186713,
            0.45223957053603137,
            0.16445297589925606,
            0.21989718747230302,
            0.07851474302200201,
            0.05484814478507549,
            0.013273839456070358,
            0.17780567314960843,
            0.40768409633287706,
            0.15861156218103417,
            0.018998312556409547,
            0.029330860545375315,
            0.13602990917806873,
            0.016013115186370663,
            0.99106314135634,
            0.09000534129130616,
            0.8970668069309577,
            0.26922239062220976,
            0.6451626596576518,
            0.07383429695299082,
            0.7871151084311254,
            0.0972986619010025,
            0.6577321159624241,
            0.011378448852078837,
            0.0336800535112699,
            0.08783808201611493
        ],
        "recall_drift_rate": [
            0.6164142941440978,
            0.7379363113931465,
            0.48869609889344745,
            0.9477370105964883,
            0.18963955177903447,
            0.5220079990890044,
            0.501205770781856,
            0.5757560048652154,
            0.29407590502509817,
            0.7362115801483656,
            0.7608640781135478,
            0.5558704546827505,
            0.4081570164176071,
            0.9848982555487036,
            0.47216646992500816,
            0.6245629930515268,
            0.6562899433610051,
            0.40273903974122366,
            0.9762280169507889,
            0.9665498045541888,
            0.9960605097425785,
            0.7073277737849608,
            0.7153480004956042,
            0.9099482422467087,
            0.9782021583001224,
            0.762959437393021,
            0.6864957089218552,
            0.470645478129608,
            0.8630858343006966,
            0.8327430119108874,
            0.934943074013824,
            0.9515444101495945,
            0.4937144417558119,
            0.9015347237369677,
            0.14657458525152411,
            0.6402454966457589,
            0.3443151646836553,
            0.6738434124111685
        ],
        "shared_support": [
            89.15788997286174,
            53.68831081455021,
            54.48639672713601,
            39.64280144171707,
            52.444833457998264,
            14.727624036826576,
            59.96475791866666,
            96.85099033758729,
            83.49187656294615,
            33.488771997765696,
            99.97184677903553,
            37.21988615173555,
            92.69442261028999,
            48.541308526494255,
            57.53032780349873,
            56.97559948179408,
            90.09252213747769,
            67.11663584530211,
            89.11331380237525,
            99.5454240111865,
            78.6027412010001,
            67.39425605953559,
            68.57826646433685,
            90.13642203597452,
            82.0437286608083,
            39.90047764312578,
            52.64065450621036,
            95.9461265564114,
            86.6494517388683,
            76.53289481750888,
            35.62765123702127,
            20.36583048511905,
            87.44930346752142,
            85.20444754909005,
            99.53186085610784,
            44.16595758378672,
            57.57041444390747,
            97.13549182476984
        ],