{
    "fixed": {
        "allow_repeated_recalls": 0.0,
        "learn_after_context_update": 0.0
    },
    "free": {
        "encoding_drift_rate": [
            2.220446049250313e-16,
            0.9999999999999998
        ],
        "start_drift_rate": [
            2.220446049250313e-16,
            0.9999999999999998
        ],
        "recall_drift_rate": [
            2.220446049250313e-16,
            0.9999999999999998
        ],
        "shared_support": [
            2.220446049250313e-16,
            100.0
        ],
        "item_support": [
            2.220446049250313e-16,
            100.0
        ],
        "learning_rate": [
            2.220446049250313e-16,
            0.9999999999999998
        ],
        "primacy_scale": [
            2.220446049250313e-16,
            100.0
        ],
        "primacy_decay": [
            2.220446049250313e-16,
            100.0
        ],
        "choice_sensitivity": [
            2.220446049250313e-16,
            100.0
        ]
    },
    "fitness": [
        131.2279510498047,
        118.97443389892578,
        118.97443389892578,
        143.48146057128906,
        130.53480529785156,
        118.97443389892578,
        131.2279510498047,
        118.97443389892578,
        118.97443389892578,
        143.48146057128906,
        130.12933349609375,
        143.48146057128906,
        143.48146057128906,
        131.2279510498047,
        118.97443389892578,
        131.2279510498047,
        118.97443389892578,
        118.97443389892578,
        118.97443389892578,
        131.2279510498047,
        118.97443389892578,
        131.2279510498047,
        143.48146057128906,
        130.53480529785156,
        118.97443389892578,
        118.97443389892578,
        118.97443389892578,
        118.97443389892578,
        118.97443389892578,
        118.97443389892578,
        131.2279510498047,
        118.97443389892578,
        130.53480529785156,
        130.53480529785156,
        130.53480529785156,
        131.2279510498047,
        118.28128814697266,
        118.97443389892578
    ],
    "fits": {
        "encoding_drift_rate": [
            0.3625114524801972,
            0.8667545646048367,
            0.7280781665085607,
            0.7903311100404243,
            0.17910024161191568,
            0.7057832009134343,
            0.9409131136453653,
            0.6925366388062577,
            0.466833111912409,
            0.8448989034037897,
            0.5088798610169666,
            0.775148110186303,
            0.8232754748282181,
            0.2276526656349428,
            0.8587760193178473,
            0.24559579549705146,
            0.5165218722208708,
            0.3706891318776629,
            0.3006434164240229,
            0.1636538900700792,
            0.1283747376774838,
            0.028367683722196557,
            0.505126948267553,
            0.5775627561970997,
            0.1443936743008844,
            0.7859924203322807,
            0.5849515184188996,
            0.48673034603642995,
            0.4771532102609058,
            0.08794660829597345,
            0.5762977643826671,
            0.6669968743375141,
            0.7886049304411135,
            0.09000041115869778,
            0.9663451037842394,
            0.524972256337228,
            0.5704939420957623,
            0.3712587153045644
        ],
        "start_drift_rate": [
            0.18445661414292708,
            0.4585679951918321,
            0.2275279938272367,
            0.5111821050635001,
            0.29842526360411614,
            0.6000256823907316,
            0.20722516302175448,
            0.05858751281443175,
            0.8238941237640209,
            0.6218360447327991,
            0.03423011960790634,
            0.5274161361579517,
            0.8331289357815401,
            0.48561590968725643,
            0.2998767084707862,
            0.6909518590406881,
            0.8029729569141657,
            0.5520597604320322,
            0.29968009216809954,
            0.9072021406223494,
            0.6013724215407636,
            0.3960520151996175,
            0.2861318429199726,
            0.38410384994447483,
            0.7373117724852054,
            0.25118066020991975,
            0.39178589980502915,
            0.624990299574417,
            0.6181883695495376,
            0.5079528125313846,
            0.6180345287286138,
            0.8519139904033612,
            0.10672632195323295,
            0.20627939509594106,
            0.40166254475471375,
            0.6292713025169645,
            0.8197170103216183,
            0.4728007694725637
        ],
        "recall_drift_rate": [
            0.12767044354270946,
            0.946903918097031,
            0.9872494701952942,
            0.5943931110654734,
            0.2525242467491059,
            0.7075368671295286,
            0.5629534973448774,
            0.4724815094020914,
            0.836679106270924,
            0.41230698233131846,
            0.06339290787461965,
            0.19151371990323074,
            0.5872586143356822,
            0.33767738755937904,
            0.2440608406475992,
            0.4468188156636908,
            0.49984959554722486,
            0.18759984298649007,
            0.26117154054542435,
            0.9634291555594593,
            0.12608663020688943,
            0.8109750551278292,
            0.3266603397744795,
            0.37874566851624364,
            0.2514151789603092,
            0.7101531686377878,
            0.6936897503365602,
            0.9237444836469828,
            0.5378502417358253,
            0.2799223903847137,
            0.8416483066259628,
            0.9766140069219413,
            0.021854113709361633,
            0.9961254149170101,
            0.060368099714538104,
            0.6687339804395913,
            0.5329356454083394,
            0.41736975542153437
        ],
        "shared_support": [
            38.19491829362186,
            28.816365140263994,
            39.487484371168414,
            92.41430166002367,
            4.040865779380198,
            48.60581948900907,
            49.25936776821032,
            50.82431511564791,
            19.53192524712516,
            92.30448873840666,
            74.75272638986378,
            43.34682607860333,
            50.76796805040067,
            32.918595610886626,
            79.5023874313219,
            56.76503409473709,
            58.262347538126924,
            31.70884462783684,
            30.766525626422908,
            54.81294935249643,
            4.088398922437243,
            32.623473967613904,
            95.84540588955235,
            63.77529240079897,
            63.95624053123482,
            9.113083799544128,
            31.61959722434461,
            94.44010026459088,
            27.419701518319894,
            72.81695409311625,
            96.06480922542362,
            13.216329649058281,
            66.88229864597082,
            57.835827045221066,
            99.67615117952192,
            92.72143617753116,
            50.939057695696924,
            92.95134922053037
        ],