{
    "fixed": {
        "allow_repeated_recalls": 0.0,
        "learn_after_context_update": 0.0
    },
    "free": {
        "encoding_drift_rate": [
            2.220446049250313e-16,
            0.9999999999999998
        ],
        "start_drift_rate": [
            2.220446049250313e-16,
            0.9999999999999998
        ],
        "recall_drift_rate": [
            2.220446049250313e-16,
            0.9999999999999998
        ],
        "shared_support": [
            2.220446049250313e-16,
            100.0
        ],
        "item_support": [
            2.220446049250313e-16,
            100.0
        ],
        "learning_rate": [
            2.220446049250313e-16,
            0.9999999999999998
        ],
        "primacy_scale": [
            2.220446049250313e-16,
            100.0
        ],
        "primacy_decay": [
            2.220446049250313e-16,
            100.0
        ],
        "choice_sensitivity": [
            2.220446049250313e-16,
            100.0
        ],
        "emotion_scale": [
            2.220446049250313e-16,
            10.0
        ]
    },
    "fitness": [
        0.03715110570192337,
        0.034762561321258545,
        0.04499099776148796,
        0.034283578395843506,
        0.04986029490828514,
        0.05147135257720947,
        0.03778087720274925,
        0.039144404232501984,
        0.07765708863735199,
        0.04137447103857994,
        0.04323040693998337,
        0.0336085706949234,
        0.043532416224479675,
        0.03626949340105057,
        0.0263091791421175,
        0.053642697632312775,
        0.04381456971168518,
        0.0299949012696743,
        0.06752050668001175,
        0.0518311969935894,
        0.08900561183691025,
        0.051393330097198486,
        0.02300584316253662,
        0.03321082890033722,
        0.05220528692007065,
        0.08141309022903442,
        0.033208444714546204,
        0.039504799991846085,
        0.03758561238646507,
        0.020924238488078117,
        0.04335176199674606,
        0.023206472396850586,
        0.03259184956550598,
        0.060138553380966187,
        0.02336946129798889,
        0.05976380035281181,
        0.030655818060040474,
        0.0619942843914032
    ],
    "fits": {
        "encoding_drift_rate": [
            0.9877106078107357,
            0.6089731689146799,
            0.8820672689553279,
            0.6919339950135884,
            0.5977265167241291,
            0.5391572759758342,
            0.6263656417269095,
            0.5895542355292097,
            0.7103756028983758,
            0.9686802596254884,
            0.9224526250535348,
            0.33433464672675794,
            0.5092203778325466,
            0.44620700836421834,
            0.9592067156752699,
            0.9038086836196912,
            0.9376235705553662,
            0.5672903947466285,
            0.8737794571697288,
            0.5110779590381604,
            0.3724227015426337,
            0.5876917623914252,
            0.6777684866047903,
            0.562831571371104,
            0.9081295820576938,
            0.6921272229742408,
            0.5874692472865688,
            0.8715647764056733,
            0.3686401496174036,
            0.8147924962237572,
            0.7589966443683454,
            0.5394234794883755,
            0.8739509390515965,
            0.9628327902784458,
            0.85796405182971,
            0.6296783496595957,
            0.7265611686127982,
            0.7705709332329168
        ],
        "start_drift_rate": [
            0.4569584489693704,
            0.3976941917871427,
            0.39424337372719154,
            0.9293587128938097,
            0.45863825474943254,
            0.8389110093856729,
            0.26197593217795095,
            0.1793441884319299,
            0.2700401617893358,
            0.7632290924488446,
            0.046776963796971494,
            0.5747148205453445,
            0.10349650165520413,
            0.01363854254042407,
            0.01369394254359857,
            0.6347715843402235,
            0.440217181911729,
            0.11518868912875119,
            0.4607828221114572,
            0.8751878928815018,
            0.3290394983409908,
            0.6242039827582522,
            0.15745174208441154,
            0.873321062886701,
            0.10140985989644408,
            0.33877855175220617,
            0.9941107977238396,
            0.07782306117539045,
            0.5531754402563369,
            0.21486744723149132,
            0.6179472483881436,
            0.04749168430297118,
            0.3483623384026383,
            0.717414878712257,
            0.83639387282588,
            0.007172259748318921,
            0.031194393237515827,
            0.06919804729432755
        ],
        "recall_drift_rate": [
            0.5061249461612038,
            0.8569352053312616,
            0.5221439900675102,
            0.08948261949049024,
            0.13377125119389577,
            0.7473503988508993,
            0.5234234933788422,
            0.5632689358402201,
            0.2199588738669701,
            0.6084505536116147,
            0.7614726038204226,
            0.6205901097479032,
            0.029810084124918534,
            0.24456852010219043,
            0.5689518116525876,
            0.6208473056834123,
            0.7969581679348905,
            0.32840169365718996,
            0.8976767853885397,
            0.9460360949786916,
            0.7550133098069776,
            0.9985007631434607,
            0.4877527949991776,
            0.8010225832130132,
            0.9794953714672142,
            0.7327929854288943,
            0.6242685766981184,
            0.6854635637359967,
            0.3268186832963298,
            0.8536182708731461,
            0.8313214032824912,
            0.9706515827522235,
            0.9507191873448501,
            0.5230882713713321,
            0.2659587027561361,
            0.3043474728026768,
            0.29103244489697566,
            0.6273861325514734
        ],
        "shared_support": [
            69.24046128140826,
            29.674916614259605,
            82.97324251229895,
            88.31094034096485,
            33.34023387166667,
            65.88178960101193,
            37.39950897995472,
            85.42486875897023,
            87.05890281753489,
            76.22038730290845,
            97.52350641477238,
            39.81908672554502,
            59.942255561166576,
            82.25704360042087,
            49.27245079464434,
            92.78642034750486,
            87.2599486950444,
            90.06480664201445,
            80.67269249252702,
            61.26245109553902,
            0.12734211619036273,
            49.66087818201627,
            68.33918798481284,
            28.360507503618898,
            86.75132740663513,
            40.61691743814696,
            57.709708064647,
            53.14707387668294,
            28.10296711659242,
            68.56170608335518,
            38.58272649496762,
            44.5606866968753,
            92.80906604831083,
            50.83977590235419,
            22.75700005625753,
            71.62925078745297,
            45.45924197173629,
            71.29972363200379
        ],