{
    "fixed": {
        "allow_repeated_recalls": 0.0,
        "learn_after_context_update": 0.0
    },
    "free": {
        "encoding_drift_rate": [
            2.220446049250313e-16,
            0.9999999999999998
        ],
        "start_drift_rate": [
            2.220446049250313e-16,
            0.9999999999999998
        ],
        "recall_drift_rate": [
            2.220446049250313e-16,
            0.9999999999999998
        ],
        "shared_support": [
            2.220446049250313e-16,
            100.0
        ],
        "item_support": [
            2.220446049250313e-16,
            100.0
        ],
        "learning_rate": [
            2.220446049250313e-16,
            0.9999999999999998
        ],
        "primacy_scale": [
            2.220446049250313e-16,
            100.0
        ],
        "primacy_decay": [
            2.220446049250313e-16,
            100.0
        ],
        "choice_sensitivity": [
            2.220446049250313e-16,
            100.0
        ]
    },
    "fitness": [
        108.7766342163086,
        120.80699920654297,
        120.80699920654297,
        120.80699920654297,
        120.80699920654297,
        120.11386108398438,
        120.8070068359375,
        120.80699920654297,
        108.7766342163086,
        120.80699920654297
    ],
    "fits": {
        "encoding_drift_rate": [
            0.7163547305286299,
            0.5342270159613678,
            0.5292621685748359,
            0.7515340612980475,
            0.10290076072033422,
            0.45987352153143785,
            0.01760346601558982,
            0.8111516653760393,
            0.26490369856765533,
            0.6088740407231182
        ],
        "start_drift_rate": [
            0.14045414173429682,
            0.14873535420151407,
            0.30003663636956723,
            0.02614696558315388,
            0.09041480625624715,
            0.8646329212580124,
            0.9042374698613456,
            0.07796245355646242,
            0.7507999227960547,
            0.9165752323481275
        ],
        "recall_drift_rate": [
            0.3398569240548166,
            0.30569992484851216,
            0.5987886948071305,
            0.698060375597525,
            0.19936082230422802,
            0.5587202600751697,
            0.5380658978859284,
            0.3737947266063653,
            0.37583930967153806,
            0.0017457263554240265
        ],
        "shared_support": [
            33.29455611404552,
            91.35967846531577,
            47.67609817029178,
            67.23552451746895,
            45.63891585323924,
            83.39123805560129,
            27.822797917829647,
            86.64733652464928,
            52.259060198745374,
            45.36532484173919
        ],
        "item_support": [
            24.40707119677362,
            45.106462135949194,
            78.99444177665814,
            70.74742444906312,
            81.0041935488957,
            10.141693998878601,
            66.33451628859325,
            44.27870982197357,
            13.264683635637972,
            44.15389278253345
        ],
        "learning_rate": [
            0.6940685404632632,
            0.4810217847087269,
            0.5284564857602434,
            0.20512437452625087,
            0.7068743384022095,
            0.9781049746654997,
            0.529027501907847,
            0.1856245224079181,
            0.25068311747406197,
            0.7189321206747008
        ],
        "primacy_scale": [
            50.84753066888336,
            9.943487208772183,
            38.82826911857267,
            40.51415308118283,
            9.942399175585578,
            14.695186331041569,
            32.40720902375064,
            91.56436940312224,
            6.665044810860245,
            18.498997743270163
        ],
        "primacy_decay": [
            50.9683646114617,
            57.616373739522686,
            53.54565580008539,
            70.84852234780729,
            56.57560836122584,
            99.67828194152327,
            33.09974360827012,
            36.664436952412956,
            54.81176825860299,
            9.349226845534083
        ],
        "choice_sensitivity": [
            47.69348444198936,
            84.84306559164725,
            81.77607163496057,
            77.02403276340567,
            88.08053454925383,
            82.8041976167039,
            47.145399547735764,
            8.166494109958549,
            63.755115079929894,
            63.093963979969956
        ],
        "allow_repeated_recalls": [
            0.0,
            0.0,
            0.0,
            0.0,
            0.0,
            0.0,
            0.0,
            0.0,
            0.0,
            0.0
        ],
        "learn_after_context_update": [
            0.0,
            0.0,
            0.0,
            0.0,
            0.0,
            0.0,
            0.0,
            0.0,
            0.0,
            0.0
        ],
        "subject": [
            202,
            203,
            204,
            205,
            206,
            207,
            210,
            211,
            212,
            213
        ]
    },
    "hyperparameters": {
        "bounds": {
            "encoding_drift_rate": [
                2.220446049250313e-16,
                0.9999999999999998
            ],
            "start_drift_rate": [
                2.220446049250313e-16,
                0.9999999999999998
            ],
            "recall_drift_rate": [
                2.220446049250313e-16,
                0.9999999999999998
            ],
            "shared_support": [
                2.220446049250313e-16,
                100.0
            ],
            "item_support": [
                2.220446049250313e-16,
                100.0
            ],
            "learning_rate": [
                2.220446049250313e-16,
                0.9999999999999998
            ],
            "primacy_scale": [
                2.220446049250313e-16,
                100.0
            ],
            "primacy_decay": [
                2.220446049250313e-16,
                100.0
            ],
            "choice_sensitivity": [
                2.220446049250313e-16,
                100.0
            ]
        },
        "num_steps": 1000,
        "pop_size": 15,
        "relative_tolerance": 0.001,
        "cross_over_rate": 0.9,
        "diff_w": 0.85,
        "best_of": 3
    },
    "fit_time": 991.7380250829738,
    "run_tag": "fixed_term_best_of_3_nsubs_10",
    "data_tag": "TalmiEEG",
    "data_query": "data['subject'] > 0",
    "model": "CompareSimWeirdCMRNoStop",
    "name": "TalmiEEG_CompareSimWeirdCMRNoStop_fixed_term_best_of_3_nsubs_10",
    "components": {
        "mfc_create_fn": "jaxcmr.components.linear_memory.init_mfc",
        "mcf_create_fn": "jaxcmr.components.linear_memory.init_mcf",
        "context_create_fn": "jaxcmr.components.context.init",
        "termination_policy_create_fn": "jaxcmr.components.termination.NoStopTermination"
    },
    "fit_algorithm": "jaxcmr.fitting.ScipyDE",
    "loss_function": "jaxcmr.compare_simulation_loss.MemorySearchLikelihoodFnGenerator",
    "model_factory": "jaxcmr.models.cmr.make_factory",
    "embedding_path": "",
    "emotion_feature_path": "",
    "feature_column": "6",
    "concat_features": "False"
}