{
    "fixed": {
        "allow_repeated_recalls": 0.0,
        "learn_after_context_update": 0.0,
        "modulate_emotion_by_primacy": 0.0
    },
    "free": {
        "encoding_drift_rate": [
            2.220446049250313e-16,
            0.9999999999999998
        ],
        "start_drift_rate": [
            2.220446049250313e-16,
            0.9999999999999998
        ],
        "recall_drift_rate": [
            2.220446049250313e-16,
            0.9999999999999998
        ],
        "shared_support": [
            2.220446049250313e-16,
            100.0
        ],
        "item_support": [
            2.220446049250313e-16,
            100.0
        ],
        "learning_rate": [
            2.220446049250313e-16,
            0.9999999999999998
        ],
        "primacy_scale": [
            2.220446049250313e-16,
            100.0
        ],
        "primacy_decay": [
            2.220446049250313e-16,
            100.0
        ],
        "choice_sensitivity": [
            2.220446049250313e-16,
            100.0
        ],
        "emotion_scale": [
            2.220446049250313e-16,
            10.0
        ]
    },
    "fitness": [
        118.97443389892578,
        131.2279510498047,
        118.97443389892578,
        104.64148712158203,
        118.97443389892578,
        118.97443389892578,
        129.61851501464844,
        118.28128814697266,
        118.97443389892578,
        131.2279510498047,
        118.28128814697266,
        118.97443389892578,
        143.48146057128906,
        131.2279510498047,
        129.61851501464844,
        131.2279510498047,
        118.97443389892578,
        117.58814239501953,
        143.48146057128906,
        131.2279510498047,
        130.12933349609375,
        118.97443389892578,
        118.28128814697266,
        118.28128814697266,
        118.97443389892578,
        118.97443389892578,
        130.53480529785156,
        130.53480529785156,
        131.2279510498047,
        117.87582397460938,
        118.97443389892578,
        118.28128814697266,
        106.02777862548828,
        91.0016860961914,
        117.58814239501953,
        106.7209243774414,
        131.2279510498047,
        92.6756591796875
    ],
    "fits": {
        "encoding_drift_rate": [
            0.35591049006137776,
            0.29079581001711274,
            0.8771092019796625,
            0.9372594311661078,
            0.7711682808620284,
            0.3112494081021858,
            0.7916728415893273,
            0.49533092044894317,
            0.4023895353668524,
            0.3469006746440525,
            0.3005146734908022,
            0.34647708400790284,
            0.3163546103309425,
            0.36464767383997065,
            0.19827217392112462,
            0.5970236420912494,
            0.22240480835152499,
            0.23173045489478983,
            0.3539764060804805,
            0.7984172200104745,
            0.8033166816991769,
            0.7383443217873453,
            0.45579004517934096,
            0.7797111174849919,
            0.34604787139995213,
            0.8012414167277518,
            0.2564980505232995,
            0.7699751308444408,
            0.8915749640704294,
            0.4142037904782762,
            0.4755682093764536,
            0.6451963162244614,
            0.7093388666661434,
            0.43830619674045157,
            0.9849776976661482,
            0.6232102288098711,
            0.91864084106107,
            0.7121778109985263
        ],
        "start_drift_rate": [
            0.6182849356790214,
            0.2020897330728605,
            0.10011209797665793,
            0.005790644614781071,
            0.0707055099919977,
            0.15844363827461266,
            0.7820824885743526,
            0.665040559156711,
            0.2283433462033323,
            0.5120285223319712,
            0.610956413122743,
            0.32870196387546247,
            0.23389681418379316,
            0.4464592749591062,
            0.7789982324895453,
            0.33736611248996884,
            0.9954862213538377,
            0.5130048964034013,
            0.03025646933475018,
            0.6336617764604724,
            0.14956533816499135,
            0.7319860957490261,
            0.8047530917178812,
            0.5615737325398417,
            0.209499741042674,
            0.3726566690253101,
            0.9836605916988806,
            0.753266193602932,
            0.9323714736284554,
            0.21463736135149886,
            0.8656891510514377,
            0.8157470473117638,
            0.007721947734857348,
            0.06128936836356713,
            0.003960341258295641,
            0.9383470493078645,
            0.8460924151266283,
            0.0013583740447527526
        ],
        "recall_drift_rate": [
            0.7787556180048691,
            0.4069885044313179,
            0.03778999003358363,
            0.010861943842085109,
            0.5220136794581786,
            0.33493535004533204,
            0.03216666486638187,
            0.0870345778141477,
            0.4420899472218689,
            0.5188167051602594,
            0.1383702686041492,
            0.975797339431958,
            0.959544470976465,
            0.15561208371056,
            0.3637464157623629,
            0.15117040270248877,
            0.6034068667964508,
            0.1664343377725313,
            0.736443093972207,
            0.8106707917495093,
            0.4080736830429912,
            0.40707979833417934,
            0.24249335687988838,
            0.5296937541207758,
            0.3776942690163054,
            0.9839762336701451,
            0.6742157786178449,
            0.6421912376020864,
            0.15202008720490984,
            0.7710619734799175,
            0.8182502566671519,
            0.8789405401555255,
            0.8766788983635796,
            0.9451307811754425,
            0.24031742949672913,
            0.3044175424840453,
            0.6706766627643426,
            0.9556409220251022
        ],
        "shared_support": [
            46.67919627422904,
            59.35812884708219,
            57.75912851110399,
            18.652934711451874,
            92.59961981781703,
            78.75587011791433,
            48.08410077636945,
            54.954868398198,
            82.24375644196212,
            35.015942828726516,
            7.893662497718381,
            72.12428316834652,
            31.656621914972167,
            51.261347755047495,
            24.555415614103204,
            65.96438340424714,
            69.56227623547225,
            20.691232700773387,
            89.09720915788577,
            68.87181605998798,
            19.570081686093545,
            83.74070442307864,
            48.96763551591313,
            26.93678439107472,
            29.06518294642887,
            19.55623675316246,
            84.5377477260401,
            79.24268954839056,
            99.25146677283408,
            38.862067305042395,
            90.23685368217537,
            86.8152005177892,
            19.40620375169872,
            35.433373610263345,
            42.63662986797717,
            83.4922948298919,
            81.1514971984633,
            62.717663596188146
        ],