{
    "fixed": {
        "allow_repeated_recalls": 0.0,
        "learn_after_context_update": 0.0
    },
    "free": {
        "encoding_drift_rate": [
            2.220446049250313e-16,
            0.9999999999999998
        ],
        "start_drift_rate": [
            2.220446049250313e-16,
            0.9999999999999998
        ],
        "recall_drift_rate": [
            2.220446049250313e-16,
            0.9999999999999998
        ],
        "shared_support": [
            2.220446049250313e-16,
            100.0
        ],
        "item_support": [
            2.220446049250313e-16,
            100.0
        ],
        "learning_rate": [
            2.220446049250313e-16,
            0.9999999999999998
        ],
        "primacy_scale": [
            2.220446049250313e-16,
            100.0
        ],
        "primacy_decay": [
            2.220446049250313e-16,
            100.0
        ],
        "choice_sensitivity": [
            2.220446049250313e-16,
            100.0
        ]
    },
    "fitness": [
        0.00738271651789546,
        0.0038148146122694016,
        0.008481481112539768,
        0.008851852267980576,
        0.004888888914138079,
        0.008654321543872356,
        0.011098764836788177,
        0.019209876656532288,
        0.011518518440425396,
        0.01738271676003933
    ],
    "fits": {
        "encoding_drift_rate": [
            0.0739330082179554,
            0.3715449646380636,
            0.668656718501863,
            0.7497549318293681,
            0.6911518177476914,
            0.3499640883759217,
            0.573093628116181,
            0.7837050124625792,
            0.7073579888623648,
            0.43584941592552107
        ],
        "start_drift_rate": [
            0.7131780392241912,
            0.711321841087358,
            0.03161039063113946,
            0.21201070961313495,
            0.9210607214284781,
            0.06311216862030733,
            0.9500076881812818,
            0.02726050069651087,
            0.5441695332170958,
            0.2918994153028327
        ],
        "recall_drift_rate": [
            0.8935737309175804,
            0.397842701994119,
            0.33858033652736297,
            0.34626550924933325,
            0.9902655418537175,
            0.8709541425487832,
            0.644164208882364,
            0.9997095436309275,
            0.6688408247820503,
            0.9465056688590979
        ],
        "shared_support": [
            6.5281844444947765,
            8.336046349137213,
            95.84069753446198,
            44.49160284601925,
            47.45520033194851,
            61.78339321032746,
            2.173875752546067,
            42.847540713569586,
            34.322538102233345,
            36.547550093891836
        ],
        "item_support": [
            5.6096512857824266,
            86.66422279312782,
            10.365843847653856,
            21.003946168990367,
            75.30839812903554,
            77.52165865549716,
            51.353273049446216,
            5.891466519944451,
            92.4077714403237,
            97.15744913155348
        ],
        "learning_rate": [
            0.9221301436373843,
            0.9530829662126994,
            0.5451258869477941,
            0.949004888620594,
            0.7167777984189874,
            0.25606330636099184,
            0.33456431235958284,
            0.048592069905953994,
            0.8118146053857945,
            0.6585128937716054
        ],
        "primacy_scale": [
            81.14850231959122,
            10.540145461889942,
            4.964034260101911,
            2.5864337500142796,
            7.296765539108357,
            68.11804428157569,
            2.46181797279106,
            23.518411145366326,
            17.16991506642581,
            2.9175288169279554
        ],
        "primacy_decay": [
            56.72660713127093,
            68.3312960120036,
            16.921644821776482,
            4.979373555692405,
            64.65158310900382,
            10.182045309629665,
            82.07083368352804,
            88.36184272230838,
            20.393484834121033,
            20.63705168023176
        ],
        "choice_sensitivity": [
            33.22279498144748,
            38.20419587731806,
            83.27669276220219,
            68.92688521582369,
            49.54701365559498,
            88.97754103072117,
            6.522655025750815,
            17.766450462842542,
            19.110030800780294,
            79.05312685259162
        ],
        "allow_repeated_recalls": [
            0.0,
            0.0,
            0.0,
            0.0,
            0.0,
            0.0,
            0.0,
            0.0,
            0.0,
            0.0
        ],
        "learn_after_context_update": [
            0.0,
            0.0,
            0.0,
            0.0,
            0.0,
            0.0,
            0.0,
            0.0,
            0.0,
            0.0
        ],
        "subject": [
            202,
            203,
            204,
            205,
            206,
            207,
            210,
            211,
            212,
            213
        ]
    },
    "hyperparameters": {
        "bounds": {
            "encoding_drift_rate": [
                2.220446049250313e-16,
                0.9999999999999998
            ],
            "start_drift_rate": [
                2.220446049250313e-16,
                0.9999999999999998
            ],
            "recall_drift_rate": [
                2.220446049250313e-16,
                0.9999999999999998
            ],
            "shared_support": [
                2.220446049250313e-16,
                100.0
            ],
            "item_support": [
                2.220446049250313e-16,
                100.0
            ],
            "learning_rate": [
                2.220446049250313e-16,
                0.9999999999999998
            ],
            "primacy_scale": [
                2.220446049250313e-16,
                100.0
            ],
            "primacy_decay": [
                2.220446049250313e-16,
                100.0
            ],
            "choice_sensitivity": [
                2.220446049250313e-16,
                100.0
            ]
        },
        "num_steps": 1000,
        "pop_size": 15,
        "relative_tolerance": 0.001,
        "cross_over_rate": 0.9,
        "diff_w": 0.85,
        "best_of": 3
    },
    "fit_time": 269.17735191702377,
    "run_tag": "fixed_term_best_of_3_nsubs_10",
    "data_tag": "TalmiEEG",
    "data_query": "data['subject'] > 0",
    "model": "SPCMSEWeirdCMRNoStop",
    "name": "TalmiEEG_SPCMSEWeirdCMRNoStop_fixed_term_best_of_3_nsubs_10",
    "components": {
        "mfc_create_fn": "jaxcmr.components.linear_memory.init_mfc",
        "mcf_create_fn": "jaxcmr.components.linear_memory.init_mcf",
        "context_create_fn": "jaxcmr.components.context.init",
        "termination_policy_create_fn": "jaxcmr.components.termination.NoStopTermination"
    },
    "fit_algorithm": "jaxcmr.fitting.ScipyDE",
    "loss_function": "jaxcmr.spc_mse_loss.MemorySearchSpcMseFnGenerator",
    "model_factory": "jaxcmr.models.cmr.make_factory",
    "embedding_path": "",
    "emotion_feature_path": "",
    "feature_column": "6",
    "concat_features": "False"
}