{
    "fixed": {
        "allow_repeated_recalls": 0.0,
        "learn_after_context_update": 0.0
    },
    "free": {
        "encoding_drift_rate": [
            2.220446049250313e-16,
            0.9999999999999998
        ],
        "start_drift_rate": [
            2.220446049250313e-16,
            0.9999999999999998
        ],
        "recall_drift_rate": [
            2.220446049250313e-16,
            0.9999999999999998
        ],
        "shared_support": [
            2.220446049250313e-16,
            100.0
        ],
        "item_support": [
            2.220446049250313e-16,
            100.0
        ],
        "learning_rate": [
            2.220446049250313e-16,
            0.9999999999999998
        ],
        "primacy_scale": [
            2.220446049250313e-16,
            100.0
        ],
        "primacy_decay": [
            2.220446049250313e-16,
            100.0
        ],
        "choice_sensitivity": [
            2.220446049250313e-16,
            100.0
        ]
    },
    "fitness": [
        0.007694445084780455,
        0.0009783949935808778,
        0.0049845683388412,
        0.004154321737587452,
        0.003475308883935213,
        0.004342593252658844,
        0.02221604809165001,
        0.007425928022712469,
        0.013111111707985401,
        0.005302469711750746,
        0.003762346925213933,
        0.0012283952673897147,
        0.010919753462076187,
        0.00902469176799059,
        0.008743825368583202,
        0.00395370414480567,
        0.0065864198841154575,
        0.0015123458579182625,
        0.007623457349836826,
        0.005469135940074921,
        0.007515431847423315,
        0.007709876634180546,
        0.008746915496885777,
        0.012685186229646206,
        0.004691358655691147,
        0.011345679871737957,
        0.0029907410498708487,
        0.00887345802038908,
        0.008253087289631367,
        0.013567902147769928,
        0.003135802922770381,
        0.004558641463518143,
        0.013682099990546703,
        0.009577161632478237,
        0.0075925919227302074,
        0.005518519319593906,
        0.00780864292755723,
        0.01418210007250309
    ],
    "fits": {
        "encoding_drift_rate": [
            0.6420012186273538,
            0.8032181590389108,
            0.8536340471355339,
            0.3938180829007338,
            0.8248418109073585,
            0.4201357368921876,
            0.824555497838988,
            0.5736651003558658,
            0.5330750165895668,
            0.7279209732797972,
            0.25312203857655435,
            0.46558308138286486,
            0.9670159105082632,
            0.7231267883009723,
            0.8114483990370591,
            0.25781813862203,
            0.6925738110854806,
            0.3675744027184586,
            0.3024029462294574,
            0.5729779994578932,
            0.2947183170331238,
            0.6910867065287328,
            0.6732096569957152,
            0.727629906801164,
            0.7311060580130062,
            0.6727476012797076,
            0.8151949726668979,
            0.6494645078919807,
            0.3142066507989726,
            0.7844477278187101,
            0.11171707433007255,
            0.5153678073392767,
            0.9029905236560221,
            0.23962776146950654,
            0.9198163145731766,
            0.9397283853949411,
            0.7336343465589261,
            0.49750557732058454
        ],
        "start_drift_rate": [
            0.029400054821141886,
            0.09547712529393282,
            0.021847098440454182,
            0.1077682586681295,
            0.20062281243882263,
            0.33441050957840723,
            0.8078299697201282,
            0.7309736211563399,
            0.5518076937161273,
            0.3062295545217534,
            0.003298377951993392,
            0.0790878642351992,
            0.21124798369656345,
            0.8986813504115359,
            0.9354905029756899,
            0.517255543835577,
            0.6057965644283557,
            0.9615717323033941,
            0.8156510904952377,
            0.1903313794097794,
            0.0665308459768616,
            0.04562650934203799,
            0.14842357059508865,
            0.004601692627481002,
            0.07120909968927874,
            0.08098326043693571,
            0.5561435295424125,
            0.9746524946457054,
            0.0004068994967152406,
            0.5476918900153686,
            0.9261437882816541,
            0.858265213967337,
            0.06644679427633271,
            0.13450951235516417,
            0.4893523830682782,
            0.0011608161900952818,
            0.0015934501450272087,
            0.009439965392940675
        ],
        "recall_drift_rate": [
            0.7017182279224529,
            0.9733692263662848,
            0.28594195826479973,
            0.7704124570343602,
            0.988291647178291,
            0.977059263852406,
            0.9452281896372272,
            0.46136499475109505,
            0.9547235879641116,
            0.964997296873927,
            0.593304237036837,
            0.6643085210357316,
            0.6320612009976649,
            0.9638768032611338,
            0.625711513383475,
            0.2795629607823966,
            0.6866484537021244,
            0.8920496525908728,
            0.7684366005892388,
            0.7887747478126143,
            0.44923843861196666,
            0.9737976747516061,
            0.9100390332622976,
            0.6014148662119676,
            0.9825764028435049,
            0.5775661667188373,
            0.999653498906167,
            0.9639694966893295,
            0.5622641621796963,
            0.8717765700171805,
            0.9810782139712011,
            0.8998781019781683,
            0.5274952853469086,
            0.9875749057904317,
            0.7751802708322062,
            0.7487096639687477,
            0.35304759905943023,
            0.6654446944550961
        ],
        "shared_support": [
            72.05850096519673,
            60.80102030162369,
            28.46638504874987,
            73.42135670864718,
            87.07704368053066,
            16.669537616336463,
            25.65414241102242,
            34.35722130381305,
            88.60605752454049,
            89.85981652862705,
            96.42402926833493,
            93.85511835714877,
            68.58398376034401,
            99.5101022535107,
            78.7476412901199,
            9.035820346131963,
            89.84106448353874,
            38.73152996872819,
            86.6395258456632,
            73.96000418518572,
            97.63793933689456,
            44.23808449221725,
            71.48444301317268,
            97.9662290524654,
            45.35830710263996,
            85.866664324004,
            39.738072856181574,
            49.599917518081824,
            18.780170335014734,
            19.70899632382063,
            49.961230677055255,
            33.205563943295246,
            51.977767205228766,
            0.17322461860664617,
            63.51367675986713,
            93.81592185706222,
            8.013561379599551,
            17.218726509541696
        ],