{
    "fixed": {
        "allow_repeated_recalls": 0.0,
        "learn_after_context_update": 0.0
    },
    "free": {
        "encoding_drift_rate": [
            2.220446049250313e-16,
            0.9999999999999998
        ],
        "start_drift_rate": [
            2.220446049250313e-16,
            0.9999999999999998
        ],
        "recall_drift_rate": [
            2.220446049250313e-16,
            0.9999999999999998
        ],
        "shared_support": [
            2.220446049250313e-16,
            100.0
        ],
        "item_support": [
            2.220446049250313e-16,
            100.0
        ],
        "learning_rate": [
            2.220446049250313e-16,
            0.9999999999999998
        ],
        "primacy_scale": [
            2.220446049250313e-16,
            100.0
        ],
        "primacy_decay": [
            2.220446049250313e-16,
            100.0
        ],
        "choice_sensitivity": [
            2.220446049250313e-16,
            100.0
        ]
    },
    "fitness": [
        0.03783179074525833,
        0.03810805454850197,
        0.05383119732141495,
        0.0250278078019619,
        0.05454462021589279,
        0.045129504054784775,
        0.03744067624211311,
        0.04063773155212402,
        0.07856176793575287,
        0.04896659776568413,
        0.04162043705582619,
        0.0314156599342823,
        0.04475357010960579,
        0.0247030071914196,
        0.03075648657977581,
        0.05576474592089653,
        0.05180465430021286,
        0.03024306893348694,
        0.0725419670343399,
        0.0518311969935894,
        0.08899786323308945,
        0.05189969018101692,
        0.020243452861905098,
        0.03010432794690132,
        0.05671776086091995,
        0.07966181635856628,
        0.03674856945872307,
        0.030762018635869026,
        0.03885907307267189,
        0.02148907445371151,
        0.04284718632698059,
        0.02502807043492794,
        0.024788662791252136,
        0.06214737147092819,
        0.023782774806022644,
        0.059742700308561325,
        0.030963649973273277,
        0.07230934500694275
    ],
    "fits": {
        "encoding_drift_rate": [
            0.9867045520622951,
            0.7853234268585759,
            0.7690436623143568,
            0.6589692712014816,
            0.6166639057628942,
            0.3962402298979342,
            0.7010320640589257,
            0.6043457285244968,
            0.7065288491245978,
            0.6326005511530852,
            0.6689957860473696,
            0.8422555928487245,
            0.9934619715422278,
            0.9718390820655409,
            0.7601478227644619,
            0.9029709029164148,
            0.7152360218725534,
            0.938446258059058,
            0.39620783565782963,
            0.51238782533278,
            0.692690749915334,
            0.2669039309026711,
            0.9501940839698723,
            0.8695348810544627,
            0.898132756441923,
            0.7149812775680329,
            0.3640251950414968,
            0.8328526789679163,
            0.6365640974636531,
            0.7751136289725641,
            0.36372424571066014,
            0.49071390768520645,
            0.37280349673081653,
            0.8513667369943043,
            0.5466667073268741,
            0.7577518810016023,
            0.7366274879960347,
            0.7021378096459826
        ],
        "start_drift_rate": [
            0.7064099986941874,
            0.1751929076303142,
            0.275380128028051,
            0.2964097052470298,
            0.393102112337121,
            0.04027128586676437,
            0.16494717101822554,
            0.08230296183653008,
            0.3044296167505566,
            0.2743762700187431,
            0.9411753224965559,
            0.9928631088382205,
            0.13745148298836735,
            0.3424495512304304,
            0.07709106581525277,
            0.26119578933934445,
            0.28413923029245913,
            0.2716988249874926,
            0.39678960563773197,
            0.8314677861504014,
            0.05151698128162113,
            0.4401388606126405,
            0.12441865863924823,
            0.11827949212353528,
            0.20569900388434414,
            0.6475028883587193,
            0.32774961360716204,
            0.015919633917924836,
            0.13064298942589114,
            0.338768018869648,
            0.7689843963892198,
            0.08447807331890483,
            0.9081990155462405,
            0.005237657277417929,
            0.8319864181165948,
            0.01568411971955641,
            0.2082387556822181,
            0.28386812031016095
        ],
        "recall_drift_rate": [
            0.5687212694584445,
            0.877737326262376,
            0.3769986566090617,
            0.7104042007994253,
            0.1681756313851147,
            0.8692871222805156,
            0.6615596831808856,
            0.6000714280909174,
            0.20983372991990845,
            0.14085730431328236,
            0.8802052551074373,
            0.9314924068749204,
            0.5295790392031023,
            0.9692756150528866,
            0.3481469198184384,
            0.6295068387243308,
            0.6487284532864857,
            0.48497819265580117,
            0.9824751078568588,
            0.9406965569535682,
            0.8917894965760276,
            0.230021637276431,
            0.9786846872686442,
            0.5451482194693018,
            0.9778055423249821,
            0.7470465673884907,
            0.8453088479053075,
            0.8041044885058541,
            0.7685836367804668,
            0.8209837524207859,
            0.2585910695599207,
            0.9753602009229183,
            0.5730730782145523,
            0.7431206496880702,
            0.1360616155082916,
            0.44091736040399576,
            0.4019393035205227,
            0.2049444994865195
        ],
        "shared_support": [
            79.85056542891276,
            67.24632101859329,
            90.8709664599015,
            22.030820460834015,
            49.440615289482686,
            36.9436136342058,
            34.59919742849946,
            96.78675393714127,
            95.75117670775549,
            94.91023822952535,
            2.001981075724842,
            74.50617591317132,
            98.8764907277785,
            60.675714021234164,
            93.84961935701193,
            42.71817152703005,
            84.43526422699206,
            70.1178885447982,
            11.93857840658842,
            50.47532519187049,
            97.39019520894283,
            14.53087658167378,
            89.61837100587033,
            83.85267087399603,
            79.18530196620986,
            31.158546023953594,
            74.81565294243052,
            7.98977690791417,
            77.15848297921838,
            50.70889284655552,
            49.00405623616292,
            49.5677767281375,
            18.17618929845739,
            98.81085933651306,
            98.315924351978,
            92.58673733595211,
            90.85966160770808,
            38.97578004359486
        ],