{
    "fixed": {
        "allow_repeated_recalls": 0.0,
        "learn_after_context_update": 0.0
    },
    "free": {
        "encoding_drift_rate": [
            2.220446049250313e-16,
            0.9999999999999998
        ],
        "start_drift_rate": [
            2.220446049250313e-16,
            0.9999999999999998
        ],
        "recall_drift_rate": [
            2.220446049250313e-16,
            0.9999999999999998
        ],
        "shared_support": [
            2.220446049250313e-16,
            100.0
        ],
        "item_support": [
            2.220446049250313e-16,
            100.0
        ],
        "learning_rate": [
            2.220446049250313e-16,
            0.9999999999999998
        ],
        "primacy_scale": [
            2.220446049250313e-16,
            100.0
        ],
        "primacy_decay": [
            2.220446049250313e-16,
            100.0
        ],
        "choice_sensitivity": [
            2.220446049250313e-16,
            100.0
        ]
    },
    "fitness": [
        118.97443389892578,
        118.97443389892578
    ],
    "fits": {
        "encoding_drift_rate": [
            0.20392834199196808,
            0.8979553653231918
        ],
        "start_drift_rate": [
            0.19240527096974613,
            0.436740884142396
        ],
        "recall_drift_rate": [
            0.06711125608818708,
            0.9589422621432901
        ],
        "shared_support": [
            60.600513091359474,
            25.46284917303269
        ],
        "item_support": [
            90.45430282167027,
            1.7194085247843063
        ],
        "learning_rate": [
            0.45345468312478926,
            0.4639256374387747
        ],
        "primacy_scale": [
            12.357331704774552,
            16.940429655499337
        ],
        "primacy_decay": [
            8.477423163679795,
            83.28639424769173
        ],
        "choice_sensitivity": [
            76.05697593845666,
            64.23674313895637
        ],
        "allow_repeated_recalls": [
            0.0,
            0.0
        ],
        "learn_after_context_update": [
            0.0,
            0.0
        ],
        "subject": [
            202,
            203
        ]
    },
    "hyperparameters": {
        "bounds": {
            "encoding_drift_rate": [
                2.220446049250313e-16,
                0.9999999999999998
            ],
            "start_drift_rate": [
                2.220446049250313e-16,
                0.9999999999999998
            ],
            "recall_drift_rate": [
                2.220446049250313e-16,
                0.9999999999999998
            ],
            "shared_support": [
                2.220446049250313e-16,
                100.0
            ],
            "item_support": [
                2.220446049250313e-16,
                100.0
            ],
            "learning_rate": [
                2.220446049250313e-16,
                0.9999999999999998
            ],
            "primacy_scale": [
                2.220446049250313e-16,
                100.0
            ],
            "primacy_decay": [
                2.220446049250313e-16,
                100.0
            ],
            "choice_sensitivity": [
                2.220446049250313e-16,
                100.0
            ]
        },
        "num_steps": 1000,
        "pop_size": 15,
        "relative_tolerance": 0.001,
        "cross_over_rate": 0.9,
        "diff_w": 0.85,
        "best_of": 3
    },
    "fit_time": 88.53959349999786,
    "run_tag": "fixed_term_best_of_3_nsubs_2",
    "data_tag": "TalmiEEG",
    "data_query": "data['subject'] > 0",
    "model": "CompareSimWeirdCMRNoStop",
    "name": "TalmiEEG_CompareSimWeirdCMRNoStop_fixed_term_best_of_3_nsubs_2",
    "components": {
        "mfc_create_fn": "jaxcmr.components.linear_memory.init_mfc",
        "mcf_create_fn": "jaxcmr.components.linear_memory.init_mcf",
        "context_create_fn": "jaxcmr.components.context.init",
        "termination_policy_create_fn": "jaxcmr.components.termination.NoStopTermination"
    },
    "fit_algorithm": "jaxcmr.fitting.ScipyDE",
    "loss_function": "jaxcmr.compare_simulation_loss.MemorySearchLikelihoodFnGenerator",
    "model_factory": "jaxcmr.models.cmr.make_factory",
    "embedding_path": "",
    "emotion_feature_path": "",
    "feature_column": "6",
    "concat_features": "False"
}