{
    "fixed": {
        "allow_repeated_recalls": 0.0,
        "learn_after_context_update": 0.0,
        "modulate_emotion_by_primacy": 0.0
    },
    "free": {
        "encoding_drift_rate": [
            2.220446049250313e-16,
            0.9999999999999998
        ],
        "start_drift_rate": [
            2.220446049250313e-16,
            0.9999999999999998
        ],
        "recall_drift_rate": [
            2.220446049250313e-16,
            0.9999999999999998
        ],
        "shared_support": [
            2.220446049250313e-16,
            100.0
        ],
        "item_support": [
            2.220446049250313e-16,
            100.0
        ],
        "learning_rate": [
            2.220446049250313e-16,
            0.9999999999999998
        ],
        "primacy_scale": [
            2.220446049250313e-16,
            100.0
        ],
        "primacy_decay": [
            2.220446049250313e-16,
            100.0
        ],
        "choice_sensitivity": [
            2.220446049250313e-16,
            100.0
        ],
        "emotion_scale": [
            2.220446049250313e-16,
            10.0
        ]
    },
    "fitness": [
        118.28128814697266,
        131.2279510498047,
        129.43618774414062,
        105.622314453125,
        118.97443389892578,
        118.97443389892578,
        118.97443389892578,
        118.28128814697266,
        118.97443389892578,
        118.97443389892578,
        130.12933349609375,
        131.2279510498047,
        143.48146057128906,
        131.2279510498047,
        129.61851501464844,
        130.53480529785156,
        130.53480529785156,
        106.02777862548828,
        143.48146057128906,
        118.97443389892578,
        118.97443389892578,
        118.97443389892578,
        118.97443389892578,
        118.97443389892578,
        130.53480529785156,
        118.97443389892578,
        131.2279510498047,
        118.97443389892578,
        131.2279510498047,
        106.7209243774414,
        106.7209243774414,
        118.97443389892578,
        118.97443389892578,
        91.69483184814453,
        117.87582397460938,
        118.97443389892578,
        143.48146057128906,
        104.41834259033203
    ],
    "fits": {
        "encoding_drift_rate": [
            0.0830211145835486,
            0.435516127823246,
            0.6486960030407987,
            0.9367175628492843,
            0.6840831596811705,
            0.3368056069924159,
            0.7934417103215273,
            0.32932815315481767,
            0.6462858032661729,
            0.5150679595186068,
            0.49199791921032354,
            0.8662451547355599,
            0.27340321740351053,
            0.5772075780952146,
            0.19780924419419954,
            0.6775221004534594,
            0.5488574200737739,
            0.31961434252699683,
            0.08417431281154014,
            0.5618407715121881,
            0.5724132626859898,
            0.7083291597140337,
            0.54809285554507,
            0.16469536897860532,
            0.40351142268447565,
            0.7628130337036715,
            0.1376235465334213,
            0.1909841871275132,
            0.6954783736179438,
            0.5083232494861979,
            0.6941005548721253,
            0.8340359091911096,
            0.649406394106111,
            0.36065416581365606,
            0.959633364585881,
            0.4720549653575496,
            0.6392023202611257,
            0.708209422450933
        ],
        "start_drift_rate": [
            0.9684982017048598,
            0.21777607840779212,
            0.9477591531583865,
            0.03125837432439732,
            0.004064853246241729,
            0.2778410972667943,
            0.019071845042863633,
            0.806034072660829,
            0.31652912627492114,
            0.6377103554934298,
            0.0986710565019096,
            0.6333051313098363,
            0.35766522444090026,
            0.12917123870350233,
            0.7649077645964769,
            0.03591849227481392,
            0.5028993200491724,
            0.21177882234427087,
            0.04961892647065358,
            0.06572640457784334,
            0.2682670088450698,
            0.8193903262618645,
            0.6015514626917944,
            0.3572090965239229,
            0.24092256713764854,
            0.7185193199621431,
            0.16201201326418452,
            0.29394243357184335,
            0.7533938824901529,
            0.662983968607346,
            0.650540639551811,
            0.9731214050908528,
            0.10887621684236398,
            0.03589613133197411,
            0.8106170736820493,
            0.12894589621904506,
            0.5061474753760076,
            0.47721671459295645
        ],
        "recall_drift_rate": [
            0.4433849897210401,
            0.9767396104429557,
            0.9961545362111803,
            0.09148882252879392,
            0.41641860581106704,
            0.2445846802613918,
            0.22721199136912462,
            0.22544270491084945,
            0.9710125878992291,
            0.7902572133383328,
            0.8201194347514318,
            0.25714769383151226,
            0.39717377958851924,
            0.306771674130756,
            0.36395067905740924,
            0.2158324682473488,
            0.16152540563627577,
            0.5124866115362317,
            0.49547164791306875,
            0.7145643670724473,
            0.990018108016019,
            0.3216169858550578,
            0.9294697317916569,
            0.9234826643211336,
            0.5956278924976184,
            0.939642992270188,
            0.4472036801684594,
            0.03523698473584386,
            0.2227173978103636,
            0.9965809478442629,
            0.6646073082198287,
            0.38370068208209596,
            0.8451296598018563,
            0.8678965350535535,
            0.07284698540704682,
            0.29666413530682423,
            0.7395039515594813,
            0.9245199451081318
        ],
        "shared_support": [
            15.667991395410773,
            16.22020428744017,
            17.05537223665776,
            40.252220018506,
            77.25686175839382,
            71.38184905529471,
            62.43134414417292,
            81.53769075028274,
            96.06572080689305,
            35.328872522470135,
            30.18033450533839,
            59.48187353987291,
            68.57008760415702,
            43.11048907438429,
            29.23971115976324,
            65.72810729025001,
            7.939533776931576,
            62.677230198983445,
            31.0646444336885,
            66.47158508477716,
            68.11996378742734,
            39.043305969006056,
            97.96067373678807,
            12.411275583069383,
            61.99755546563315,
            99.95002879680288,
            42.20701426763807,
            38.90165994410222,
            68.04056343720083,
            98.63388807023301,
            40.906435148246246,
            63.202116252644224,
            66.00888676970803,
            55.27033724230543,
            41.560702184278696,
            82.9826007445383,
            43.214814843726735,
            15.731028978817605
        ],