{
    "fixed": {
        "allow_repeated_recalls": 0.0,
        "learn_after_context_update": 0.0,
        "modulate_emotion_by_primacy": 1.0
    },
    "free": {
        "encoding_drift_rate": [
            2.220446049250313e-16,
            0.9999999999999998
        ],
        "start_drift_rate": [
            2.220446049250313e-16,
            0.9999999999999998
        ],
        "recall_drift_rate": [
            2.220446049250313e-16,
            0.9999999999999998
        ],
        "shared_support": [
            2.220446049250313e-16,
            100.0
        ],
        "item_support": [
            2.220446049250313e-16,
            100.0
        ],
        "learning_rate": [
            2.220446049250313e-16,
            0.9999999999999998
        ],
        "primacy_scale": [
            2.220446049250313e-16,
            100.0
        ],
        "primacy_decay": [
            2.220446049250313e-16,
            100.0
        ],
        "choice_sensitivity": [
            2.220446049250313e-16,
            100.0
        ],
        "emotion_scale": [
            2.220446049250313e-16,
            10.0
        ]
    },
    "fitness": [
        0.03849244862794876,
        0.037845268845558167,
        0.045346491038799286,
        0.030601272359490395,
        0.04705102741718292,
        0.05349668860435486,
        0.04985079914331436,
        0.04006039723753929,
        0.07741928845643997,
        0.04264490678906441,
        0.0465179905295372,
        0.03305507451295853,
        0.0398927703499794,
        0.03873886913061142,
        0.023800045251846313,
        0.05131111294031143,
        0.04401422291994095,
        0.028353223577141762,
        0.06880172342061996,
        0.05447591096162796,
        0.106406569480896,
        0.05369342491030693,
        0.02300584316253662,
        0.03138552978634834,
        0.05270416662096977,
        0.07035665214061737,
        0.03377553075551987,
        0.03927980735898018,
        0.04022445157170296,
        0.02431761845946312,
        0.03897438943386078,
        0.02406829409301281,
        0.033903855830430984,
        0.05879921093583107,
        0.027758177369832993,
        0.06082070991396904,
        0.053901318460702896,
        0.06184350699186325
    ],
    "fits": {
        "encoding_drift_rate": [
            0.9904841901802723,
            0.82115467578789,
            0.8912764973633234,
            0.8871567875419233,
            0.8743780300572277,
            0.09907369452270282,
            0.8734452512987452,
            0.6039888748097344,
            0.4478029128929868,
            0.9032663023991929,
            0.7523558164462258,
            0.6912049842618289,
            0.7075023320812014,
            0.4772699914914008,
            0.8679767227474804,
            0.4176902791424103,
            0.951354437644283,
            0.8790560065894131,
            0.8574930592302941,
            0.8382849387279792,
            0.504073354944779,
            0.6327070962391883,
            0.6609434685862533,
            0.3671612495294863,
            0.8194449877656833,
            0.6575415962182559,
            0.6610301490498997,
            0.831102742411397,
            0.8419880804220585,
            0.7661769076752825,
            0.6054358834173612,
            0.2770452128823948,
            0.817358354645122,
            0.994967575909864,
            0.9001980910042322,
            0.7191984522393774,
            0.9299610651649202,
            0.543308528985597
        ],
        "start_drift_rate": [
            0.6087899592130321,
            0.45234052971069577,
            0.09574533485119058,
            0.44304927835465424,
            0.5513827260356311,
            0.2023002566413289,
            0.9950810100253936,
            0.0008048964687947247,
            0.2807518692370468,
            0.1263894676111113,
            0.5032848796629953,
            0.13543393197141784,
            0.2731360576020889,
            0.8426128122470797,
            0.008143512080951654,
            0.6383971700011077,
            0.39128429490026717,
            0.26783378837242233,
            0.002816484371764738,
            0.07844564066680088,
            0.4071269766017154,
            0.18594187630129722,
            0.2033722105207958,
            0.9611284533280677,
            0.007334268729092486,
            0.11902552238037828,
            0.942997205608462,
            0.00014730307507537788,
            0.664269150288647,
            0.2932582456891182,
            0.3996999407241138,
            0.9409483994839654,
            0.006240878956953633,
            0.025968623975498262,
            0.9546321318704242,
            0.06742279499517445,
            0.1299992471738125,
            0.5161532830562523
        ],
        "recall_drift_rate": [
            0.6729915338898731,
            0.7665634646784334,
            0.5334929575103387,
            0.9655887808961755,
            0.35898873836380496,
            0.5140657061599968,
            0.6762649181422534,
            0.5711944074019965,
            0.10691739038158338,
            0.26157125334298215,
            0.7444977937520719,
            0.9968756380279823,
            0.03957615169680084,
            0.5465274833960154,
            0.4948282504619262,
            0.7645552430939612,
            0.8659589140780326,
            0.5225934548766177,
            0.7613840114264763,
            0.9950629250755796,
            0.8940077418500809,
            0.9260438587923556,
            0.498379636687792,
            0.9940731113336516,
            0.9896749450592237,
            0.37605129163771495,
            0.826825208974391,
            0.6310286471873383,
            0.8264941875017906,
            0.7806161016774492,
            0.7704592406430357,
            0.8892215078661732,
            0.8533391070942948,
            0.5851344345308366,
            0.18348358727198705,
            0.4388849805877806,
            0.04385596642751327,
            0.4888349550098025
        ],
        "shared_support": [
            70.18826709960393,
            29.585300959155937,
            33.275841444589354,
            67.88561133733957,
            99.10253931801401,
            9.155259476960723,
            70.86837720264091,
            87.47328076241858,
            63.492770190665105,
            24.061711690215592,
            45.06330362701267,
            1.8938685585347272,
            66.16661961513896,
            78.07084015337949,
            48.04408543605091,
            6.538504545450053,
            74.71250793931966,
            78.59301376646637,
            81.23278435679339,
            51.10274471658629,
            22.30994515236995,
            11.3420159423286,
            85.92180218100094,
            32.98366441553866,
            97.43917754167894,
            85.95022662279047,
            5.799183203910644,
            32.510754138751764,
            20.17755726915228,
            86.414184253466,
            52.099851163372925,
            92.91793512545944,
            91.83824025561412,
            99.18524757647063,
            26.940064065821666,
            72.53559922639346,
            23.568156041221116,
            50.77776378968567
        ],