{
    "fixed": {
        "allow_repeated_recalls": 0.0,
        "learn_after_context_update": 0.0
    },
    "free": {
        "encoding_drift_rate": [
            2.220446049250313e-16,
            0.9999999999999998
        ],
        "start_drift_rate": [
            2.220446049250313e-16,
            0.9999999999999998
        ],
        "recall_drift_rate": [
            2.220446049250313e-16,
            0.9999999999999998
        ],
        "shared_support": [
            2.220446049250313e-16,
            100.0
        ],
        "item_support": [
            2.220446049250313e-16,
            100.0
        ],
        "learning_rate": [
            2.220446049250313e-16,
            0.9999999999999998
        ],
        "primacy_scale": [
            2.220446049250313e-16,
            100.0
        ],
        "primacy_decay": [
            2.220446049250313e-16,
            100.0
        ],
        "choice_sensitivity": [
            2.220446049250313e-16,
            100.0
        ]
    },
    "fitness": [
        0.0076049380004405975,
        0.004333333112299442,
        0.012641975656151772,
        0.007629630155861378,
        0.005691357888281345,
        0.00943209882825613,
        0.011851850897073746,
        0.018876543268561363,
        0.015407408587634563,
        0.015024691820144653,
        0.003666666569188237,
        0.013703702948987484,
        0.00797530822455883,
        0.00690123438835144,
        0.00808641966432333,
        0.006197531241923571,
        0.002641975414007902,
        0.003913580439984798,
        0.007444445043802261,
        0.005098765250295401,
        0.003456789767369628,
        0.0045308638364076614,
        0.012493828311562538,
        0.0032222222071141005,
        0.009679011069238186,
        0.0063333334401249886,
        0.0032592599745839834,
        0.012592591345310211,
        0.012197530828416348,
        0.00690123438835144,
        0.010469136759638786,
        0.005012345965951681,
        0.005148147698491812,
        0.009580246172845364,
        0.008049382828176022,
        0.00653086369857192,
        0.0048395064659416676,
        0.008160493336617947
    ],
    "fits": {
        "encoding_drift_rate": [
            0.12363348075537683,
            0.3494391283029181,
            0.363568095308951,
            0.7400579522388047,
            0.5603680676126691,
            0.3472965671433463,
            0.6496648919393957,
            0.7192000750533554,
            0.7788409678123422,
            0.5096417573020736,
            0.8323005869158997,
            0.9593286395435437,
            0.5960831830544331,
            0.8580282909552854,
            0.9911681885867397,
            0.40545536685205963,
            0.5284662334278084,
            0.5404808509850285,
            0.8374740522675244,
            0.8328968342652003,
            0.7011587484007511,
            0.5187435747120032,
            0.5337010132708612,
            0.9650439010266881,
            0.6597297903739889,
            0.4564324008298901,
            0.7647229950691798,
            0.9178343714392976,
            0.98172326318062,
            0.515274960765899,
            0.6870380790226567,
            0.3252412955300983,
            0.7616392282446038,
            0.7061297236919581,
            0.5393240325493994,
            0.8738036794368729,
            0.8398508535636369,
            0.994363686108205
        ],
        "start_drift_rate": [
            0.9554369269488265,
            0.3229665258356559,
            0.27779726413658923,
            0.13309007833996317,
            0.0757476050642133,
            0.6297722114172204,
            0.4539802697214357,
            0.0021735627421105574,
            0.3413658706123709,
            0.9751521386348803,
            0.6713670513543162,
            0.012689539233500802,
            0.7836734106031787,
            0.5053976288344239,
            0.008526319759365186,
            0.5061286759415682,
            0.7393656782788276,
            0.37254372518517553,
            0.02430156391551369,
            0.27889522011389206,
            0.9645298494981084,
            0.8123191108364464,
            0.22724286600693855,
            0.403560635059458,
            0.16541062595643652,
            0.14269127110015184,
            0.7271822860447273,
            0.39248252532062705,
            0.02343059575787243,
            0.22377975708012166,
            0.3185019485547298,
            0.6355631370019961,
            0.8837430710239582,
            0.8252025396022418,
            0.7841426227003021,
            0.3706305534258829,
            0.016681433456664896,
            0.03943558413621101
        ],
        "recall_drift_rate": [
            0.7687214307581012,
            0.8767800082449737,
            0.9371296366280291,
            0.3631624549658028,
            0.36120990594881186,
            0.8464879227393729,
            0.4602178814963095,
            0.987704360154288,
            0.8836334490184223,
            0.7843798789673987,
            0.5792733363746967,
            0.6312689249351966,
            0.2097810982490575,
            0.9121993046963421,
            0.5533226030697905,
            0.4613937795332257,
            0.5980339866198718,
            0.5890337930362667,
            0.4150327723548912,
            0.5703198213651681,
            0.9842399709517339,
            0.44657626191161137,
            0.5261732410856044,
            0.984141069384333,
            0.1871000081620226,
            0.8901066499085502,
            0.5585758001562569,
            0.3634661339941525,
            0.8553784945253007,
            0.9378709893719103,
            0.17484741760685302,
            0.22823570024040973,
            0.3799683668427157,
            0.6480930324178951,
            0.6444539051334504,
            0.44240565963684086,
            0.4228326082937546,
            0.8226517034507537
        ],
        "shared_support": [
            3.412670410761102,
            0.5069949036097583,
            25.1902685389608,
            63.526112387077504,
            90.45202514375096,
            39.50269446081421,
            2.9286922428392117,
            72.61257127049672,
            36.91635881458056,
            15.160241518792304,
            63.097087033112096,
            42.39206903340157,
            94.10408555742134,
            2.0001363047259204,
            52.519446654454526,
            25.081308781541225,
            37.01356591344163,
            63.75854158427177,
            46.35805661353455,
            91.54901721802538,
            28.689545705810797,
            9.758419116888483,
            47.60221208213243,
            70.97757630196502,
            56.49928059452382,
            37.66585843581901,
            61.94144221721455,
            41.72168530731285,
            95.09350755788051,
            70.25969177600942,
            37.377558671433704,
            8.535356263898223,
            99.70283076197254,
            43.633818952901876,
            44.850422307165765,
            81.71568743839202,
            87.0977365476073,
            96.19680207526238
        ],