{
    "fixed": {
        "allow_repeated_recalls": 0.0,
        "learn_after_context_update": 0.0
    },
    "free": {
        "encoding_drift_rate": [
            2.220446049250313e-16,
            0.9999999999999998
        ],
        "start_drift_rate": [
            2.220446049250313e-16,
            0.9999999999999998
        ],
        "recall_drift_rate": [
            2.220446049250313e-16,
            0.9999999999999998
        ],
        "shared_support": [
            2.220446049250313e-16,
            100.0
        ],
        "item_support": [
            2.220446049250313e-16,
            100.0
        ],
        "learning_rate": [
            2.220446049250313e-16,
            0.9999999999999998
        ],
        "primacy_scale": [
            2.220446049250313e-16,
            100.0
        ],
        "primacy_decay": [
            2.220446049250313e-16,
            100.0
        ],
        "choice_sensitivity": [
            2.220446049250313e-16,
            100.0
        ],
        "emotion_scale": [
            2.220446049250313e-16,
            10.0
        ]
    },
    "fitness": [
        0.013456790708005428,
        0.0019783952739089727,
        0.00196604966185987,
        0.0033672847785055637,
        0.0024598767049610615,
        0.0022993828170001507,
        0.020487654954195023,
        0.007543210871517658,
        0.013111111707985401,
        0.006157408468425274,
        0.008148150518536568,
        0.0013518522027879953,
        0.011638889089226723,
        0.00768518541008234,
        0.005898147821426392,
        0.004021605476737022,
        0.003990740980952978,
        0.0017746913945302367,
        0.004753087181597948,
        0.007033951580524445,
        0.009129630401730537,
        0.006697531323879957,
        0.010746915824711323,
        0.011614198796451092,
        0.005339506547898054,
        0.010336420498788357,
        0.004123457707464695,
        0.012635803781449795,
        0.008200619369745255,
        0.0129969147965312,
        0.0036080253776162863,
        0.0049444446340203285,
        0.01395987719297409,
        0.009358025155961514,
        0.008302467875182629,
        0.0046820989809930325,
        0.012540124356746674,
        0.014913581311702728
    ],
    "fits": {
        "encoding_drift_rate": [
            0.596398982575295,
            0.9626169958987674,
            0.8352964413206625,
            0.49849433117246844,
            0.8643035150282734,
            0.4045727190991141,
            0.9891931385380901,
            0.8028720923215387,
            0.5419396921232018,
            0.799115575522017,
            0.4414037405339034,
            0.41657325209560175,
            0.9584420770467379,
            0.581491375954223,
            0.6652274759152583,
            0.23308821093561,
            0.33388790770889165,
            0.4616240618577135,
            0.19223046849592706,
            0.7767087116814817,
            0.44532929950918,
            0.6197960708828862,
            0.9930761249311733,
            0.7043305736971922,
            0.6587027470216499,
            0.6910009675546674,
            0.9957140748821133,
            0.8914999705535205,
            0.44409405702397775,
            0.7508261788982554,
            0.2402286979090179,
            0.45127126050266236,
            0.9056707738880674,
            0.26817948296665683,
            0.9679008753315999,
            0.941351983946458,
            0.7679497008723243,
            0.45671323433351113
        ],
        "start_drift_rate": [
            0.5092903364511625,
            0.2373331005715455,
            0.2210532695194865,
            0.3724295329497086,
            0.3826950619987978,
            0.6288859883842368,
            0.5599397219680599,
            0.05282833613931037,
            0.5324130132086429,
            0.4696374163931785,
            0.19779108466874662,
            0.027146537280239358,
            0.0195971011626066,
            0.7848382951030147,
            0.6222379114691428,
            0.34543222022150194,
            0.3344463190015563,
            0.2172373081982698,
            0.21051132715633347,
            0.6424469831837853,
            0.8091698746204259,
            0.1857898539209935,
            0.24603989810604132,
            0.006445348185598221,
            0.321604399765302,
            0.006821298858819658,
            0.5269217829272186,
            0.8917033471752951,
            0.3150991554344338,
            0.7420399888302369,
            0.5133833142768055,
            0.2523040906153751,
            0.07404970783699055,
            0.32598440000239093,
            0.19054758026675178,
            0.0008383500485232842,
            0.079351213335974,
            0.1787885377310105
        ],
        "recall_drift_rate": [
            0.04952347363727233,
            0.013507737009784693,
            0.2773097632788967,
            0.6285395641245026,
            0.553949393400527,
            0.3963740867718157,
            0.9272702466272842,
            0.7319302521148395,
            0.9480875683276555,
            0.7629168744441216,
            0.33302815351932735,
            0.9673669724098188,
            0.4234123276359374,
            0.8644912542708996,
            0.9640667822604654,
            0.24378425740351045,
            0.38506400748785763,
            0.4061005337540218,
            0.9480553367454415,
            0.5026451686054446,
            0.3943522393025721,
            0.861934873196323,
            0.5980578684408318,
            0.7672799199719315,
            0.984427079525708,
            0.5648943455441546,
            0.7222810329006238,
            0.9864804944961804,
            0.6133068976636593,
            0.9433023258005997,
            0.8534741319820323,
            0.7697810791084224,
            0.5393386355890565,
            0.9822407513281964,
            0.8530146910294558,
            0.7891415785847795,
            0.39467015966778257,
            0.5732101434555043
        ],
        "shared_support": [
            65.16492365780572,
            27.932684082296845,
            76.34429145969013,
            99.59175549259284,
            46.317593066094034,
            49.84874549842156,
            24.973353716875113,
            87.13560763613924,
            46.39218226778497,
            83.8907451449961,
            23.7181137503671,
            95.15541762604164,
            56.682666238037484,
            70.67409499784065,
            95.88173021419139,
            11.092222953619206,
            20.378332327236215,
            41.836833618263185,
            59.236270751420236,
            56.012389600118226,
            98.39564181628448,
            93.6223038680746,
            77.5217029160285,
            97.55934894297646,
            72.49102124222074,
            68.23822126636372,
            82.86094563643546,
            7.0830632989219,
            41.06118701684821,
            31.077782361899935,
            73.72371992062045,
            69.22125579011046,
            49.14049289653351,
            0.2319441893498464,
            57.03544342429334,
            82.53547333701648,
            39.5380189569805,
            95.32879960663718
        ],