{
    "fixed": {
        "allow_repeated_recalls": 0.0,
        "learn_after_context_update": 0.0
    },
    "free": {
        "encoding_drift_rate": [
            2.220446049250313e-16,
            0.9999999999999998
        ],
        "start_drift_rate": [
            2.220446049250313e-16,
            0.9999999999999998
        ],
        "recall_drift_rate": [
            2.220446049250313e-16,
            0.9999999999999998
        ],
        "shared_support": [
            2.220446049250313e-16,
            100.0
        ],
        "item_support": [
            2.220446049250313e-16,
            100.0
        ],
        "learning_rate": [
            2.220446049250313e-16,
            0.9999999999999998
        ],
        "primacy_scale": [
            2.220446049250313e-16,
            100.0
        ],
        "primacy_decay": [
            2.220446049250313e-16,
            100.0
        ],
        "choice_sensitivity": [
            2.220446049250313e-16,
            100.0
        ]
    },
    "fitness": [
        118.97443389892578,
        131.2279510498047,
        131.2279510498047,
        131.2279510498047,
        130.53480529785156,
        118.97443389892578,
        118.97443389892578,
        131.2279510498047,
        131.2279510498047,
        131.2279510498047,
        130.53480529785156,
        131.2279510498047,
        143.48146057128906,
        143.48146057128906,
        131.2279510498047,
        131.2279510498047,
        118.97443389892578,
        118.97443389892578,
        130.53480529785156,
        118.97443389892578,
        106.7209243774414,
        131.2279510498047,
        130.53480529785156,
        131.2279510498047,
        131.2279510498047,
        131.2279510498047,
        106.7209243774414,
        118.97443389892578,
        118.97443389892578,
        130.53480529785156,
        118.97443389892578,
        131.2279510498047,
        130.53480529785156,
        106.7209243774414,
        130.53480529785156,
        131.2279510498047,
        118.97443389892578,
        118.28128814697266
    ],
    "fits": {
        "encoding_drift_rate": [
            0.6560150989723508,
            0.5918757265418538,
            0.9261593533638972,
            0.6968487544654078,
            0.3332472879252557,
            0.7432784674459985,
            0.8454161214339582,
            0.8752755199707769,
            0.9317416588146235,
            0.3687441296313814,
            0.16373110506405336,
            0.6442091553435072,
            0.21474136532764992,
            0.3713309987527394,
            0.4745474937395452,
            0.49324415013288414,
            0.39207133145873907,
            0.30064299877930345,
            0.9613706934777351,
            0.4651317655910441,
            0.6506398701821092,
            0.3509464958389303,
            0.2716465099640251,
            0.4273822664451268,
            0.9255450149817084,
            0.800445927626055,
            0.5400565488609118,
            0.9003130782076543,
            0.20517542763951668,
            0.07768421687499294,
            0.7767209748018545,
            0.7288830999505218,
            0.8854485642776286,
            0.7106655060026198,
            0.9769716495601783,
            0.3727370958892918,
            0.09377158148574516,
            0.9739867747855145
        ],
        "start_drift_rate": [
            0.2576898478008286,
            0.7500116508799516,
            0.34065798116119916,
            0.1709762040504868,
            0.6733962403373261,
            0.28346773307533024,
            0.5378631248985307,
            0.28896576069388846,
            0.14647852295474584,
            0.3174979555345374,
            0.024028799063884998,
            0.5844155770989394,
            0.6603565240143867,
            0.02306682005232996,
            0.5591583437341305,
            0.3163619555451269,
            0.35873406453767365,
            0.040369631390031746,
            0.2714924445883754,
            0.5768761938551282,
            0.9791613896063519,
            0.4976476292919957,
            0.486976846641869,
            0.35973364788327516,
            0.9488747759006624,
            0.9608692909008253,
            0.3299756496552628,
            0.034240086592535024,
            0.19208868462871204,
            0.06601361426070579,
            0.480646908749366,
            0.7387473386461652,
            0.6790753174049182,
            0.9854627531895809,
            0.4064305829502216,
            0.5678099520571104,
            0.8961540517257991,
            0.2976073620993168
        ],
        "recall_drift_rate": [
            0.540995005565801,
            0.8885414303018644,
            0.6566640667199797,
            0.5224230846995987,
            0.8792748344284709,
            0.7879434375788691,
            0.34702452563415837,
            0.6077158568428292,
            0.381950486491108,
            0.29509804309183585,
            0.9700489216468258,
            0.5740464185681958,
            0.12976174466827228,
            0.7636908673829366,
            0.18869946317275021,
            0.9233019871747545,
            0.38513500095402575,
            0.4036336012084581,
            0.4365795512256967,
            0.6617640603597943,
            0.3887344224082951,
            0.2154963241830637,
            0.3299064604528076,
            0.9045857326588418,
            0.8075650568918792,
            0.9610255866266078,
            0.4782991712190086,
            0.15346987610070545,
            0.38728048974466706,
            0.4662045840889785,
            0.7547451193148305,
            0.5002049077472721,
            0.02029456845930072,
            0.5556234228267364,
            0.06316110293681526,
            0.22568958128465227,
            0.9018288852550216,
            0.13810383871973042
        ],
        "shared_support": [
            49.994181225067216,
            90.51617572040651,
            72.21287657750385,
            53.20756028464984,
            11.099985506289158,
            72.75342528271153,
            55.2379225011349,
            76.12588250505542,
            90.61824792782254,
            53.867256891156124,
            79.3909986364116,
            53.03675605641875,
            55.32687397056982,
            85.42559145159692,
            99.3596606472394,
            60.591365449003355,
            81.25393086946416,
            10.505677735185849,
            40.006568482056,
            51.99079305128972,
            62.19714539806929,
            16.578241282169344,
            13.433579616594685,
            69.90745089557782,
            52.92895400254397,
            72.56757390803341,
            14.607539039328415,
            71.4757193781689,
            56.723992719872584,
            75.00302538533182,
            37.67368884228266,
            57.931303701582124,
            96.64040914178331,
            81.06213553215838,
            40.35681026836387,
            44.37836563835906,
            82.76375400623408,
            20.697389418898105
        ],