{
    "fixed": {
        "allow_repeated_recalls": 0.0,
        "learn_after_context_update": 0.0
    },
    "free": {
        "encoding_drift_rate": [
            2.220446049250313e-16,
            0.9999999999999998
        ],
        "start_drift_rate": [
            2.220446049250313e-16,
            0.9999999999999998
        ],
        "recall_drift_rate": [
            2.220446049250313e-16,
            0.9999999999999998
        ],
        "shared_support": [
            2.220446049250313e-16,
            100.0
        ],
        "item_support": [
            2.220446049250313e-16,
            100.0
        ],
        "learning_rate": [
            2.220446049250313e-16,
            0.9999999999999998
        ],
        "primacy_scale": [
            2.220446049250313e-16,
            100.0
        ],
        "primacy_decay": [
            2.220446049250313e-16,
            100.0
        ],
        "choice_sensitivity": [
            2.220446049250313e-16,
            100.0
        ]
    },
    "fitness": [
        0.0048271603882312775,
        0.0042469133622944355,
        0.00893827062100172,
        0.009401233866810799,
        0.006518518086522818,
        0.007861110381782055,
        0.007898147217929363,
        0.007530864328145981,
        0.009074074216187,
        0.010503087192773819,
        0.004858024884015322,
        0.008583332411944866,
        0.005370370578020811,
        0.0017499998211860657,
        0.010064813308417797,
        0.011438271962106228,
        0.003120370442047715,
        0.003382715629413724,
        0.006796296685934067,
        0.00729012256488204,
        0.002595679135993123,
        0.003966049291193485,
        0.002987653948366642,
        0.0037777775432914495,
        0.01630247011780739,
        0.007947530597448349,
        0.005351852159947157,
        0.008305555209517479,
        0.006361111532896757,
        0.004740740638226271,
        0.005901234224438667,
        0.00186419696547091,
        0.007216048426926136,
        0.00696913618594408,
        0.007225309498608112,
        0.009469135664403439,
        0.007499998901039362,
        0.013339506462216377
    ],
    "fits": {
        "encoding_drift_rate": [
            0.5765156275293817,
            0.7621166462382822,
            0.5986277526208479,
            0.6321117377846897,
            0.8760367895061363,
            0.8997937590288205,
            0.7980038223406112,
            0.7426550919672243,
            0.7109673578945329,
            0.8461101214741702,
            0.9277698441036408,
            0.6346259148567324,
            0.766430149574218,
            0.5568809753843345,
            0.9758860909216599,
            0.20424114231632828,
            0.4868850264344679,
            0.875401921980391,
            0.9377857741599822,
            0.8718294579051817,
            0.9619365164357362,
            0.32113347872111153,
            0.7238212111159492,
            0.46152033004187604,
            0.6174259904693158,
            0.7203496046705097,
            0.4227283869790449,
            0.28437866778834353,
            0.8215239873903208,
            0.983617879384503,
            0.7607768018744542,
            0.7652494931938911,
            0.7904156005632418,
            0.7153846669079239,
            0.19181835627695665,
            0.8456547955101741,
            0.7148139548504372,
            0.7811624950488272
        ],
        "start_drift_rate": [
            0.08684815958726338,
            0.010585853901914632,
            0.11930021286093534,
            0.6152473029671,
            0.09693024876087952,
            0.08407636122055046,
            0.5751343840444662,
            0.03953508874692757,
            0.13003088222021025,
            0.03175035851273489,
            0.008265748673270124,
            0.21576073880187585,
            0.5387088716866566,
            0.2724442240427148,
            0.03260401157526621,
            0.3157862680960396,
            0.24514338141305725,
            0.4908561557240319,
            0.044284287930240696,
            0.16496249223673698,
            0.04777535377063491,
            0.8743067834730269,
            0.09743833591175977,
            0.6478467426071604,
            0.5529417821215662,
            0.11638838233583537,
            0.28833541294646226,
            0.5933496942210107,
            0.5111053258350587,
            0.22873044727976832,
            0.30947453911450484,
            0.04996833508436316,
            0.14596542350599412,
            0.47538124866124576,
            0.5431441828981921,
            0.16550604722132228,
            0.2919226561841445,
            0.07196129568146997
        ],
        "recall_drift_rate": [
            0.6070458775434929,
            0.9894279628317689,
            0.8669082469609781,
            0.7430351223948848,
            0.6333843032927347,
            0.4739254344702995,
            0.9423209210532419,
            0.8519694276235115,
            0.6638071659481971,
            0.8845688200953425,
            0.6444026769094484,
            0.32900715408569203,
            0.27071604938768445,
            0.4014703224267279,
            0.4604963231023063,
            0.37519254672088764,
            0.6396901008864109,
            0.9613761800450742,
            0.6965987027486951,
            0.7990542532616065,
            0.4435264108681829,
            0.12816875313967518,
            0.6806810440240423,
            0.49062442809879014,
            0.6109007690647064,
            0.6500467954031182,
            0.558167283641724,
            0.3327158161785656,
            0.700915611615552,
            0.6386264350223918,
            0.640691871304973,
            0.6805880381751982,
            0.6301531293247906,
            0.6397198885591371,
            0.6830023206609379,
            0.600494467373786,
            0.8349790312851029,
            0.992600150002274
        ],
        "shared_support": [
            39.96850735061149,
            54.43371157004972,
            35.26283839348247,
            77.5335660999771,
            94.41376721821084,
            82.58656708931734,
            0.7929775436814808,
            86.38956264209794,
            21.459965499810796,
            34.85433845003403,
            58.15552165295401,
            73.06968025995742,
            87.51526496054814,
            7.890878157454424,
            96.50967228655401,
            43.52007706962231,
            45.64345619832353,
            81.71106128804996,
            27.4862551852351,
            32.59690113569297,
            73.20202169597914,
            13.954936383461295,
            80.16135850879657,
            16.588783816507622,
            21.492888108801033,
            62.58772942414855,
            84.41404459639193,
            8.028050368425433,
            92.82306507860307,
            98.10998754011968,
            93.06771276197804,
            40.900898281942546,
            69.29932288346454,
            18.527567438790655,
            1.1605104304017644,
            47.90577434247659,
            83.45065005200462,
            64.9806044268006
        ],