{
    "fixed": {
        "allow_repeated_recalls": 0.0,
        "learn_after_context_update": 0.0,
        "modulate_emotion_by_primacy": 0.0
    },
    "free": {
        "encoding_drift_rate": [
            2.220446049250313e-16,
            0.9999999999999998
        ],
        "start_drift_rate": [
            2.220446049250313e-16,
            0.9999999999999998
        ],
        "recall_drift_rate": [
            2.220446049250313e-16,
            0.9999999999999998
        ],
        "shared_support": [
            2.220446049250313e-16,
            100.0
        ],
        "item_support": [
            2.220446049250313e-16,
            100.0
        ],
        "learning_rate": [
            2.220446049250313e-16,
            0.9999999999999998
        ],
        "primacy_scale": [
            2.220446049250313e-16,
            100.0
        ],
        "primacy_decay": [
            2.220446049250313e-16,
            100.0
        ],
        "choice_sensitivity": [
            2.220446049250313e-16,
            100.0
        ],
        "emotion_scale": [
            2.220446049250313e-16,
            10.0
        ]
    },
    "fitness": [
        0.0371994785964489,
        0.042283136397600174,
        0.04418147727847099,
        0.02560940384864807,
        0.048169758170843124,
        0.0417645089328289,
        0.03983297571539879,
        0.04155709221959114,
        0.07824773341417313,
        0.0446680411696434,
        0.0438409261405468,
        0.035159941762685776,
        0.039151448756456375,
        0.03604094311594963,
        0.02381286770105362,
        0.05215122550725937,
        0.047118764370679855,
        0.030133923515677452,
        0.06731269508600235,
        0.05518702417612076,
        0.10042176395654678,
        0.055449873208999634,
        0.022714585065841675,
        0.030219530686736107,
        0.05270416662096977,
        0.08157763630151749,
        0.03414497897028923,
        0.037568286061286926,
        0.03835523873567581,
        0.020924238488078117,
        0.04389344900846481,
        0.02388833649456501,
        0.03311348706483841,
        0.06213914602994919,
        0.02161089889705181,
        0.06099409982562065,
        0.03206098824739456,
        0.06380141526460648
    ],
    "fits": {
        "encoding_drift_rate": [
            0.9955803604916003,
            0.3900305235990694,
            0.8929191206919869,
            0.6052941548163185,
            0.5918476752718084,
            0.38445001270794227,
            0.5845742765246027,
            0.5109292373479319,
            0.7391504738961903,
            0.9379210789653509,
            0.9036715844388394,
            0.5974627294967392,
            0.6991859074421443,
            0.4746553174333998,
            0.8679383158353506,
            0.6038498845039816,
            0.9692986386519145,
            0.5714505885303216,
            0.8057808856223683,
            0.7772236056112319,
            0.4115385089329192,
            0.3803661612034125,
            0.886513464803389,
            0.35757585883594434,
            0.8297428219505456,
            0.7058249094444238,
            0.6697045792147378,
            0.815869215508042,
            0.7119860391944297,
            0.8045716577875675,
            0.9078164704545844,
            0.49506840917350153,
            0.08530499611471937,
            0.97086422487952,
            0.5108917143619228,
            0.768766072081559,
            0.7363320533711217,
            0.6481327177662173
        ],
        "start_drift_rate": [
            0.4214015626221623,
            0.02005436610921374,
            0.17940236421195732,
            0.21533546945610793,
            0.3659464781904851,
            0.6063460420462059,
            0.2591121704557664,
            0.28930774569047935,
            0.18849425603627334,
            0.1648757824227447,
            0.23509002899191012,
            0.053100138656793194,
            0.2588666878528527,
            0.045419190556349576,
            0.096937539409302,
            0.0044848931588747365,
            0.5132737220382843,
            0.05925583978047405,
            0.07904488769880891,
            0.07496276597739054,
            0.7303703731879532,
            0.42527699646754613,
            0.05273624898617674,
            0.9791336162208975,
            0.07600560146011565,
            0.06402010996975566,
            0.9232440709682779,
            0.08562378613771715,
            0.554154827451043,
            0.24649610728942256,
            0.691206905538684,
            0.008182086971287028,
            0.4287608053195252,
            0.19642952350570925,
            0.7829474310749374,
            0.3902156226521549,
            0.434741348705045,
            0.017800168961837892
        ],
        "recall_drift_rate": [
            0.5440253650153338,
            0.10452927085963765,
            0.5248404663661979,
            0.6632467938391473,
            0.1821401696751394,
            0.9761253007018768,
            0.36799150900055994,
            0.41580831942809965,
            0.23653512889621509,
            0.6753341477131217,
            0.6974305558396096,
            0.9385619667194804,
            0.19496326742762093,
            0.3685831535114684,
            0.49535749983555716,
            0.7792079946026611,
            0.8771899165956505,
            0.35451172111751506,
            0.8630698348992414,
            0.9939164733561412,
            0.22246929013855943,
            0.39842895002774087,
            0.7404624059747154,
            0.6609513779766346,
            0.9915747289612201,
            0.7608077833054234,
            0.8236555799839069,
            0.567359442709224,
            0.8814756798711703,
            0.8453936724459525,
            0.9293680203621302,
            0.8764289872353423,
            0.33147933553538034,
            0.4048455994084735,
            0.12367358341520246,
            0.43671735347624474,
            0.311040158081331,
            0.8285210060318369
        ],
        "shared_support": [
            98.05361691514594,
            27.328838801978495,
            32.68146665866149,
            83.2499859445225,
            60.7324135194494,
            32.30772430365328,
            74.96539134907823,
            23.341099924738767,
            76.97511863059592,
            59.72131531613846,
            92.44983765946043,
            80.7741825391814,
            53.32018756247051,
            74.6043416410522,
            86.17538347502071,
            1.0200668372863362,
            90.51739592090026,
            97.95691801508909,
            64.8465996105302,
            45.022719495494464,
            43.29642441455201,
            38.67244661754732,
            95.46805979340739,
            18.44096407955288,
            82.08235771879384,
            47.52608995591547,
            7.583011235499292,
            67.30510319028525,
            77.55300442446045,
            94.0133411097074,
            17.71853877991655,
            44.856691842854374,
            98.5842644504026,
            64.6462230485479,
            86.7822898187811,
            81.91526217208587,
            82.19017699486905,
            39.665731575546744
        ],