{
    "fixed": {
        "allow_repeated_recalls": 1.0,
        "mfc_choice_sensitivity": 1.0
    },
    "free": {
        "encoding_drift_rate": [
            2.220446049250313e-16,
            0.9999999999999998
        ],
        "start_drift_rate": [
            2.220446049250313e-16,
            0.9999999999999998
        ],
        "recall_drift_rate": [
            2.220446049250313e-16,
            0.9999999999999998
        ],
        "shared_support": [
            2.220446049250313e-16,
            100.0
        ],
        "item_support": [
            2.220446049250313e-16,
            100.0
        ],
        "learning_rate": [
            2.220446049250313e-16,
            0.9999999999999998
        ],
        "primacy_scale": [
            2.220446049250313e-16,
            100.0
        ],
        "primacy_decay": [
            2.220446049250313e-16,
            100.0
        ],
        "stop_probability_scale": [
            2.220446049250313e-16,
            0.9999999999999998
        ],
        "stop_probability_growth": [
            2.220446049250313e-16,
            10.0
        ],
        "choice_sensitivity": [
            2.220446049250313e-16,
            100.0
        ],
        "mfc_trace_sensitivity": [
            2.220446049250313e-16,
            0.9999999999999998
        ]
    },
    "fitness": [
        730.6217041015625,
        605.4285888671875,
        747.1548461914062,
        638.7049560546875,
        811.16162109375,
        656.7608642578125,
        828.1101684570312,
        906.0230712890625,
        778.7172241210938,
        1115.2725830078125,
        687.1162719726562,
        962.4943237304688,
        512.7778930664062,
        702.612060546875,
        766.93798828125,
        674.5005493164062,
        1027.8643798828125,
        740.266845703125,
        569.5949096679688,
        800.51318359375,
        976.4265747070312,
        841.6705322265625,
        739.3688354492188,
        695.0030517578125
    ],
    "fits": {
        "encoding_drift_rate": [
            0.8386462641325376,
            0.5418007805367013,
            0.8693668149122289,
            0.8756059457778347,
            0.8649477125933271,
            0.8901825830871246,
            0.8869932386281603,
            0.821094582862443,
            0.8661150381583171,
            0.6033134053582875,
            0.8495308951758394,
            0.8090250329680141,
            0.8584840683063606,
            0.8792145223067154,
            0.8334044047592379,
            0.862579000787479,
            0.8126389256028126,
            0.8673225028530072,
            0.8852081970083132,
            0.4896436856625015,
            0.8871354536643632,
            0.8447068465544376,
            0.8521952133668087,
            0.8803478958391555
        ],
        "start_drift_rate": [
            0.7800070814240893,
            0.18102023326833053,
            0.6903724621760151,
            0.7862662183763379,
            0.6970821788410692,
            0.8565089987572962,
            0.8574122264757507,
            0.8262650190086864,
            0.5182579650414363,
            0.45095771173093385,
            0.5972899967327224,
            0.8617085611077111,
            0.5572443581425515,
            0.829423322293118,
            0.7530264313841301,
            0.7908956286641292,
            0.7877577225166088,
            0.8088720392433684,
            0.7824010000042922,
            0.061232352753279574,
            0.8019344006711645,
            0.8742568024463342,
            0.7492708560622122,
            0.7990877951828966
        ],
        "recall_drift_rate": [
            0.7492893506033367,
            0.2515641776780523,
            0.7730749051764328,
            0.7085873484840932,
            0.7620152064455944,
            0.7224375108052439,
            0.7701264597412897,
            0.7378124062570489,
            0.6737788301361002,
            0.3895195016367006,
            0.7407095966104378,
            0.7861064804391676,
            0.6318227745458254,
            0.7680288754420688,
            0.8240654619148591,
            0.640652213364642,
            0.679326046146934,
            0.7133300683994036,
            0.6817501816641034,
            0.2058974764492716,
            0.7613471507032521,
            0.6719575079476955,
            0.7560048614180928,
            0.6769013601577553
        ],
        "shared_support": [
            94.8106769072436,
            18.08196282343342,
            10.454681731075567,
            4.625789959836531,
            51.589694310366454,
            95.71052530637655,
            92.32300518993512,
            85.79361834531569,
            7.952791814010276,
            91.88729722583687,
            6.407700525218303,
            4.993156646083271,
            97.96794190360414,
            44.46317290486403,
            61.768906493099266,
            6.921578731577469,
            74.11942008257634,
            80.15655187442816,
            91.40540808953344,
            17.91859138978168,
            13.39559089554713,
            89.41713717777537,
            37.00025490768363,
            6.82492873248777
        ],
        "item_support": [
            82.98143255629327,
            0.06281677928847529,
            3.8438295987190543,
            3.562241110447708,
            31.426819677486762,
            52.1246714849539,
            80.85754229792401,
            64.49819228518442,
            6.498529096424683,
            59.10639785704117,
            5.5061627462933345,
            0.21807264860642306,
            28.711241991339847,
            2.7292319135846697,
            53.4594672951663,
            3.6243424563812496,
            49.70397712152918,
            30.96480898286842,
            71.21543075900095,
            0.014689437565081676,
            12.530461300290355,
            74.26425518445478,
            31.448441223045297,
            5.722116544186491
        ],
        "learning_rate": [
            0.019106773681626055,
            0.4646700618682309,
            0.00019920961707431406,
            0.004721858560226853,
            0.012189336989064659,
            0.0010052314626747827,
            0.000622661113998274,
            0.0004776535032679921,
            0.18189292457738723,
            0.498125529187733,
            0.001074662241526747,
            0.009988156415570113,
            0.1969182836647245,
            0.0006626852976743813,
            0.0019371990060047994,
            0.0018225393653423239,
            0.010337068144971729,
            0.07353459943145225,
            0.011367670017404519,
            0.4943956004027457,
            0.04329602362309367,
            0.032986425950493226,
            2.220446049250313e-16,
            0.01882870133615647
        ],
        "primacy_scale": [
            13.489394030485037,
            2.537787136976064,
            7.321813192825985,
            0.009203836215206707,
            20.28154966450459,
            39.42608822535278,
            16.1139668018467,
            26.021498532180587,
            0.3788734742625479,
            7.99902260632949,
            0.8626523725076751,
            6.800186172315449,
            45.438907132385516,
            56.622526410225646,
            15.043948083859974,
            1.6409484639229035,
            23.491500267708126,
            46.99403749556632,
            15.478529258202812,
            2.0453113577288136,
            0.05538783700306027,
            12.353588637426583,
            6.12884024973301,
            0.004674580336114786
        ],