{
    "fixed": {
        "start_drift_rate": 1.0,
        "shared_support": 0.0,
        "item_support": 0.0,
        "learning_rate": 0.0,
        "primacy_scale": 0.0,
        "primacy_decay": 0.0,
        "encoding_drift_decrease": 1.0,
        "item_sensitivity_max": 0.0,
        "item_sensitivity_decrease": 1.0,
        "allow_repeated_recalls": 1.0
    },
    "free": {
        "item_sensitivity_max": [
            1e-12,
            20.0
        ],
        "item_sensitivity_decrease": [
            1e-12,
            0.999999
        ],
        "encoding_drift_rate": [
            2.220446049250313e-16,
            0.9999999999999998
        ],
        "recall_drift_rate": [
            2.220446049250313e-16,
            0.9999999999999998
        ],
        "stop_probability_scale": [
            2.220446049250313e-16,
            0.9999999999999998
        ],
        "stop_probability_growth": [
            2.220446049250313e-16,
            10.0
        ],
        "choice_sensitivity": [
            2.220446049250313e-16,
            100.0
        ],
        "primacy_scale": [
            2.220446049250313e-16,
            100.0
        ],
        "primacy_decay": [
            2.220446049250313e-16,
            100.0
        ],
        "encoding_drift_decrease": [
            2.220446049250313e-16,
            0.9999999999999998
        ]
    },
    "fitness": [
        1215.64794921875,
        1767.907470703125,
        1212.8492431640625,
        969.0728759765625,
        1099.1353759765625,
        1795.72509765625,
        1728.740478515625,
        1813.1492919921875,
        1785.1884765625,
        1689.2166748046875,
        1506.8466796875,
        1089.8438720703125,
        1475.0531005859375,
        1774.384521484375,
        1492.689208984375,
        1663.0582275390625,
        1751.344482421875,
        1747.7742919921875,
        1868.1416015625,
        745.6260986328125,
        827.677734375,
        3023.439453125,
        2238.3505859375,
        942.9436645507812
    ],
    "fits": {
        "item_sensitivity_max": [
            7.103410317512152,
            7.6498527996551795,
            7.300395326067495,
            7.8201597090916,
            7.84428787201831,
            7.322612645884549,
            7.255020358785453,
            9.468514086784277,
            8.600408838640398,
            7.26125188807328,
            8.695898105115491,
            8.168680223704884,
            9.554028571745425,
            7.110167361151317,
            7.445460812520199,
            9.09760201116874,
            7.267168340094987,
            6.550715562350815,
            8.509610983551806,
            8.869576677374793,
            10.02914212854698,
            5.803355304042363,
            9.157936256040662,
            7.268313893512932
        ],
        "item_sensitivity_decrease": [
            0.9103885461313984,
            0.8434265975830044,
            0.9037354330448861,
            0.9194040784414801,
            0.8795229107522913,
            0.8480166957844273,
            0.8739429860478879,
            0.8091329228703014,
            0.796179694215239,
            0.876175691963891,
            0.8458650510692725,
            0.8978465385855385,
            0.8221616105908746,
            0.8804770303517446,
            0.890573701130157,
            0.8105149957293651,
            0.8647577099761228,
            0.8937777611134008,
            0.8064049971433271,
            0.9017623798215619,
            0.8828729870929004,
            0.8656888135724199,
            0.7923111778314245,
            0.9124128014756745
        ],
        "encoding_drift_rate": [
            0.18072984739062942,
            0.3429733189409593,
            0.37042307817108633,
            0.3654278331152117,
            0.2564153087910148,
            0.47764732628868245,
            0.480110199545455,
            0.47935466420195066,
            0.6080455758654669,
            0.27957064860541003,
            0.4585230596700123,
            0.1389441120597603,
            0.31309673984764924,
            0.3075206301615615,
            0.2981977403807938,
            0.4978798616659719,
            0.38751536914932966,
            0.38099110310982204,
            0.36424649554596417,
            0.37611224510534896,
            0.11133217809270905,
            0.4598168674674575,
            0.15823898442934783,
            0.3962476451826943
        ],
        "recall_drift_rate": [
            0.7536880262866877,
            0.3118688809844907,
            0.3056961108621332,
            0.38471244137625826,
            0.8233023129862929,
            0.48885010199320994,
            0.39773275675625674,
            0.4008882940865905,
            0.6371272507933728,
            0.6224733158983442,
            0.7117482412617835,
            0.5681901561622564,
            0.295566547787775,
            0.7991945799170682,
            0.25305138743538896,
            0.41359332656465225,
            0.9251659379881576,
            0.3184832613252824,
            0.3267204708523267,
            0.31551878850035986,
            0.6862301789813091,
            0.387280759592707,
            0.8822114537288932,
            0.38543200891094015
        ],
        "stop_probability_scale": [
            0.00039306532290332144,
            0.00045614907616267115,
            0.00040148564004216514,
            0.0007073095357041769,
            0.00425880400554106,
            0.0004762247583255042,
            0.0005241619712130672,
            0.00046775406117478846,
            0.000896249584825225,
            0.00027361137053871776,
            0.0006198125477236397,
            0.0003947273696445665,
            0.0005976557367518748,
            0.0007149163469659193,
            0.0008177446990526256,
            0.00021202255879358334,
            0.0007112943889525031,
            0.0010020684391194301,
            0.0004285930883283773,
            0.0011119808498531447,
            0.00048170930215963827,
            0.00010719377363464134,
            0.0003257670494185554,
            0.005421631310795018
        ],
        "stop_probability_growth": [
            1.265751204721548,
            1.2188819747163109,
            1.273803208470155,
            1.1416012679874834,
            0.8788281444807904,
            1.2092020621830875,
            1.1869042977525486,
            1.194740086708495,
            1.1206490824112336,
            1.3117840717347184,
            1.160173445338181,
            1.2381657734264606,
            1.1893450640088297,
            1.1478055435981434,
            1.1213707530012589,
            1.354173729726429,
            1.1368326338049064,
            1.1107115743520373,
            1.230927409328756,
            1.098782850125982,
            1.216158201163362,
            1.3692608487415505,
            1.2478020352457575,
            0.855478114179526
        ],
        "choice_sensitivity": [
            58.7022996708358,
            72.16445588549222,
            82.04640269485688,
            53.914087707685674,
            23.82916737847448,
            30.69912710647258,
            43.34432424043264,
            40.81030020241255,
            20.383606537048536,
            36.854906736056336,
            19.490666888757307,
            87.70120629693244,
            79.42197104368339,
            22.826781582970824,
            90.73099688552462,
            39.5919715375841,
            11.690285147477262,
            47.715199279084324,
            61.83228644659713,
            75.9563624992295,
            96.03494638043952,
            34.24884459261955,
            30.9737885433049,
            44.72963792987854
        ],