{
    "fixed": {
        "start_drift_rate": 1.0,
        "shared_support": 0.0,
        "item_support": 0.0,
        "learning_rate": 0.0,
        "primacy_scale": 0.0,
        "primacy_decay": 0.0,
        "encoding_drift_decrease": 1.0,
        "item_sensitivity_max": 0.0,
        "item_sensitivity_decrease": 1.0,
        "allow_repeated_recalls": 1.0
    },
    "free": {
        "item_sensitivity_max": [
            1e-12,
            20.0
        ],
        "item_sensitivity_decrease": [
            1e-12,
            0.999999
        ],
        "encoding_drift_rate": [
            2.220446049250313e-16,
            0.9999999999999998
        ],
        "recall_drift_rate": [
            2.220446049250313e-16,
            0.9999999999999998
        ],
        "choice_sensitivity": [
            2.220446049250313e-16,
            100.0
        ],
        "shared_support": [
            2.220446049250313e-16,
            100.0
        ],
        "item_support": [
            2.220446049250313e-16,
            100.0
        ],
        "primacy_scale": [
            2.220446049250313e-16,
            100.0
        ],
        "primacy_decay": [
            2.220446049250313e-16,
            100.0
        ],
        "encoding_drift_decrease": [
            2.220446049250313e-16,
            0.9999999999999998
        ]
    },
    "fitness": [
        1078.85595703125,
        1641.1856689453125,
        1055.8128662109375,
        739.61474609375,
        1039.824462890625,
        1680.51025390625,
        1584.662353515625,
        1691.535888671875,
        1666.54248046875,
        1575.1448974609375,
        1348.97509765625,
        913.3899536132812,
        1327.350830078125,
        1673.8427734375,
        1307.8092041015625,
        1584.385986328125,
        1703.84619140625,
        1597.204345703125,
        1745.0050048828125,
        622.1901245117188,
        620.3193359375,
        3004.49609375,
        2176.93408203125,
        916.067626953125
    ],
    "fits": {
        "item_sensitivity_max": [
            6.548487636429303,
            7.008167333855488,
            7.849701945444644,
            6.694761408255933,
            7.864795434682266,
            7.349242069802404,
            7.323288865151197,
            6.993743856476607,
            8.042481492587134,
            6.628187865685337,
            6.718646497880671,
            7.021571882859601,
            8.579453439208452,
            5.680757499651794,
            7.655899262352815,
            8.856239256856677,
            6.841116947388553,
            6.048167727020049,
            7.654964391216907,
            7.93611319544364,
            7.437737401620414,
            5.490065728548417,
            6.377488507766594,
            7.667283323376048
        ],
        "item_sensitivity_decrease": [
            0.9244730278329106,
            0.8654010354604598,
            0.8833628493681591,
            0.9602994158780616,
            0.8990145101422227,
            0.8467022758623788,
            0.857523871105554,
            0.8695973056589074,
            0.8081138052602834,
            0.9068232045567964,
            0.8950284564279201,
            0.9949904443981858,
            0.8457080797496239,
            0.9270483073315592,
            0.8854577415096787,
            0.8098505661605425,
            0.8865830862862345,
            0.9072061495263212,
            0.8188565498503484,
            0.9280911971937487,
            0.9418217558656605,
            0.9498621761992505,
            0.8580966964648098,
            0.9043949201567422
        ],
        "encoding_drift_rate": [
            0.32569875502569445,
            0.31380536591433383,
            0.3259103358243478,
            0.4503507792864559,
            0.2917937361629808,
            0.3627654304159011,
            0.36162026491470695,
            0.3575211345856868,
            0.4260420413174788,
            0.26286773402872493,
            0.4302479013233288,
            0.7931187771450696,
            0.28458146953968233,
            0.3209403625234109,
            0.3070548588077764,
            0.32443453502927033,
            0.234103523861846,
            0.16926454810555985,
            0.4032274273245711,
            0.25526286407847226,
            0.32311385142196813,
            0.7672032762420615,
            0.36448490038456804,
            0.14839302680105693
        ],
        "recall_drift_rate": [
            0.24378261261675993,
            0.2474203376544278,
            0.4345131682691422,
            0.3572412882473519,
            0.7587448555424366,
            0.33032058950919985,
            0.3068267314421589,
            0.24811437265471437,
            0.34436628052432006,
            0.3012870515471566,
            0.2864678605256441,
            0.7769526374306284,
            0.36195899643994894,
            0.3511837845581284,
            0.32260171433044516,
            0.2844764510699457,
            0.7422315183222961,
            0.7547158984369229,
            0.29325502998862907,
            0.6525699238388134,
            0.25377402098199625,
            0.6456364840162441,
            0.3362273211239119,
            0.8343638598197665
        ],
        "choice_sensitivity": [
            74.39077620631494,
            56.9440983173652,
            40.95146268816156,
            40.24230966328237,
            16.550872225977344,
            50.45353784143282,
            58.76822688911669,
            75.17448415597957,
            31.351578705112352,
            61.611406560951586,
            43.058648567683015,
            31.911709977172197,
            46.777584662158965,
            38.900750655991416,
            54.000591703374845,
            85.70612325875601,
            33.18202863275256,
            29.237340773831033,
            46.386518680140846,
            39.75291950421068,
            69.55157569143843,
            8.11866357309981,
            37.76650675828134,
            40.76405204757296
        ],
        "shared_support": [
            22.186663845322226,
            46.85591013048261,
            35.38919420832323,
            46.02420485508275,
            10.331701943072936,
            72.24832211026666,
            72.63362329798476,
            1.886894054811691,
            41.796256820311854,
            41.197644684920704,
            61.68120486066073,
            2.6483287165664677,
            52.83275503296364,
            0.5843109565102642,
            30.593738221978743,
            1.1820893387140359,
            4.344378803338103,
            9.198938334087813,
            63.45314153397793,
            25.423214772621904,
            23.667536948026996,
            0.7734032626395262,
            51.56635919748626,
            15.112963469096584
        ],
        "item_support": [
            4.2131112942095115,
            26.166844909499172,
            10.38091020848303,
            15.222503479868422,
            0.8711470463721369,
            49.46959364104326,
            57.64744571829171,
            1.52027402681194,
            3.450863788028869,
            30.366690011030812,
            21.956706527878143,
            2.019548446436964,
            27.447476616020623,
            0.17646228393382302,
            21.04424688370819,
            1.055099809250656,
            3.874509880404389,
            4.260231461713772,
            30.530570415548265,
            11.698992582452092,
            1.6119126931655074,
            0.017365450026410656,
            32.102020950955875,
            13.485906974207076
        ],