{
    "fixed": {
        "start_drift_rate": 1.0,
        "shared_support": 0.0,
        "item_support": 0.0,
        "learning_rate": 0.0,
        "primacy_scale": 0.0,
        "primacy_decay": 0.0,
        "encoding_drift_decrease": 1.0,
        "item_sensitivity_max": 0.0,
        "item_sensitivity_decrease": 1.0,
        "allow_repeated_recalls": 1.0
    },
    "free": {
        "item_sensitivity_max": [
            1e-12,
            20.0
        ],
        "item_sensitivity_decrease": [
            1e-12,
            0.999999
        ],
        "encoding_drift_rate": [
            2.220446049250313e-16,
            0.9999999999999998
        ],
        "recall_drift_rate": [
            2.220446049250313e-16,
            0.9999999999999998
        ],
        "choice_sensitivity": [
            2.220446049250313e-16,
            100.0
        ],
        "learning_rate": [
            2.220446049250313e-16,
            0.9999999999999998
        ],
        "primacy_scale": [
            2.220446049250313e-16,
            100.0
        ],
        "primacy_decay": [
            2.220446049250313e-16,
            100.0
        ],
        "start_drift_rate": [
            2.220446049250313e-16,
            0.9999999999999998
        ],
        "encoding_drift_decrease": [
            2.220446049250313e-16,
            0.9999999999999998
        ]
    },
    "fitness": [
        1092.926025390625,
        1713.5400390625,
        1107.8006591796875,
        760.042724609375,
        1040.423095703125,
        1724.290283203125,
        1613.2857666015625,
        1694.2869873046875,
        1737.22314453125,
        1606.3311767578125,
        1397.8004150390625,
        925.56787109375,
        1343.878662109375,
        1717.728759765625,
        1327.389404296875,
        1621.66552734375,
        1690.0938720703125,
        1681.699951171875,
        1826.1268310546875,
        620.9990234375,
        641.1209716796875,
        2993.541015625,
        2252.157958984375,
        884.6558837890625
    ],
    "fits": {
        "item_sensitivity_max": [
            7.110616496330599,
            7.602988392399909,
            7.149862390268932,
            7.344412646032923,
            7.4282019169147,
            7.6995821322198745,
            6.706579376417758,
            7.8943276746676005,
            8.006566978046015,
            6.612771710759619,
            7.141335656031302,
            8.10320391781765,
            7.337369325996306,
            6.037027187430827,
            8.64431982830909,
            9.250912736803055,
            7.141365505170199,
            6.657068502867496,
            7.856066478196222,
            9.13058258308229,
            9.866961860809795,
            5.79144661323686,
            6.555403339687533,
            7.269635494489336
        ],
        "item_sensitivity_decrease": [
            0.9124463167556351,
            0.8406088168567912,
            0.9101864994150953,
            0.9326376072684531,
            0.9116408070547217,
            0.8318731970931861,
            0.8767503800529503,
            0.8331917384744227,
            0.815419102145919,
            0.8981489555687894,
            0.8810169353044459,
            0.895996194340329,
            0.8775017141623338,
            0.902301480832714,
            0.8566205042125306,
            0.8029427081721986,
            0.8715608476453244,
            0.8845373473142982,
            0.806346754572555,
            0.8985657017391271,
            0.8832887787312167,
            0.8580793020611458,
            0.8408835328894696,
            0.9216558374100969
        ],
        "encoding_drift_rate": [
            0.2440924136165034,
            0.2709300141168429,
            0.31734957574837586,
            0.2558905563208242,
            0.3711466114390626,
            0.4421881847730976,
            0.16601219356959251,
            0.17901542321125835,
            0.3875439259167161,
            0.2919818598857835,
            0.4035349055461443,
            0.39032331359204825,
            0.1675314105375273,
            0.28228155157701074,
            0.10586643045386562,
            0.4234802578775435,
            0.29312052209300465,
            0.36892356444446023,
            0.39438827846329666,
            0.12503182862893505,
            0.10693963957982988,
            0.39401158524441393,
            0.727162841513009,
            0.4763935749246938
        ],
        "recall_drift_rate": [
            0.6933142612065928,
            0.23785514968168003,
            0.2662347215175293,
            0.7022238701520073,
            0.739540611979746,
            0.3714448571830688,
            0.5924114031676446,
            0.7335122135762888,
            0.2732622783098759,
            0.24776568496065488,
            0.3119764218810994,
            0.36973544082920373,
            0.780116772539007,
            0.21830869651567697,
            0.801009985376476,
            0.31995251078636233,
            0.833163070113889,
            0.25282501046958966,
            0.3145310156886244,
            0.8038461062179493,
            0.7880059956732662,
            0.4890551873932189,
            0.5702815217089231,
            0.6800674275343702
        ],
        "choice_sensitivity": [
            52.013988370192344,
            92.28929236080882,
            87.08104198143957,
            55.92635871824926,
            29.95524819495865,
            35.65556659476971,
            82.86132908954812,
            66.64836718059759,
            59.4400927686203,
            72.73728554348544,
            55.10875396180887,
            51.11703207971304,
            77.17509557606766,
            95.23859293891954,
            52.82976268385055,
            53.972784746618274,
            23.644853883777756,
            62.44045192762887,
            58.979475438410745,
            78.28766833597221,
            87.09495201174747,
            44.68120159906548,
            11.452645644659619,
            37.93265846238488
        ],
        "learning_rate": [
            0.0072133772407706465,
            0.007024225382979954,
            0.0025933910069093655,
            0.049091544861152484,
            0.03130366450569887,
            0.20518693405669497,
            0.14955439770310966,
            0.003513600499745512,
            0.0718646289390949,
            0.008770568909451097,
            0.024758424179596616,
            0.27094381315234695,
            0.014850402514090671,
            0.00887486850664366,
            0.009948243202248519,
            0.28432580557414155,
            0.011179337917098145,
            0.005466477016387472,
            0.02185320460287274,
            0.0009642674096842825,
            0.0011312196355997828,
            0.019570539849383173,
            0.20366148370625037,
            0.010159582354873674
        ],
        "primacy_scale": [
            0.483502606612241,
            0.000609828601341178,
            0.0006227073134468242,
            72.26897133437042,
            0.8003578718124942,
            0.0008502691306162546,
            0.4347736768177626,
            0.40981136309920174,
            0.00024886491998188376,
            0.001005289912114904,
            0.001199252362482639,
            0.000547271630047419,
            0.3732590663453976,
            0.0004138366451940101,
            0.6994194582611399,
            0.0009970871559517036,
            1.0642374171797329,
            0.00033735872840168213,
            0.0003246937593672783,
            0.36004634052621043,
            59.73057463779823,
            1.0534697697133737,
            0.0033806076808531316,
            0.7744206290265391
        ],