{
    "fixed": {
        "start_drift_rate": 1.0,
        "shared_support": 0.0,
        "item_support": 0.0,
        "learning_rate": 0.0,
        "primacy_scale": 0.0,
        "primacy_decay": 0.0,
        "encoding_drift_decrease": 1.0,
        "item_sensitivity_max": 0.0,
        "item_sensitivity_decrease": 1.0,
        "allow_repeated_recalls": 1.0
    },
    "free": {
        "item_sensitivity_max": [
            1e-12,
            20.0
        ],
        "item_sensitivity_decrease": [
            1e-12,
            0.999999
        ],
        "encoding_drift_rate": [
            2.220446049250313e-16,
            0.9999999999999998
        ],
        "recall_drift_rate": [
            2.220446049250313e-16,
            0.9999999999999998
        ],
        "stop_probability_scale": [
            2.220446049250313e-16,
            0.9999999999999998
        ],
        "stop_probability_growth": [
            2.220446049250313e-16,
            10.0
        ],
        "choice_sensitivity": [
            2.220446049250313e-16,
            100.0
        ],
        "learning_rate": [
            2.220446049250313e-16,
            0.9999999999999998
        ],
        "shared_support": [
            2.220446049250313e-16,
            100.0
        ],
        "item_support": [
            2.220446049250313e-16,
            100.0
        ],
        "primacy_scale": [
            2.220446049250313e-16,
            100.0
        ],
        "primacy_decay": [
            2.220446049250313e-16,
            100.0
        ],
        "encoding_drift_decrease": [
            2.220446049250313e-16,
            0.9999999999999998
        ]
    },
    "fitness": [
        1185.958984375,
        1738.3609619140625,
        1184.9400634765625,
        944.7247314453125,
        1077.3778076171875,
        1788.7957763671875,
        1716.7803955078125,
        1746.5509033203125,
        1779.170166015625,
        1690.770751953125,
        1496.8734130859375,
        1066.651611328125,
        1423.6033935546875,
        1744.0665283203125,
        1412.51220703125,
        1628.200439453125,
        1773.102294921875,
        1685.706787109375,
        1809.9281005859375,
        723.2363891601562,
        841.6666259765625,
        3015.810791015625,
        2198.60791015625,
        929.7891235351562
    ],
    "fits": {
        "item_sensitivity_max": [
            7.083422854222606,
            7.069422686970649,
            7.644806652413425,
            7.345572122978648,
            7.167716737146918,
            7.447709276673118,
            6.868334847425741,
            7.172582715416857,
            6.798186494066115,
            7.643242806677147,
            8.078304425973037,
            6.8258406370489215,
            9.119994705555014,
            7.047592939977957,
            6.669026585589587,
            7.810089475153275,
            6.917019680582566,
            6.505340724988148,
            7.6423595459136155,
            8.182317390970708,
            8.224398902157207,
            5.143441079431088,
            5.739489845112128,
            7.40579913978863
        ],
        "item_sensitivity_decrease": [
            0.9995209107453453,
            0.9438036726394893,
            0.895493992062387,
            0.9353690949938688,
            0.9221152419248257,
            0.8442849804020791,
            0.8913517195114212,
            0.9774185470854311,
            0.9452446817442931,
            0.8697814271894371,
            0.8658543970805577,
            0.9994096746585666,
            0.835613688848631,
            0.9519611181497156,
            0.9981711731480412,
            0.9642762498349747,
            0.9019561115150097,
            0.9968306896318373,
            0.9895554754129942,
            0.9242333807442988,
            0.9145251675155939,
            0.9439258354097537,
            0.9797076158766029,
            0.9150974496321833
        ],
        "encoding_drift_rate": [
            0.9892002982123383,
            0.6508405619956599,
            0.3895051355268713,
            0.19882273378334753,
            0.14827869162135865,
            0.3154345493563939,
            0.2315743939794192,
            0.7730633358999187,
            0.8389939064490071,
            0.32052715851923697,
            0.3634403808813961,
            0.767920703696268,
            0.09493374688339734,
            0.7435536981300214,
            0.562695517009664,
            0.8151093120100847,
            0.12445305010459007,
            0.672467052588341,
            0.7649578451261743,
            0.31556452983231276,
            0.2887483830378821,
            0.555047526942858,
            0.6864541415613588,
            0.20768377614780803
        ],
        "recall_drift_rate": [
            0.7185610895489613,
            0.7316366130743669,
            0.18536746226301543,
            0.6497500388068225,
            0.6004746566639042,
            0.2254030352757146,
            0.3429033428050212,
            0.7205510404294839,
            0.7267231297316827,
            0.37926707038550306,
            0.30003907824060116,
            0.7355703207461295,
            0.025793936551888552,
            0.6944709072020424,
            0.8052072174964257,
            0.6804774561299328,
            0.3532485871711084,
            0.7862389306853734,
            0.7853199731189713,
            0.10713594029763844,
            0.013327134813285676,
            0.06002246336394948,
            0.8262327708809032,
            0.6219993303033711
        ],
        "stop_probability_scale": [
            0.0004511411003232321,
            0.00047391394588886654,
            0.0004913011475392911,
            0.0005085029277258,
            0.0046389412456459,
            0.000667927727741069,
            0.0007082215064680506,
            0.0005489785579243396,
            0.0005422980829985491,
            0.0003979352657390721,
            0.0006947988649252606,
            0.0008723117488608212,
            0.0007957630603503962,
            0.0004847189127847318,
            0.0002903522978826012,
            0.00022666255492027326,
            0.0005682127769477439,
            0.0010648950865552289,
            0.0003107044486615731,
            0.0010735687578134953,
            0.0003492946094319838,
            0.0006580801298462436,
            0.00035189761386689167,
            0.005384225672047319
        ],
        "stop_probability_growth": [
            1.243361043805967,
            1.2154028639706849,
            1.2365862098377316,
            1.198441191540466,
            0.8561623026035337,
            1.1517893967375512,
            1.1366923239132638,
            1.1689935739110195,
            1.2043043727883784,
            1.247576123693178,
            1.134066921667975,
            1.0999377241311086,
            1.1399705227140213,
            1.2173972235974793,
            1.2913364066643003,
            1.3430572273317414,
            1.1772463914703868,
            1.100907929904497,
            1.2892767509062972,
            1.1036582592625557,
            1.2711789650026106,
            1.0633147546766581,
            1.2307192294212,
            0.8566469410417525
        ],