{
    "fixed": {
        "start_drift_rate": 1.0,
        "shared_support": 0.0,
        "item_support": 0.0,
        "learning_rate": 0.0,
        "primacy_scale": 0.0,
        "primacy_decay": 0.0,
        "encoding_drift_decrease": 1.0,
        "item_sensitivity_max": 0.0,
        "item_sensitivity_decrease": 1.0,
        "allow_repeated_recalls": 1.0
    },
    "free": {
        "encoding_drift_rate": [
            2.220446049250313e-16,
            0.9999999999999998
        ],
        "start_drift_rate": [
            2.220446049250313e-16,
            0.9999999999999998
        ],
        "recall_drift_rate": [
            2.220446049250313e-16,
            0.9999999999999998
        ],
        "shared_support": [
            2.220446049250313e-16,
            100.0
        ],
        "item_support": [
            2.220446049250313e-16,
            100.0
        ],
        "learning_rate": [
            2.220446049250313e-16,
            0.9999999999999998
        ],
        "primacy_scale": [
            2.220446049250313e-16,
            100.0
        ],
        "primacy_decay": [
            2.220446049250313e-16,
            100.0
        ],
        "stop_probability_scale": [
            2.220446049250313e-16,
            0.9999999999999998
        ],
        "stop_probability_growth": [
            2.220446049250313e-16,
            10.0
        ],
        "choice_sensitivity": [
            2.220446049250313e-16,
            100.0
        ]
    },
    "fitness": [
        3884.60009765625,
        4033.095703125,
        3860.824462890625,
        4006.62255859375,
        3601.3125,
        4058.92333984375,
        4086.05517578125,
        4146.79296875,
        3925.05810546875,
        4024.48291015625,
        4063.337646484375,
        4071.300537109375,
        3934.467041015625,
        4000.461669921875,
        4069.8046875,
        4043.674560546875,
        4082.00244140625,
        3837.95849609375,
        4010.1484375,
        3801.20751953125,
        3988.9697265625,
        4653.75732421875,
        4254.22509765625,
        3457.1884765625
    ],
    "fits": {
        "encoding_drift_rate": [
            0.8688730894761301,
            0.6952751969869087,
            0.0872054259467192,
            0.4802411410192594,
            0.6243205277418484,
            0.5423775650666461,
            0.4150642109299639,
            0.9040215447785724,
            0.4884564892186314,
            0.5300281014470751,
            0.15596494584449078,
            0.3899814210029167,
            0.3839503190045804,
            0.10344838528292316,
            0.24004098032201265,
            0.6605081122445197,
            0.9182597682855824,
            0.9674764824250192,
            0.1725762770961778,
            0.7997838544641389,
            0.4744165616900298,
            0.36005786632675457,
            0.3245938527154618,
            0.6292907405074937
        ],
        "start_drift_rate": [
            0.2754550131312427,
            0.12096459185599845,
            0.6617744110554885,
            0.28286599360330866,
            0.11417546130124195,
            0.687280701653729,
            0.6695314707770409,
            0.3264349002979865,
            0.5194230061295514,
            0.7440770719637824,
            0.625770891864097,
            0.42792203759452474,
            0.7729511694547222,
            0.8697479683866809,
            0.6380244273705613,
            0.31329483595566643,
            0.7703841778396591,
            0.5917040550018303,
            0.6618117911626924,
            0.33969821432298175,
            0.9345424045120219,
            0.3049379056535234,
            0.961038422234529,
            0.5853246518995217
        ],
        "recall_drift_rate": [
            0.18271986374658827,
            0.8163832835057527,
            0.7797734284964009,
            0.06947307206748515,
            0.27939822961586736,
            0.7282879823825915,
            0.4905316722835809,
            0.31918289768691477,
            0.37382047813380886,
            0.118720617026076,
            0.4067225530760902,
            0.21753686071840278,
            0.14476321777408274,
            0.1480197544951904,
            0.7819527448931999,
            0.5847036227566484,
            0.4515249192939984,
            0.9061844886365731,
            0.350968925383857,
            0.7393430433085121,
            0.5164284471739308,
            0.43331702239944947,
            0.32128860735782505,
            0.11119000274088403
        ],
        "shared_support": [
            18.061926016705023,
            3.875251120770905,
            47.363172920409305,
            26.337550602610705,
            10.27943183639686,
            7.50013483028912,
            38.18263467877529,
            41.49274664798383,
            11.161829365703987,
            15.545707401207054,
            29.631228900256673,
            65.35181398698899,
            40.72530483626521,
            39.281825364624254,
            25.391128488599733,
            29.96464297539835,
            45.52397464414247,
            15.528349012658872,
            45.56287604205207,
            62.923843473025556,
            51.56825460993956,
            33.12470927719183,
            18.656720779340098,
            10.037713151355874
        ],
        "item_support": [
            22.724112534940488,
            53.384222147168316,
            72.32996646884047,
            46.572148535197776,
            73.93303981586396,
            73.06231971677676,
            85.61791206673728,
            65.29654493901103,
            81.281758881869,
            60.75995826455035,
            74.26890338272301,
            84.36731437966141,
            31.091122217023525,
            65.287727401066,
            62.672786594822526,
            43.43690706497129,
            86.90469289713397,
            14.265661654329733,
            92.68888379748921,
            98.16939937478975,
            88.51978728827663,
            53.515707255239676,
            89.57029692563827,
            61.88257069453641
        ],
        "learning_rate": [
            0.28531126078557856,
            0.21360195034814894,
            0.6115736972430501,
            0.3728225701131201,
            0.5957033341077427,
            0.16927706718140273,
            0.562044178583297,
            0.2532947107710335,
            0.5837651486137042,
            0.8185668732635729,
            0.7035277074048559,
            0.0919118690025898,
            0.4226329549095068,
            0.5099692424164387,
            0.7877242200237421,
            0.33920280313576523,
            0.5129543167720845,
            0.20045494008291342,
            0.9683559611402105,
            0.7933193601962198,
            0.08903002781499897,
            0.5197804514338068,
            0.9246107844602003,
            0.7813099315868424
        ],
        "primacy_scale": [
            73.63007522424101,
            55.69805197314338,
            6.111738292359981,
            45.86396841160713,
            47.018529548469886,
            97.02476044455722,
            48.164642335343814,
            66.66379773521231,
            48.06507744374268,
            56.57326171526152,
            34.03172075568368,
            57.25925702112437,
            44.72065544534538,
            91.13476611996487,
            19.391855462950385,
            81.64029780924699,
            35.041822914762584,
            82.10722191673466,
            46.08615299403587,
            80.96704175032303,
            38.80262599728033,
            80.31455934186636,
            68.16037453314576,
            55.82488905444529
        ],