{
    "fixed": {
        "start_drift_rate": 1.0,
        "shared_support": 0.0,
        "item_support": 0.0,
        "learning_rate": 0.0,
        "primacy_scale": 0.0,
        "primacy_decay": 0.0,
        "encoding_drift_decrease": 1.0,
        "item_sensitivity_max": 0.0,
        "item_sensitivity_decrease": 1.0,
        "allow_repeated_recalls": 1.0
    },
    "free": {
        "item_sensitivity_max": [
            1e-12,
            20.0
        ],
        "item_sensitivity_decrease": [
            1e-12,
            0.999999
        ],
        "encoding_drift_rate": [
            2.220446049250313e-16,
            0.9999999999999998
        ],
        "recall_drift_rate": [
            2.220446049250313e-16,
            0.9999999999999998
        ],
        "choice_sensitivity": [
            2.220446049250313e-16,
            100.0
        ],
        "primacy_scale": [
            2.220446049250313e-16,
            100.0
        ],
        "primacy_decay": [
            2.220446049250313e-16,
            100.0
        ],
        "encoding_drift_decrease": [
            2.220446049250313e-16,
            0.9999999999999998
        ]
    },
    "fitness": [
        1098.4488525390625,
        1673.1636962890625,
        1107.560791015625,
        773.2673950195312,
        1094.435302734375,
        1694.12451171875,
        1618.444091796875,
        1693.428955078125,
        1684.569091796875,
        1570.79248046875,
        1365.7880859375,
        926.2157592773438,
        1343.4443359375,
        1725.8624267578125,
        1381.9515380859375,
        1584.549072265625,
        1755.1134033203125,
        1680.53369140625,
        1776.683349609375,
        658.4794921875,
        653.000244140625,
        2991.64208984375,
        2262.79541015625,
        912.2640380859375
    ],
    "fits": {
        "item_sensitivity_max": [
            7.039817382841465,
            7.0627402714807115,
            7.755764633124768,
            7.492973486045674,
            7.09562802633592,
            7.970799964451136,
            6.737415727056153,
            7.781399982212131,
            8.048450439785784,
            6.593004287569515,
            8.754262000144063,
            8.510998820971881,
            7.510924502929374,
            6.097962265861382,
            7.1938397439159,
            9.667325501104163,
            6.918536304440166,
            6.599242579907394,
            8.494709967142905,
            8.687530899552069,
            9.930619781884062,
            6.008913002371171,
            6.479417845546726,
            7.592905799192193
        ],
        "item_sensitivity_decrease": [
            0.9079208661936027,
            0.8626915693293162,
            0.8925567980284436,
            0.9252838822996794,
            0.910402069693741,
            0.8291024336176965,
            0.8838811763470533,
            0.834404991125328,
            0.8068494786220797,
            0.8991531508303738,
            0.8359311939465671,
            0.8882887403679423,
            0.8669530528018013,
            0.8989621640474408,
            0.8974315074602979,
            0.78931714384031,
            0.8765344983160435,
            0.8909655956053879,
            0.7987283251409905,
            0.9014868622324959,
            0.8871793934464491,
            0.8423638925528307,
            0.8402010900075991,
            0.8937718661680412
        ],
        "encoding_drift_rate": [
            0.3784759913695757,
            0.1656571648744245,
            0.3099973469030137,
            0.2870445155337146,
            0.3663537022401908,
            0.16326155586737126,
            0.23363854561822744,
            0.26844387020169735,
            0.20838156752730458,
            0.1959222666986501,
            0.2399380985175715,
            0.2768719258580864,
            0.1452390039259401,
            0.37435670925817316,
            0.3061973029588959,
            0.3485212854813364,
            0.40672283582842866,
            0.3740591715545325,
            0.2671622639934787,
            0.39903739093685997,
            0.25887732475918446,
            0.1983225669427898,
            0.7015504684286624,
            0.23588355849972534
        ],
        "recall_drift_rate": [
            0.548342551559693,
            0.6828694787389367,
            0.2564305300663049,
            0.2883630337757921,
            0.3013901785818586,
            0.690818474667553,
            0.39670953130273245,
            0.7394390414388032,
            0.6363820093740418,
            0.6332334292642079,
            0.731072636874925,
            0.2834135031495886,
            0.7436013563702398,
            0.3196495339524339,
            0.2511287911433864,
            0.6156480823646737,
            0.3398723915915861,
            0.3137576575755369,
            0.6511796389089748,
            0.2862803923443301,
            0.2639479157718164,
            0.5683378625546042,
            0.5362480249184262,
            0.8364721444879535
        ],
        "choice_sensitivity": [
            43.62813194087501,
            61.9654850739786,
            96.66072377912634,
            83.46504311243667,
            71.00353845769952,
            63.16185540908732,
            96.53334960023548,
            49.29859757311972,
            92.4155529982412,
            51.93630255382793,
            44.56221996883457,
            78.13633583992774,
            99.19085371098481,
            47.7520560402668,
            77.88344806929138,
            42.81944389833523,
            38.31575985790077,
            49.30771885747192,
            49.60877713424455,
            99.6062374573237,
            98.1131288804034,
            75.91238970436731,
            12.605446606055075,
            28.462748649178348
        ],
        "primacy_scale": [
            30.240675245125797,
            48.8164537681706,
            4.2249029299057383e-05,
            57.205377332774,
            0.0001561875594546791,
            46.00862718733981,
            56.01997343297863,
            0.6236163365035878,
            66.00982519140459,
            56.58745634260445,
            41.08209104193325,
            73.42535208353912,
            0.2818000749561733,
            0.0014019096833379763,
            0.0002844012168026211,
            36.51872804728473,
            0.00020016253678534213,
            0.0017364797612700045,
            60.05005240785635,
            8.114072336695699e-06,
            1.661913456274533e-05,
            0.5479695523437625,
            0.00037879202177037996,
            0.7705828690629843
        ],
        "primacy_decay": [
            0.038665340006509064,
            0.03686962745760525,
            59.748729586246455,
            0.0009580703485306789,
            23.640325761090985,
            0.036677467497959526,
            0.017202336411251573,
            0.18518170000944423,
            0.023430363173943647,
            0.040573391011982096,
            0.05056226447313893,
            0.0008332070021168647,
            0.19333946259951063,
            14.595171730750032,
            1.3747315485143758,
            0.04132219160311858,
            22.585802316318826,
            45.46969865955484,
            0.040405676605487884,
            16.506219887077563,
            42.757365007947314,
            0.08118940176330317,
            69.65659521609295,
            0.3319157011244309
        ],