{
    "fixed": {
        "start_drift_rate": 1.0,
        "shared_support": 0.0,
        "item_support": 0.0,
        "learning_rate": 0.0,
        "primacy_scale": 0.0,
        "primacy_decay": 0.0,
        "encoding_drift_decrease": 1.0,
        "item_sensitivity_max": 0.0,
        "item_sensitivity_decrease": 1.0,
        "allow_repeated_recalls": 1.0
    },
    "free": {
        "item_sensitivity_max": [
            1e-12,
            20.0
        ],
        "item_sensitivity_decrease": [
            1e-12,
            0.999999
        ],
        "encoding_drift_rate": [
            2.220446049250313e-16,
            0.9999999999999998
        ],
        "recall_drift_rate": [
            2.220446049250313e-16,
            0.9999999999999998
        ],
        "stop_probability_scale": [
            2.220446049250313e-16,
            0.9999999999999998
        ],
        "stop_probability_growth": [
            2.220446049250313e-16,
            10.0
        ],
        "choice_sensitivity": [
            2.220446049250313e-16,
            100.0
        ],
        "learning_rate": [
            2.220446049250313e-16,
            0.9999999999999998
        ],
        "shared_support": [
            2.220446049250313e-16,
            100.0
        ],
        "item_support": [
            2.220446049250313e-16,
            100.0
        ],
        "encoding_drift_decrease": [
            2.220446049250313e-16,
            0.9999999999999998
        ]
    },
    "fitness": [
        1216.2442626953125,
        1749.97607421875,
        1184.4979248046875,
        955.5897216796875,
        1099.718017578125,
        1787.443603515625,
        1699.6429443359375,
        1783.08203125,
        1764.6661376953125,
        1685.340576171875,
        1459.576904296875,
        1091.259521484375,
        1424.87548828125,
        1771.0654296875,
        1462.8502197265625,
        1648.8712158203125,
        1779.3369140625,
        1698.699462890625,
        1841.891845703125,
        722.66943359375,
        841.60498046875,
        3018.35107421875,
        2232.70263671875,
        933.0113525390625
    ],
    "fits": {
        "item_sensitivity_max": [
            6.593343002313839,
            7.548320535395792,
            7.785065181826518,
            7.01801254819784,
            7.750153713588043,
            7.443669671172479,
            6.860246190429205,
            8.444242021926808,
            8.617277068411267,
            6.732799427201878,
            7.212025056776687,
            6.600113559282536,
            8.748005978240904,
            5.917425779771013,
            7.194533188374634,
            9.050503807638238,
            7.098166505650425,
            6.188300742841747,
            7.302707673538585,
            8.484810446104795,
            8.177896152776247,
            5.202472801600105,
            7.7278747419629426,
            7.404368772462714
        ],
        "item_sensitivity_decrease": [
            0.930035113929753,
            0.8433993345806061,
            0.8899839794745936,
            0.9455846340262498,
            0.895796212592426,
            0.849474879340537,
            0.8984444059943636,
            0.8461741956372035,
            0.824195803459911,
            0.8919902790763192,
            0.9700327814684382,
            0.9410510717757957,
            0.8483113678340222,
            0.9236518258125326,
            0.8933160604440435,
            0.8050156602968036,
            0.8691241447979706,
            0.9284763694619569,
            0.8606984923849573,
            0.9175325539301787,
            0.922311411699454,
            0.952184674297578,
            0.8271630788965039,
            0.9137637356651811
        ],
        "encoding_drift_rate": [
            0.33198460505501837,
            0.2956398661696732,
            0.3320699241074424,
            0.29678610794949667,
            0.244642208368984,
            0.29384981615905803,
            0.4574763979931937,
            0.503007042606485,
            0.461066293253739,
            0.25165747354689294,
            0.8543496518619802,
            0.36868813572000825,
            0.2786720315471802,
            0.32724475071621667,
            0.3197039948976368,
            0.3186188565248208,
            0.2833648926272768,
            0.6770428767702525,
            0.6070430582716756,
            0.31167897439190406,
            0.2931154584604839,
            0.537014777502302,
            0.48035539383793774,
            0.2727064748458255
        ],
        "recall_drift_rate": [
            0.010078152030409293,
            0.01759541633476344,
            0.1003130038502183,
            0.06252307924089974,
            0.004508996989315898,
            0.15151169816299875,
            0.006278007248496309,
            0.09344157450074517,
            0.041884416992722565,
            0.004064257650624029,
            0.6701892384005412,
            0.010398738252193951,
            0.01955222636392035,
            0.0075015890324107255,
            0.11208909393896709,
            0.03077605929871094,
            0.0026675525940309574,
            0.48148502130683307,
            0.02286399962870689,
            0.030401128693079493,
            0.02448367890796599,
            0.014469307396806295,
            0.00528789587637632,
            0.0038121709844716506
        ],
        "stop_probability_scale": [
            0.0010104628789497747,
            0.0003206197536049289,
            0.0005557932073332883,
            0.00045864585584233844,
            0.005170427872273777,
            0.0004935485544609987,
            0.0003450935288084045,
            0.0007238353670178978,
            0.000478258788117123,
            0.00025773758572117015,
            0.0003712587196342265,
            0.0006345870236583728,
            0.0004405413826577615,
            0.0005378701642462996,
            0.0004909817275162542,
            0.00033973149033294364,
            0.00035712960007770056,
            0.001041023009439146,
            0.0006377408459037954,
            0.00122709139142468,
            0.00037374745291840483,
            0.0003534732480403797,
            0.0011281139956268063,
            0.004956547705915584
        ],
        "stop_probability_growth": [
            1.105037841797969,
            1.2821065979847859,
            1.2143634817823354,
            1.2159649383461615,
            0.8411398995988382,
            1.2028106548663988,
            1.2630286118760088,
            1.124548318275156,
            1.2239666462848575,
            1.319794425747446,
            1.2478928145074022,
            1.1565842900607626,
            1.243412345768104,
            1.1993378596944044,
            1.2073055474828163,
            1.2741441144920773,
            1.2541679063217126,
            1.104029173819987,
            1.1669413244863973,
            1.0853162184226193,
            1.2636230456274689,
            1.1679468447342605,
            1.030899560919409,
            0.8700467352109662
        ],
        "choice_sensitivity": [
            92.62166328631895,
            73.05894373950018,
            75.87161191503515,
            96.10516107924093,
            96.41022991554257,
            87.55746212891555,
            38.314397676926426,
            38.446459199616434,
            35.382732896099796,
            89.41962757350653,
            9.561587122544225,
            87.69527030244319,
            86.63973817573117,
            80.75526393138111,
            68.05436083593814,
            74.9516209357145,
            94.60327569840459,
            12.277424459634922,
            34.70664309230585,
            97.05162448765213,
            96.82044090076215,
            24.167557935125792,
            31.59442968360472,
            94.03022945269603
        ],