{
    "fixed": {
        "start_drift_rate": 1.0,
        "shared_support": 0.0,
        "item_support": 0.0,
        "learning_rate": 0.0,
        "primacy_scale": 0.0,
        "primacy_decay": 0.0,
        "encoding_drift_decrease": 1.0,
        "item_sensitivity_max": 0.0,
        "item_sensitivity_decrease": 1.0,
        "allow_repeated_recalls": 1.0
    },
    "free": {
        "encoding_drift_rate": [
            2.220446049250313e-16,
            0.9999999999999998
        ],
        "start_drift_rate": [
            2.220446049250313e-16,
            0.9999999999999998
        ],
        "recall_drift_rate": [
            2.220446049250313e-16,
            0.9999999999999998
        ],
        "shared_support": [
            2.220446049250313e-16,
            100.0
        ],
        "item_support": [
            2.220446049250313e-16,
            100.0
        ],
        "learning_rate": [
            2.220446049250313e-16,
            0.9999999999999998
        ],
        "primacy_scale": [
            2.220446049250313e-16,
            100.0
        ],
        "primacy_decay": [
            2.220446049250313e-16,
            100.0
        ],
        "stop_probability_scale": [
            2.220446049250313e-16,
            0.9999999999999998
        ],
        "stop_probability_growth": [
            2.220446049250313e-16,
            10.0
        ],
        "choice_sensitivity": [
            2.220446049250313e-16,
            100.0
        ],
        "item_sensitivity_max": [
            1e-12,
            20.0
        ],
        "item_sensitivity_decrease": [
            1e-12,
            0.999999
        ]
    },
    "fitness": [
        1165.759033203125,
        1744.1923828125,
        1194.1842041015625,
        912.3968505859375,
        1065.0003662109375,
        1756.01171875,
        1706.06640625,
        1746.7630615234375,
        1758.351318359375,
        1648.691162109375,
        1419.00927734375,
        1053.5540771484375,
        1428.0682373046875,
        1753.5284423828125,
        1416.7591552734375,
        1630.6168212890625,
        1701.96533203125,
        1685.3057861328125,
        1814.273193359375,
        706.5316162109375,
        810.8031005859375,
        2962.49951171875,
        2212.502197265625,
        910.0009765625
    ],
    "fits": {
        "encoding_drift_rate": [
            0.6727707460186393,
            0.13035915184320523,
            0.5362905954999506,
            0.6397227160107655,
            0.7353334554738785,
            0.6171426671650695,
            0.2502082153734936,
            0.7328552654124583,
            0.6111754238534355,
            0.6908797492510305,
            0.7130688029137636,
            0.8089329381153633,
            0.5087825459844947,
            0.6422129179427865,
            0.6005511588379386,
            0.691619851514241,
            0.7073181445195758,
            0.3105803098945539,
            0.7368469306521983,
            0.7305466305065389,
            0.7172506987872904,
            0.7293633400868499,
            0.6759890971087963,
            0.6990589421459099
        ],
        "start_drift_rate": [
            0.6013172248934,
            0.24167556437835602,
            0.989500567946167,
            0.7672773410609841,
            0.527017769789925,
            0.5064954069348178,
            0.9259570852950705,
            0.945482570267613,
            0.8777709299831167,
            0.7572948665148996,
            0.7725611573276612,
            0.7359337847427951,
            0.7161790242548207,
            0.8450768556175168,
            0.4441080261242072,
            0.7108976189835937,
            0.6262265203458901,
            0.60508675092749,
            0.8841596121744941,
            0.7475759497579659,
            0.64881625833822,
            0.9230511854163677,
            0.6498565155446239,
            0.5043136080287594
        ],
        "recall_drift_rate": [
            0.7570822859137105,
            0.47269225044701824,
            0.14601529423446674,
            0.6234991999154136,
            0.5919663034903402,
            0.8024897240016668,
            0.3803490882508023,
            0.7144475357648606,
            0.8228957047814462,
            0.6989833591712649,
            0.7362152783363399,
            0.6814255786136023,
            0.6292631583009878,
            0.7075480420966562,
            0.7373380509064418,
            0.691507560488241,
            0.7727785116928779,
            0.7612851152731377,
            0.7823391363421246,
            0.6293066698753105,
            0.7000584305764819,
            0.5690089816819236,
            0.8067617632559625,
            0.7435279114169707
        ],
        "shared_support": [
            80.61283350394328,
            97.81760147739377,
            6.571870461661774,
            65.81447436816715,
            93.67638114502958,
            74.91993902785505,
            57.78903755442325,
            69.7090073897751,
            59.50577416496002,
            90.39739030235134,
            95.53209391452899,
            99.48310223523706,
            76.8084014171638,
            97.34765526668362,
            22.664912040948376,
            99.03940834011988,
            40.82516217967134,
            78.3722560876013,
            42.02552711035794,
            92.81400172209545,
            87.29230513367979,
            9.921143070067913,
            95.98789906766055,
            75.03119885651108
        ],
        "item_support": [
            58.71969518879317,
            16.350069447467227,
            2.7920033784052523,
            36.37798159550822,
            47.77555924912408,
            61.93401396348358,
            22.728807151787755,
            61.02488313504588,
            46.03820848361434,
            51.49864695609604,
            68.96640599426222,
            74.96468917622536,
            56.73808329433611,
            87.7087120863382,
            18.10436813395614,
            20.748731884777467,
            2.331742077110178,
            55.50313718498518,
            31.078371885902488,
            7.783548987628173,
            75.44338796173511,
            8.620421215993446,
            76.1789424923499,
            57.71269831070748
        ],
        "learning_rate": [
            0.0112799618022399,
            0.802385968776728,
            0.4138471360565337,
            0.002782744654311953,
            0.12651736357683696,
            0.005315117072025588,
            0.730756883360276,
            0.004763264043202696,
            0.020706321333664013,
            0.010406319172054241,
            0.0038921839662104485,
            0.1222368402469512,
            0.07299636894347866,
            0.054955812594488895,
            0.06523201622928287,
            0.06283540537633449,
            0.0019100388839256577,
            0.0014491330605490465,
            0.009073720837660348,
            0.00012832845599937117,
            0.007755251586236411,
            0.046418162312648115,
            0.010605003362272214,
            0.05396757941294869
        ],
        "primacy_scale": [
            28.470844993962448,
            23.443966686929407,
            0.023342274220695458,
            23.477447137412277,
            60.51339997213147,
            33.383441777901496,
            14.120269955684265,
            11.07600138749617,
            22.828919780878437,
            47.85567453310862,
            38.97262139194966,
            37.008029555105175,
            24.827502912835755,
            14.62628148386019,
            7.517581009540081,
            82.30559375711286,
            62.658762507816064,
            97.66057797622146,
            16.09811592724939,
            97.80886716989437,
            21.417829168343605,
            0.10334520316037299,
            37.25765677762337,
            27.229139834565487
        ],