{
    "fixed": {
        "start_drift_rate": 1.0,
        "shared_support": 0.0,
        "item_support": 0.0,
        "learning_rate": 0.0,
        "primacy_scale": 0.0,
        "primacy_decay": 0.0,
        "encoding_drift_decrease": 1.0,
        "allow_repeated_recalls": 1.0
    },
    "free": {
        "encoding_drift_rate": [
            2.220446049250313e-16,
            0.9999999999999998
        ],
        "recall_drift_rate": [
            2.220446049250313e-16,
            0.9999999999999998
        ],
        "stop_probability_scale": [
            2.220446049250313e-16,
            0.9999999999999998
        ],
        "stop_probability_growth": [
            2.220446049250313e-16,
            10.0
        ],
        "choice_sensitivity": [
            2.220446049250313e-16,
            100.0
        ],
        "learning_rate": [
            2.220446049250313e-16,
            0.9999999999999998
        ],
        "shared_support": [
            2.220446049250313e-16,
            100.0
        ],
        "item_support": [
            2.220446049250313e-16,
            100.0
        ],
        "start_drift_rate": [
            2.220446049250313e-16,
            0.9999999999999998
        ]
    },
    "fitness": [
        685.7477416992188,
        912.3722534179688,
        761.7898559570312,
        630.9956665039062,
        719.5552978515625,
        887.9584350585938,
        939.865478515625,
        874.317138671875,
        871.95849609375,
        899.386962890625,
        772.5174560546875,
        677.230712890625,
        858.7412109375,
        1015.9635009765625,
        832.20458984375,
        786.0103759765625,
        845.7327880859375,
        1122.5220947265625,
        872.61279296875,
        515.870849609375,
        563.699951171875,
        1166.7371826171875,
        949.47412109375,
        636.2899169921875
    ],
    "fits": {
        "encoding_drift_rate": [
            0.9340914993861957,
            0.7786006907955176,
            0.8062022841045728,
            0.829161234778758,
            0.8972349886388717,
            0.9036722821744538,
            0.77957367911556,
            0.81282673921273,
            0.7853342597983468,
            0.806305581077825,
            0.8572240588541493,
            0.7784030590324605,
            0.8224260590090653,
            0.8382022374235403,
            0.8837119480349791,
            0.49338773349862197,
            0.8234812978716248,
            0.4991167073684007,
            0.8556208593237864,
            0.9077511157877278,
            0.6916109664071213,
            0.8172605550087915,
            0.9141464650639095,
            0.8001049516311476
        ],
        "recall_drift_rate": [
            0.8061560701661878,
            0.5731553011526342,
            0.6448785130911484,
            0.6165504626483742,
            0.7317443236971826,
            0.7895662215915754,
            0.6109964347746575,
            0.599788760782018,
            0.6272286747289597,
            0.7239730926401203,
            0.6999757865946927,
            0.5202709225599662,
            0.6061748180509394,
            0.7553802607391439,
            0.7196689411342085,
            0.07439897816804075,
            0.7091681411765587,
            0.23037038813410976,
            0.6266129634720765,
            0.7020706017482948,
            0.3244118638160386,
            0.7820816438589587,
            0.7859191242601257,
            0.5753595194188926
        ],
        "stop_probability_scale": [
            0.0028897900353490047,
            0.0065273513980521735,
            0.0024771443774527554,
            0.0010045258793137828,
            0.009181344351706717,
            0.007617457823125084,
            0.0024767098143083774,
            0.00437823836404223,
            0.00953149997555236,
            0.004548994813881129,
            0.00248040908992774,
            0.0008959224144750588,
            0.0026865868561781747,
            0.0033998618877532083,
            0.0025941787533130885,
            0.004738037201538911,
            0.004619254045016452,
            0.005879862978029189,
            0.01052871294787705,
            0.002073180490454232,
            0.0006772711081476667,
            0.010854017157118923,
            0.009001665659395416,
            0.010825022880917067
        ],
        "stop_probability_growth": [
            0.9495386718261036,
            0.8155028562468487,
            0.9828896626154712,
            1.1000900348179847,
            0.7591747729252862,
            0.7877775351662581,
            0.9732993993398802,
            0.8767151419498767,
            0.7699462126201269,
            0.8735708027589393,
            0.9736999752707094,
            1.1211078935090164,
            0.9703167218242505,
            0.9268886286620157,
            0.9554290730457131,
            0.8777977582680094,
            0.8693203741273683,
            0.8392660628452429,
            0.730795902102253,
            0.9997889355010461,
            1.1700728143811787,
            0.7288181627897208,
            0.7694886861278256,
            0.7459945077990628
        ],
        "choice_sensitivity": [
            90.25541061742462,
            86.25441020384345,
            95.59198739313757,
            92.93521329879727,
            58.89009347955934,
            79.02373582448567,
            91.22927375770743,
            98.17794659594017,
            72.65044725532287,
            82.76626259774196,
            97.64375395122374,
            88.7984453322736,
            84.74268574882703,
            67.81139902455504,
            87.31814717100382,
            66.71422290584059,
            25.121365900293263,
            77.99899329746926,
            75.46038854985483,
            88.50110826259694,
            98.96057135781585,
            66.87541203927093,
            95.73443457346349,
            97.031372397327
        ],
        "learning_rate": [
            0.0005174041529046325,
            0.0854198374781202,
            0.04228919549472913,
            0.3329460278650489,
            0.010817339289770491,
            0.1155344477302902,
            0.32764810554091706,
            0.1441559289511024,
            0.3076241192325183,
            0.007441655986089494,
            0.09494623648173355,
            0.43716013512819596,
            0.0063667758062729285,
            0.015005685881663204,
            0.005421459013699592,
            0.49987362879391756,
            0.005861731661255587,
            0.7896714625679254,
            0.04746407655193946,
            0.0002769142624581278,
            0.6813634478704091,
            0.005603116369479133,
            0.0313075693638861,
            0.018713567256675723
        ],
        "shared_support": [
            5.55872043482038,
            6.575905585111251,
            6.868899476689641,
            4.060619498176386,
            3.2403806709032423,
            5.464348813030071,
            7.400631776734073,
            7.824712110204317,
            5.821797993316437,
            7.092901114154984,
            6.241125837877114,
            3.170854040193902,
            6.593174176516101,
            6.09109407689575,
            5.961349074751993,
            10.03161666916835,
            1.6918662345129576,
            96.61639381301126,
            6.304738773780301,
            4.132759378479463,
            3.680000474748688,
            7.69485549787381,
            6.957031791570664,
            3.693947079873894
        ],