{
    "fixed": {
        "start_drift_rate": 1.0,
        "shared_support": 0.0,
        "item_support": 0.0,
        "learning_rate": 0.0,
        "primacy_scale": 0.0,
        "primacy_decay": 0.0,
        "encoding_drift_decrease": 1.0,
        "allow_repeated_recalls": 1.0
    },
    "free": {
        "encoding_drift_rate": [
            2.220446049250313e-16,
            0.9999999999999998
        ],
        "recall_drift_rate": [
            2.220446049250313e-16,
            0.9999999999999998
        ],
        "choice_sensitivity": [
            2.220446049250313e-16,
            100.0
        ],
        "start_drift_rate": [
            2.220446049250313e-16,
            0.9999999999999998
        ]
    },
    "fitness": [
        1818.8929443359375,
        1885.438232421875,
        1854.883056640625,
        1841.3466796875,
        1772.998291015625,
        1839.1666259765625,
        1923.541259765625,
        1895.5439453125,
        1789.820556640625,
        1890.569580078125,
        1879.87939453125,
        1810.342041015625,
        1945.1741943359375,
        1929.5810546875,
        1908.396484375,
        1830.5087890625,
        1823.54736328125,
        1907.858154296875,
        1825.4149169921875,
        1770.7060546875,
        1819.47998046875,
        1931.3701171875,
        1836.1326904296875,
        1640.3155517578125
    ],
    "fits": {
        "encoding_drift_rate": [
            0.14867196493921397,
            0.14800688853879646,
            0.12919854135553818,
            0.13502111604888983,
            0.12797530739634472,
            0.1227419757629479,
            0.13728211543171456,
            0.11482970072958004,
            0.11398521020147434,
            0.11351507431639811,
            0.12166843644981284,
            0.1245203164060961,
            0.14349200098485232,
            0.12039361250054581,
            0.13249400493397212,
            0.1620142540680511,
            0.12325165215824417,
            0.12109556697543127,
            0.1197359458140776,
            0.12196498518813,
            0.12439123693862836,
            0.106669064884575,
            0.13949161196048404,
            0.1531757965188683
        ],
        "recall_drift_rate": [
            0.2819728771115234,
            0.22717709511447814,
            0.22554704793328384,
            0.2602142311050974,
            0.21745765386797283,
            0.19340893073112217,
            0.21737063373598103,
            0.1789681411336475,
            0.18062488934545537,
            0.19475795845579977,
            0.1984788479578252,
            0.2541628182940182,
            0.21358567866151146,
            0.19818834775550542,
            0.2141960503744067,
            0.26507833364798833,
            0.21540653950830946,
            0.17916886065700105,
            0.17956050029835796,
            0.24348597762430918,
            0.24073335615969343,
            0.15323938096842632,
            0.21599613509270585,
            0.3294014254951414
        ],
        "choice_sensitivity": [
            58.568942222921976,
            56.529868049958864,
            82.20163092528954,
            80.30168585446397,
            78.16535450975786,
            86.28372902088074,
            68.53458185098572,
            97.32434998457913,
            98.8526650757889,
            98.5832682348587,
            93.48047096840361,
            94.71801872204084,
            62.14516514150298,
            80.13211715385,
            78.39797161508476,
            51.31844460026264,
            86.4875602507863,
            85.67619769560748,
            90.29387799571344,
            99.18040702535549,
            97.95607143196324,
            97.88574789738178,
            63.345459975465836,
            56.19843390283235
        ],
        "start_drift_rate": [
            0.9999999999999998,
            0.9999953599865451,
            0.9999182678393654,
            0.999992575093507,
            0.999983081243988,
            0.9998420455290056,
            0.9999716903071741,
            0.9999335979118492,
            0.9998675769812282,
            0.9999678507998537,
            0.9998314559667423,
            0.9999974448672464,
            0.9999457110618668,
            0.9999999986295862,
            0.9999924022316551,
            0.9999999999999998,
            0.9999810025326048,
            0.9998664400066376,
            0.9999182151135458,
            0.9998971920305443,
            0.9997712722046478,
            0.9998210773154241,
            0.9999146287269044,
            0.9999989765524661
        ],
        "shared_support": [
            0.0,
            0.0,
            0.0,
            0.0,
            0.0,
            0.0,
            0.0,
            0.0,
            0.0,
            0.0,
            0.0,
            0.0,
            0.0,
            0.0,
            0.0,
            0.0,
            0.0,
            0.0,
            0.0,
            0.0,
            0.0,
            0.0,
            0.0,
            0.0
        ],
        "item_support": [
            0.0,
            0.0,
            0.0,
            0.0,
            0.0,
            0.0,
            0.0,
            0.0,
            0.0,
            0.0,
            0.0,
            0.0,
            0.0,
            0.0,
            0.0,
            0.0,
            0.0,
            0.0,
            0.0,
            0.0,
            0.0,
            0.0,
            0.0,
            0.0
        ],
        "learning_rate": [
            0.0,
            0.0,
            0.0,
            0.0,
            0.0,
            0.0,
            0.0,
            0.0,
            0.0,
            0.0,
            0.0,
            0.0,
            0.0,
            0.0,
            0.0,
            0.0,
            0.0,
            0.0,
            0.0,
            0.0,
            0.0,
            0.0,
            0.0,
            0.0
        ],
        "primacy_scale": [
            0.0,
            0.0,
            0.0,
            0.0,
            0.0,
            0.0,
            0.0,
            0.0,
            0.0,
            0.0,
            0.0,
            0.0,
            0.0,
            0.0,
            0.0,
            0.0,
            0.0,
            0.0,
            0.0,
            0.0,
            0.0,
            0.0,
            0.0,
            0.0
        ],
        "primacy_decay": [
            0.0,
            0.0,
            0.0,
            0.0,
            0.0,
            0.0,
            0.0,
            0.0,
            0.0,
            0.0,
            0.0,
            0.0,
            0.0,
            0.0,
            0.0,
            0.0,
            0.0,
            0.0,
            0.0,
            0.0,
            0.0,
            0.0,
            0.0,
            0.0
        ],
        "encoding_drift_decrease": [
            1.0,
            1.0,
            1.0,
            1.0,
            1.0,
            1.0,
            1.0,
            1.0,
            1.0,
            1.0,
            1.0,
            1.0,
            1.0,
            1.0,
            1.0,
            1.0,
            1.0,
            1.0,
            1.0,
            1.0,
            1.0,
            1.0,
            1.0,
            1.0
        ],
        "allow_repeated_recalls": [
            1.0,
            1.0,
            1.0,
            1.0,
            1.0,
            1.0,
            1.0,
            1.0,
            1.0,
            1.0,
            1.0,
            1.0,
            1.0,
            1.0,
            1.0,
            1.0,
            1.0,
            1.0,
            1.0,
            1.0,
            1.0,
            1.0,
            1.0,
            1.0
        ],