{
    "fixed": {
        "start_drift_rate": 1.0,
        "shared_support": 0.0,
        "item_support": 0.0,
        "learning_rate": 0.0,
        "primacy_scale": 0.0,
        "primacy_decay": 0.0,
        "encoding_drift_decrease": 1.0,
        "allow_repeated_recalls": 1.0
    },
    "free": {
        "encoding_drift_rate": [
            2.220446049250313e-16,
            0.9999999999999998
        ],
        "recall_drift_rate": [
            2.220446049250313e-16,
            0.9999999999999998
        ],
        "stop_probability_scale": [
            2.220446049250313e-16,
            0.9999999999999998
        ],
        "stop_probability_growth": [
            2.220446049250313e-16,
            10.0
        ],
        "choice_sensitivity": [
            2.220446049250313e-16,
            100.0
        ],
        "learning_rate": [
            2.220446049250313e-16,
            0.9999999999999998
        ],
        "primacy_scale": [
            2.220446049250313e-16,
            100.0
        ],
        "primacy_decay": [
            2.220446049250313e-16,
            100.0
        ],
        "start_drift_rate": [
            2.220446049250313e-16,
            0.9999999999999998
        ]
    },
    "fitness": [
        1679.826904296875,
        1745.33203125,
        1717.2950439453125,
        1716.4237060546875,
        1627.3660888671875,
        1704.998046875,
        1770.0545654296875,
        1758.640380859375,
        1638.7177734375,
        1758.8480224609375,
        1735.577880859375,
        1706.648193359375,
        1772.47900390625,
        1773.333251953125,
        1787.87890625,
        1677.3095703125,
        1707.7117919921875,
        1754.18798828125,
        1699.3924560546875,
        1647.325927734375,
        1695.7681884765625,
        1791.9879150390625,
        1685.7052001953125,
        1506.46240234375
    ],
    "fits": {
        "encoding_drift_rate": [
            0.11538351511956063,
            0.09955201701411448,
            0.2607069396150191,
            0.05592399322097125,
            0.078298689528498,
            0.08565635452218134,
            0.09062833467967828,
            0.13278501859181496,
            0.14088338424621027,
            0.08524894125377219,
            0.13016748959658786,
            0.10739134243498402,
            0.28774424549273325,
            0.03155468926070557,
            0.2744780539612929,
            0.09435717342342335,
            0.12914325459968623,
            0.16505010574174317,
            0.11664271414063065,
            0.25269626518201366,
            0.2482436887811416,
            0.19905770036400805,
            0.04398869666918287,
            0.06527938257624666
        ],
        "recall_drift_rate": [
            0.9138219931178253,
            0.985829084481576,
            0.8586681032513159,
            0.9052575576971134,
            0.940327019727119,
            0.992991561837808,
            0.8829733563906195,
            0.8407800716504661,
            0.8815595708586237,
            0.8741767223032764,
            0.9118654785117876,
            0.8966233005848103,
            0.843432208921253,
            0.8627956513415012,
            0.8163296294941063,
            0.9846778519090096,
            0.9876878862975043,
            0.8446488442869478,
            0.8563802378051582,
            0.8849976403646931,
            0.8412573049310543,
            0.7577489261115313,
            0.8962885672401815,
            0.9724114798305067
        ],
        "stop_probability_scale": [
            0.002450918405278335,
            0.006156949933369349,
            0.0032005447975120838,
            0.0011948689899112452,
            0.00945965119811798,
            0.007026998761043013,
            0.003950148458696018,
            0.006096811565282413,
            0.010538810376835406,
            0.004326436197534811,
            0.0024591355094498914,
            0.0012988136179790865,
            0.0018778140919869712,
            0.003903005123484565,
            0.0027649285792393785,
            0.005003289072627142,
            0.005479858504028393,
            0.006750337287438854,
            0.010440391994946606,
            0.0023158359472619794,
            0.0009188669552142281,
            0.008154396868795766,
            0.008836084213392825,
            0.009255989684167187
        ],
        "stop_probability_growth": [
            0.9792522726201476,
            0.8205947788698591,
            0.9396282260287405,
            1.0734008496786949,
            0.7544880314274085,
            0.8015334894609829,
            0.8932002837407449,
            0.8200853924476332,
            0.7516419864774679,
            0.8796734864847879,
            0.973084210801451,
            1.060950459825202,
            1.02934140785994,
            0.9032396717192182,
            0.9390833870324347,
            0.8633688594764273,
            0.8404902711262308,
            0.8106120761695843,
            0.7339313106155645,
            0.9798919598834468,
            1.120198290192449,
            0.7757841745870397,
            0.7744036218130876,
            0.7700702962400596
        ],
        "choice_sensitivity": [
            8.441829541024845,
            2.132517555868027,
            6.8539626848339665,
            25.161620930058167,
            7.747477741089668,
            2.069390801007927,
            16.908650685573946,
            13.959774638888625,
            13.053444536152057,
            12.12878625660263,
            9.117519757402349,
            13.527128765371693,
            10.72438963992117,
            22.85484370110702,
            12.270725507586455,
            3.1901565546111,
            1.7179455487859485,
            17.493839489951625,
            15.171530525697172,
            17.585856185982315,
            10.270712425952148,
            8.603965102232777,
            18.619488393989524,
            5.135453150164523
        ],
        "learning_rate": [
            0.10128964065152923,
            0.01642441934471406,
            0.22622507873291275,
            0.17094303179315123,
            0.08033859027643725,
            0.012878512856630553,
            0.25689860004797327,
            0.29676582757882164,
            0.3215166357910494,
            0.13892148271548438,
            0.15955760100192323,
            0.15403877900332255,
            0.5863735046975259,
            0.09996208340831997,
            0.5073369022145576,
            0.032805641106695406,
            0.007296293584849891,
            0.543011818900194,
            0.2971468843379709,
            0.5713053497414843,
            0.21962997109701482,
            0.3170402842690624,
            0.1356742851540555,
            0.02449269780925495
        ],
        "primacy_scale": [
            0.6368207775829902,
            3.510692633574628,
            0.36338798746880485,
            0.22807637116916624,
            83.31182627769297,
            73.76974754905456,
            0.26427079429009065,
            0.9568727671195703,
            22.59804522333483,
            0.4717144124872803,
            0.7445295283385036,
            0.5765343235728224,
            0.02617575777127712,
            16.260785922189378,
            0.012203179403499576,
            62.52577278506426,
            8.867612155137337,
            75.30455632719728,
            8.405966441418585,
            0.007345824319173744,
            0.16030359011075035,
            0.17358416462908366,
            21.782645166394055,
            46.23049924619592
        ],