{
    "fixed": {
        "start_drift_rate": 1.0,
        "shared_support": 0.0,
        "item_support": 0.0,
        "learning_rate": 0.0,
        "primacy_scale": 0.0,
        "primacy_decay": 0.0,
        "encoding_drift_decrease": 1.0,
        "allow_repeated_recalls": 1.0
    },
    "free": {
        "encoding_drift_rate": [
            2.220446049250313e-16,
            0.9999999999999998
        ],
        "recall_drift_rate": [
            2.220446049250313e-16,
            0.9999999999999998
        ],
        "stop_probability_scale": [
            2.220446049250313e-16,
            0.9999999999999998
        ],
        "stop_probability_growth": [
            2.220446049250313e-16,
            10.0
        ],
        "choice_sensitivity": [
            2.220446049250313e-16,
            100.0
        ],
        "start_drift_rate": [
            2.220446049250313e-16,
            0.9999999999999998
        ]
    },
    "fitness": [
        1702.352783203125,
        1760.85302734375,
        1723.57177734375,
        1746.5413818359375,
        1645.6251220703125,
        1724.6964111328125,
        1796.16357421875,
        1771.598388671875,
        1656.30810546875,
        1771.536376953125,
        1757.6689453125,
        1718.4970703125,
        1786.996826171875,
        1788.05517578125,
        1800.4049072265625,
        1706.16455078125,
        1722.553466796875,
        1766.19921875,
        1715.269287109375,
        1655.2427978515625,
        1708.7802734375,
        1807.0977783203125,
        1703.7083740234375,
        1513.580078125
    ],
    "fits": {
        "encoding_drift_rate": [
            0.10623804321463835,
            0.10222824462659452,
            0.11977725246598658,
            0.1268049950743932,
            0.11143040703114426,
            0.11242705170578854,
            0.10965297912070324,
            0.10842821277714663,
            0.1079509031609418,
            0.10185813578252176,
            0.10835413655841081,
            0.107645993862962,
            0.12856289307832686,
            0.10225260179814825,
            0.13762961703439797,
            0.12190039915160696,
            0.1100581650157904,
            0.13566900894867484,
            0.10781301767617485,
            0.11066663783420448,
            0.11193590293719369,
            0.10366278639075777,
            0.10635290457375142,
            0.15500464677036907
        ],
        "recall_drift_rate": [
            0.2236836537371677,
            0.17115934086152235,
            0.23143371249817316,
            0.2954934537180416,
            0.1844965662760614,
            0.19484567462532965,
            0.17691305290674786,
            0.18090196789988494,
            0.1794370676044708,
            0.19288549153041032,
            0.20089175362275144,
            0.2518757172084274,
            0.20661540063823067,
            0.18812740795919775,
            0.24246633838351936,
            0.19976896839073555,
            0.20030258208458535,
            0.2119066540205441,
            0.16494586572302383,
            0.25305401215447176,
            0.264116308332311,
            0.17020114138071568,
            0.1713851158401069,
            0.33892103584869837
        ],
        "stop_probability_scale": [
            0.0025923723150814417,
            0.007288693432899895,
            0.0033037011918559973,
            0.0011062035378011032,
            0.01014047657884963,
            0.0072079268509323,
            0.003477376981739382,
            0.004371504192434462,
            0.010599272406424276,
            0.005121413663632538,
            0.002483484991380838,
            0.0010262230729057747,
            0.0025691539676816135,
            0.0038722037385068913,
            0.0025734619227905657,
            0.004966036550818099,
            0.005900244373586364,
            0.006276280479552725,
            0.01034901845648456,
            0.0022133983331693195,
            0.0006239569571478976,
            0.008703276292206519,
            0.011568713447653933,
            0.010346162450050156
        ],
        "stop_probability_growth": [
            0.9677819360233233,
            0.795390908117783,
            0.9315545129896998,
            1.0866033247592624,
            0.7419534495975331,
            0.7965434330469252,
            0.9163594327672433,
            0.8788506930777302,
            0.7481502326452167,
            0.8535939833588322,
            0.9728962220028325,
            1.1004330226354933,
            0.9781786375946346,
            0.9049928282455812,
            0.9570392872332896,
            0.8684705921050107,
            0.8279886898188407,
            0.8293659705175855,
            0.7331394847347932,
            0.9886624947025471,
            1.1854535122628724,
            0.7685105991913286,
            0.7279971774832923,
            0.7520769225542789
        ],
        "choice_sensitivity": [
            92.51920704317318,
            93.14382548820218,
            72.75351061663207,
            65.70129560316906,
            97.79429296941471,
            85.47952326879803,
            91.4333897490309,
            88.92646396158781,
            93.98312247960044,
            93.4186296896244,
            91.71116049565528,
            99.7183237791772,
            61.93987178099827,
            89.29175064553755,
            57.53777693384225,
            76.955057450652,
            91.01183433867865,
            52.43602572592946,
            98.4503146010707,
            94.16691172494653,
            86.73717244116406,
            74.54453930568468,
            92.04983414035584,
            49.33699553030984
        ],
        "start_drift_rate": [
            0.9998240111528207,
            0.9998134438590076,
            0.9998945409325375,
            0.9999477093735768,
            0.9994064069139756,
            0.9997679444413943,
            0.9980957236324707,
            0.999722541078206,
            0.9995314398117963,
            0.9996724575171818,
            0.9998259802992898,
            0.9998265678345427,
            0.9993954445753079,
            0.9999607675744887,
            0.9998062838575491,
            0.9997277643973428,
            0.9998918290345434,
            0.9999524455486392,
            0.9996757439570063,
            0.9999555477737768,
            0.9999384942851537,
            0.9998838331883364,
            0.9999817323013408,
            0.9999808440421438
        ],
        "shared_support": [
            0.0,
            0.0,
            0.0,
            0.0,
            0.0,
            0.0,
            0.0,
            0.0,
            0.0,
            0.0,
            0.0,
            0.0,
            0.0,
            0.0,
            0.0,
            0.0,
            0.0,
            0.0,
            0.0,
            0.0,
            0.0,
            0.0,
            0.0,
            0.0
        ],
        "item_support": [
            0.0,
            0.0,
            0.0,
            0.0,
            0.0,
            0.0,
            0.0,
            0.0,
            0.0,
            0.0,
            0.0,
            0.0,
            0.0,
            0.0,
            0.0,
            0.0,
            0.0,
            0.0,
            0.0,
            0.0,
            0.0,
            0.0,
            0.0,
            0.0
        ],
        "learning_rate": [
            0.0,
            0.0,
            0.0,
            0.0,
            0.0,
            0.0,
            0.0,
            0.0,
            0.0,
            0.0,
            0.0,
            0.0,
            0.0,
            0.0,
            0.0,
            0.0,
            0.0,
            0.0,
            0.0,
            0.0,
            0.0,
            0.0,
            0.0,
            0.0
        ],