{
    "fixed": {},
    "free": {
        "encoding_drift_rate": [
            2.220446049250313e-16,
            0.9999999999999998
        ],
        "start_drift_rate": [
            2.220446049250313e-16,
            0.9999999999999998
        ],
        "recall_drift_rate": [
            2.220446049250313e-16,
            0.9999999999999998
        ],
        "shared_support": [
            2.220446049250313e-16,
            100.0
        ],
        "item_support": [
            2.220446049250313e-16,
            100.0
        ],
        "learning_rate": [
            2.220446049250313e-16,
            0.9999999999999998
        ],
        "primacy_scale": [
            2.220446049250313e-16,
            100.0
        ],
        "primacy_decay": [
            2.220446049250313e-16,
            100.0
        ],
        "stop_probability_scale": [
            2.220446049250313e-16,
            0.9999999999999998
        ],
        "stop_probability_growth": [
            2.220446049250313e-16,
            10.0
        ],
        "choice_sensitivity": [
            2.220446049250313e-16,
            100.0
        ]
    },
    "fitness": [
        4479.171875,
        5658.34814453125,
        5249.322265625,
        5277.26220703125,
        5541.58740234375,
        5745.6103515625,
        4885.64501953125,
        4406.34423828125,
        4802.546875,
        5593.87109375,
        4716.71728515625,
        5238.263671875,
        5911.90673828125,
        6194.51708984375,
        5245.3740234375
    ],
    "fits": {
        "encoding_drift_rate": [
            0.4965406955536883,
            0.5091052844986746,
            0.750456028658808,
            0.5389167522262892,
            0.6771860106672407,
            0.6609304167765445,
            0.5110789278875599,
            0.3049381021489298,
            0.6586505224556606,
            0.667424321756484,
            0.5731913713727356,
            0.2825173721467046,
            0.377083174566226,
            0.2334484987661774,
            0.3347213583582749
        ],
        "start_drift_rate": [
            0.06971195724978557,
            0.10744618009715051,
            0.02117344969871776,
            0.20089817851710923,
            0.09003511093238598,
            0.05540057830964573,
            0.1608915784925335,
            0.20414833698284773,
            0.002900625574237814,
            0.5636670458518639,
            0.030151214522286918,
            0.08479840682740913,
            0.5052874470683713,
            0.2815389354259539,
            0.45817632974899253
        ],
        "recall_drift_rate": [
            0.7009917941187436,
            0.8466128250344733,
            0.9173583949473068,
            0.8507100080297696,
            0.8443766488044047,
            0.9316048979068392,
            0.7125716863848846,
            0.8197037365642112,
            0.9414911729872625,
            0.7034847153428198,
            0.9301256590168878,
            0.8727884644467412,
            0.9441597659575933,
            0.9487552563000808,
            0.8610874860989479
        ],
        "shared_support": [
            0.7557674459894415,
            1.5468501812445297,
            0.07523229412185373,
            7.44346183560117,
            0.1444042449317422,
            0.25029233649165405,
            3.6284576860811555,
            0.032365004865972935,
            0.18422277226014216,
            10.775225657381448,
            0.1291770974229891,
            0.0645672480337538,
            0.07218452317312085,
            0.11693137639128537,
            0.05296663568108073
        ],
        "item_support": [
            3.250048637894537,
            2.3086247347583964,
            25.527657506880217,
            7.74007317714026,
            5.726082985313127,
            10.799080074268531,
            5.69271405981425,
            3.303807985273224,
            7.195428548970746,
            26.906726891598836,
            10.781162628003656,
            2.640248640695951,
            2.3352708030523033,
            0.9872116249678626,
            3.848113588244061
        ],
        "learning_rate": [
            0.09831428097129158,
            0.11159660927119197,
            0.011406727842666331,
            0.18188295879889016,
            0.06185764032493646,
            0.04482630314053915,
            0.08969346198422551,
            0.030927044343953825,
            0.05478493662470846,
            0.17113482032139155,
            0.023068418737512753,
            0.15802847778636114,
            0.23116917121637132,
            0.35951149803964044,
            0.0541414314031014
        ],
        "primacy_scale": [
            6.276619208122099,
            5.737428172471056,
            93.35190888250659,
            2.40868609351633,
            12.809072283982722,
            31.157990428570955,
            6.533700239910864,
            0.35717930666510966,
            13.38663829806206,
            56.8834525868233,
            39.472752375422445,
            1.2713956401408808,
            0.6010552020012554,
            0.6397945752387528,
            0.5288065253864431
        ],
        "primacy_decay": [
            1.5643411263969824,
            84.07397260529828,
            60.87916470200495,
            24.140582928578503,
            3.0845852666740754,
            3.70708888775642,
            1.4959910547084263,
            37.06661635746559,
            2.814819644333646,
            0.0007750402652604294,
            3.54037199537742,
            0.7428074444842707,
            0.7724705420009812,
            0.21479026609211616,
            0.46015149699816504
        ],
        "stop_probability_scale": [
            0.01906945994210385,
            0.013275493955133055,
            0.020724070570290853,
            0.03205807858073122,
            0.024935075526118344,
            0.01416541203193461,
            0.0393169001352518,
            0.029878365689033515,
            0.037138158008485356,
            0.019877695855571864,
            0.03340417365158843,
            0.022490302119894723,
            0.013873360932518286,
            0.011124967921421702,
            0.029930377502844552
        ],
        "stop_probability_growth": [
            0.353350331849537,
            0.3258434953263425,
            0.2866905967608693,
            0.24369119899805106,
            0.2528413868954429,
            0.2930684888488724,
            0.22641899264915644,
            0.28931849495543016,
            0.22804498990121136,
            0.29648085807555713,
            0.25404413273223536,
            0.28131709189828324,
            0.2624000997061451,
            0.313559380068396,
            0.25714212878706366
        ],
        "choice_sensitivity": [
            11.1263524820395,
            21.640949485217938,
            1.3383007406086023,
            91.8868098046348,
            2.2742958317023962,
            2.757775862560017,
            41.75285222057515,
            8.161819612943702,
            2.4934600922541392,
            3.5708475223037723,
            2.4179642279710833,
            10.034183356155623,
            10.624237489476798,
            26.114034754115696,
            7.898717279232336
        ],
        "subject": [
            1,
            2,
            3,
            4,
            5,
            6,
            7,
            8,
            9,
            10,
            11,
            12,
            13,
            14,
            15
        ]
    },
    "data_query": "data['listLength'] <= 40",
    "model": "BaseCMR",
    "name": "Murdock1962_BaseCMR_full",
    "relative_tolerance": 0.001,
    "popsize": 15,
    "num_steps": 1000,
    "cross_rate": 0.9,
    "diff_w": 0.85
}