{
    "fixed": {},
    "free": {
        "encoding_drift_rate": [
            2.220446049250313e-16,
            0.9999999999999998
        ],
        "start_drift_rate": [
            2.220446049250313e-16,
            0.9999999999999998
        ],
        "recall_drift_rate": [
            2.220446049250313e-16,
            0.9999999999999998
        ],
        "shared_support": [
            2.220446049250313e-16,
            100.0
        ],
        "item_support": [
            2.220446049250313e-16,
            100.0
        ],
        "learning_rate": [
            2.220446049250313e-16,
            0.9999999999999998
        ],
        "primacy_scale": [
            2.220446049250313e-16,
            100.0
        ],
        "primacy_decay": [
            2.220446049250313e-16,
            100.0
        ],
        "stop_probability_scale": [
            2.220446049250313e-16,
            0.9999999999999998
        ],
        "stop_probability_growth": [
            2.220446049250313e-16,
            10.0
        ],
        "choice_sensitivity": [
            2.220446049250313e-16,
            100.0
        ]
    },
    "fitness": [
        1414.72900390625,
        1378.0052490234375,
        1148.59423828125,
        1450.3521728515625,
        1224.403076171875,
        1469.7696533203125,
        1127.7388916015625,
        1063.955078125,
        1705.142578125,
        1590.4197998046875,
        1063.9930419921875,
        1189.4605712890625,
        1437.604248046875,
        1641.4202880859375,
        1040.7430419921875
    ],
    "fits": {
        "encoding_drift_rate": [
            0.4447770811042682,
            0.7755197772401637,
            0.5267375114772469,
            0.4949492665259235,
            0.39256223865370665,
            0.1962170552651446,
            0.6198609704348239,
            0.17594167222792284,
            0.18477688459164096,
            0.3344151861139205,
            0.6581698246005087,
            0.2159234956714262,
            0.3671351848924081,
            0.8546271457128254,
            0.32576422914474046
        ],
        "start_drift_rate": [
            0.0029216106317156987,
            0.34111543738162653,
            0.009919545181673983,
            0.07198919828964134,
            0.1076863845803454,
            0.03350179413336396,
            0.5382930534926659,
            0.5626329505331934,
            0.016043423808,
            0.0329990618429894,
            0.04186869562481821,
            0.0035793599872032122,
            0.014839061910842888,
            0.521964442798686,
            0.6504370228457361
        ],
        "recall_drift_rate": [
            0.8709928161511501,
            0.9000820163871062,
            0.5769742605830612,
            0.009404259938153636,
            0.88988131061922,
            0.9992653168915567,
            0.532444110660423,
            0.9994869948777897,
            0.9898015747290301,
            0.8555194077622186,
            0.9599654000249445,
            0.9984827363494598,
            0.8632869295737453,
            0.9101755516451979,
            0.7680422071713309
        ],
        "shared_support": [
            0.07829726585491022,
            0.22804913765991586,
            3.744486597404233,
            12.110092712885155,
            0.0004001870448402647,
            0.9586103270417041,
            0.27268809145054007,
            0.30899279698378734,
            17.328824999539307,
            0.00012823378213511205,
            0.5431531880977403,
            1.317691777926477,
            0.002031043527317422,
            6.1570406158202715,
            0.020987513562033655
        ],
        "item_support": [
            15.568912829951266,
            53.960720493261505,
            2.6171183578294333,
            45.82703483750872,
            7.5847785919237225,
            1.4600401328456059,
            0.9961136997295483,
            0.646422897690897,
            37.285166962901386,
            7.5280579468880475,
            35.66508619183361,
            1.917735697097605,
            6.300859641130039,
            5.344807329530482,
            76.45683868352043
        ],
        "learning_rate": [
            0.03225470813560394,
            0.00845659916204522,
            0.6370697350300158,
            0.31514397505791947,
            0.03247210389266936,
            0.4671821904709849,
            0.10249406634122368,
            0.6224908636260698,
            0.5718810265468349,
            0.000242025402383661,
            0.023929302113561035,
            0.37933344007484887,
            0.06616502883050845,
            0.9142436570788989,
            0.00356307698485675
        ],
        "primacy_scale": [
            19.041067200520366,
            50.11636087102711,
            0.6298598217117615,
            68.53069586932969,
            0.5600629780144502,
            0.33048047922719,
            1.298535478948068,
            0.09386362623995126,
            89.27930509101873,
            2.583348681995595,
            58.18778202547572,
            0.5403094511429813,
            4.570781023698132,
            0.828240787656128,
            20.156607101649826
        ],
        "primacy_decay": [
            2.1492025476783994,
            2.3340342206221862,
            38.609418488202984,
            1.1572323529793564,
            0.747530723774517,
            19.890586302675022,
            54.625055166021156,
            55.387152044898784,
            0.01236114910826332,
            0.8829806564200808,
            3.511260678667142,
            1.4291757727725098,
            1.3106228878590613,
            31.561138649268173,
            0.00670358937811244
        ],
        "stop_probability_scale": [
            0.014847872590346162,
            0.026156233573754073,
            0.013162962936943523,
            0.012599454796747737,
            0.01975919206306659,
            0.011820916820175248,
            0.029365960452919337,
            0.015839555157980967,
            0.007950403895042438,
            0.01251902562439691,
            0.03574071873788365,
            0.02294821404569658,
            0.007416333105893513,
            0.007984619133708503,
            0.015098691538965925
        ],
        "stop_probability_growth": [
            0.3724219705227263,
            0.32144721707139645,
            0.5270625214440567,
            0.4789803491538418,
            0.37964214984920286,
            0.39849673821425036,
            0.411180506505632,
            0.5063226747387581,
            0.3420561755304563,
            0.3321649320094391,
            0.32522310523206244,
            0.41173926452389686,
            0.43864008437219226,
            0.4670197948713213,
            0.5812498237445851
        ],
        "choice_sensitivity": [
            4.875648578153836,
            1.3117221802784442,
            89.92418037268286,
            9.817361028911478,
            5.237170336516407,
            97.6908529194037,
            4.811620515323156,
            95.67677814303946,
            96.7494816424412,
            5.5888886079259805,
            3.610422592108243,
            85.02907761618751,
            6.026531299013691,
            56.72699151179735,
            8.037227528903337
        ],
        "subject": [
            1,
            2,
            3,
            4,
            5,
            6,
            7,
            8,
            9,
            10,
            11,
            12,
            13,
            14,
            15
        ]
    },
    "data_query": "data['listLength'] == 20",
    "model": "BaseCMR",
    "name": "Murdock1962_BaseCMR_20",
    "relative_tolerance": 0.001,
    "popsize": 15,
    "num_steps": 1000,
    "cross_rate": 0.9,
    "diff_w": 0.85
}