{
    "fixed": {},
    "free": {
        "encoding_drift_rate": [
            2.220446049250313e-16,
            0.9999999999999998
        ],
        "start_drift_rate": [
            2.220446049250313e-16,
            0.9999999999999998
        ],
        "recall_drift_rate": [
            2.220446049250313e-16,
            0.9999999999999998
        ],
        "shared_support": [
            2.220446049250313e-16,
            100.0
        ],
        "item_support": [
            2.220446049250313e-16,
            100.0
        ],
        "learning_rate": [
            2.220446049250313e-16,
            0.9999999999999998
        ],
        "primacy_scale": [
            2.220446049250313e-16,
            100.0
        ],
        "primacy_decay": [
            2.220446049250313e-16,
            100.0
        ],
        "stop_probability_scale": [
            2.220446049250313e-16,
            0.9999999999999998
        ],
        "stop_probability_growth": [
            2.220446049250313e-16,
            10.0
        ],
        "choice_sensitivity": [
            2.220446049250313e-16,
            100.0
        ]
    },
    "fitness": [
        1440.92333984375,
        2190.534423828125,
        2158.60205078125,
        1643.639892578125,
        2078.6064453125,
        1702.0738525390625,
        2299.81591796875,
        2068.2001953125,
        1683.7215576171875,
        2075.5126953125,
        1825.210205078125,
        1819.7464599609375,
        1910.8895263671875,
        2013.592041015625,
        2077.83203125
    ],
    "fits": {
        "encoding_drift_rate": [
            0.7242052621098354,
            0.1807142156718737,
            0.6998819045783604,
            0.6755840670502253,
            0.5856552066693189,
            0.722814174989007,
            0.6160137606605856,
            0.3140455709143166,
            0.7617985125051643,
            0.5015395282171577,
            0.5868976715551137,
            0.46065699547697375,
            0.3715454902489294,
            0.5574288060980448,
            0.3038568081789639
        ],
        "start_drift_rate": [
            0.005110284712116386,
            0.19800688752190707,
            0.038489740157552854,
            0.20199136896042963,
            0.23347797690127997,
            0.08541232426266293,
            0.4980073437749891,
            0.05207833914178778,
            0.02944943952820861,
            0.08062923452546045,
            0.031759558179447145,
            0.01578548087923437,
            0.484647087679556,
            0.6325497874794768,
            0.020490614635256033
        ],
        "recall_drift_rate": [
            0.8083026582609139,
            0.9874750954497165,
            0.9515601017413415,
            0.6294933862981644,
            0.905386751770954,
            0.9353973025863723,
            0.7466047900693563,
            0.8644159195105681,
            0.9683180328183502,
            0.8033534073364218,
            0.7049761741833717,
            0.7212723041614614,
            0.9399839794011259,
            0.9637110714691035,
            0.8757639443961083
        ],
        "shared_support": [
            0.05347928513611322,
            16.592643537908657,
            0.11853744939755728,
            50.74028075702981,
            0.19719680845253862,
            11.400933342422718,
            58.26249038475777,
            0.15757354632533804,
            0.0805237504299896,
            1.3793948041049902,
            33.135419936567125,
            6.060509838661034,
            0.015926785134240617,
            0.009524314046039706,
            0.009779509793311547
        ],
        "item_support": [
            8.806470973127375,
            41.03112307185533,
            39.328256067476495,
            32.618758292441356,
            7.050070243055735,
            14.171162058995158,
            95.17867921352614,
            2.59231779448222,
            86.54403791518882,
            1.298622942447075,
            3.7527905590382318,
            8.623560650718268,
            2.6194081594455056,
            89.93904871024395,
            3.6821708991032907
        ],
        "learning_rate": [
            0.03279966007416368,
            0.5680249825313692,
            0.007179213903321047,
            0.533249312852585,
            0.052213175518919686,
            0.1922306656749263,
            0.19707756524550404,
            0.0776753882569734,
            0.007000857656238381,
            0.09720988296928348,
            0.7536164108728779,
            0.053949138183281904,
            0.1906410600085382,
            0.007696529830725582,
            0.044403299240889815
        ],
        "primacy_scale": [
            67.81143649109549,
            96.7292983090941,
            98.97869451160642,
            61.992204898638306,
            4.887159594352411,
            0.1594439416228539,
            18.187196974114116,
            3.2709481422631015,
            35.20298833982662,
            6.1492660848864915,
            36.29232088808354,
            9.693402990824268,
            0.28169866784376296,
            15.726179567629039,
            6.639781611394227
        ],
        "primacy_decay": [
            2.6089469402203704,
            0.007335098834021968,
            5.8925641578017505,
            7.833277891222679e-05,
            94.21272929665591,
            30.12905159268312,
            0.010747503401641765,
            3.9373096096772144,
            1.3899424274810528,
            2.4349822526167273,
            0.00040836245147346517,
            21.654497044021966,
            49.73544560911981,
            4.368968121948235,
            1.5152861483878866
        ],
        "stop_probability_scale": [
            0.017892249650654092,
            0.0035252553185811664,
            0.005685772832097813,
            0.032622245892798496,
            0.01428115074728964,
            0.018971643674138228,
            0.012872679486719496,
            0.009627467261190287,
            0.020248350942240256,
            0.022928996223276765,
            0.019985833832807776,
            0.02488351565752994,
            0.019723315277488218,
            0.007097611011382748,
            0.009764667221115741
        ],
        "stop_probability_growth": [
            0.4139947621428055,
            0.42079991715567555,
            0.3840128890850929,
            0.3253129282326208,
            0.29692951872206574,
            0.34525454547746115,
            0.2951701551964989,
            0.38037258249752703,
            0.3165268139096282,
            0.26632855020830526,
            0.27107381813582787,
            0.27824186950010965,
            0.27105893512017953,
            0.4074693403378058,
            0.3500070517768945
        ],
        "choice_sensitivity": [
            1.5231875822381014,
            99.78723443025072,
            1.8244532254011432,
            13.617357444825878,
            3.2096471731131047,
            88.11968965407267,
            37.147599035845076,
            11.53268117355453,
            1.3208603532717191,
            22.447685218162817,
            22.593620584536744,
            74.3235366690767,
            8.423690708588921,
            2.792454526347967,
            6.892804146424375
        ],
        "subject": [
            1,
            2,
            3,
            4,
            5,
            6,
            7,
            8,
            9,
            10,
            11,
            12,
            13,
            14,
            15
        ]
    },
    "data_query": "data['listLength'] == 40",
    "model": "BaseCMR",
    "name": "Murdock1962_BaseCMR_40",
    "relative_tolerance": 0.001,
    "popsize": 15,
    "num_steps": 1000,
    "cross_rate": 0.9,
    "diff_w": 0.85
}