{
    "fixed": {
        "allow_repeated_recalls": 0.0
    },
    "free": {
        "encoding_drift_rate": [
            2.220446049250313e-16,
            0.9999999999999998
        ],
        "start_drift_rate": [
            2.220446049250313e-16,
            0.9999999999999998
        ],
        "recall_drift_rate": [
            2.220446049250313e-16,
            0.9999999999999998
        ],
        "shared_support": [
            2.220446049250313e-16,
            100.0
        ],
        "item_support": [
            2.220446049250313e-16,
            100.0
        ],
        "learning_rate": [
            2.220446049250313e-16,
            0.9999999999999998
        ],
        "primacy_scale": [
            2.220446049250313e-16,
            100.0
        ],
        "primacy_decay": [
            2.220446049250313e-16,
            100.0
        ],
        "stop_probability_scale": [
            2.220446049250313e-16,
            0.9999999999999998
        ],
        "stop_probability_growth": [
            2.220446049250313e-16,
            10.0
        ],
        "choice_sensitivity": [
            2.220446049250313e-16,
            100.0
        ]
    },
    "fitness": [
        736.875732421875,
        2199.1416015625,
        2145.40185546875,
        1290.2216796875,
        2385.15625,
        2322.343994140625,
        2388.974853515625,
        846.5140380859375,
        1537.992919921875,
        596.483642578125,
        1725.464599609375,
        332.79296875,
        1213.485107421875,
        1300.747802734375,
        1002.9169921875,
        1123.783447265625,
        2318.10302734375,
        367.5244445800781,
        307.1502990722656,
        2078.816650390625,
        348.0063781738281,
        1809.380859375,
        2484.98876953125,
        1092.3109130859375,
        272.6954040527344,
        2009.1529541015625,
        391.2060546875,
        316.72259521484375,
        2216.47119140625,
        1336.98828125,
        291.1923522949219,
        655.6693115234375,
        379.83392333984375
    ],
    "fits": {
        "encoding_drift_rate": [
            0.7575458240307826,
            0.7662778456045976,
            0.7493654257319393,
            0.7906866572555303,
            0.8032302202619359,
            0.8466108750499856,
            0.8389277530025308,
            0.6856322339303212,
            0.778789012720761,
            0.7024746503372017,
            0.718762174812895,
            0.6685705131513309,
            0.6862798035183203,
            0.8918458417074466,
            0.7672264336960238,
            0.7685958808430997,
            0.8900727664825798,
            0.62221304250576,
            0.5771145283104873,
            0.7301059115507561,
            0.7094560368732209,
            0.6989467720464461,
            0.8173953964155904,
            0.7418837687538173,
            0.5701931647096627,
            0.7572371118039224,
            0.7015501150678207,
            0.6959050331433723,
            0.7840414487840952,
            0.8256985789994018,
            0.5124604406579693,
            0.659053128610634,
            0.9105287859832895
        ],
        "start_drift_rate": [
            0.7602009549962598,
            0.14857722813062163,
            0.18889672417457049,
            0.6407935468631638,
            0.17666202068686854,
            0.6730333112295241,
            0.6433795731848257,
            0.6675438908243848,
            0.007145411768925192,
            0.012801870492636813,
            0.3832171498440395,
            0.039914913183388356,
            0.41800336252962533,
            0.6329774114800812,
            0.5174769486346003,
            0.7644063420436134,
            0.022555587592696946,
            0.8183458301498394,
            0.054568417528222835,
            0.4425681439981384,
            0.07741635163816046,
            0.13887943059548474,
            0.0456199295504629,
            0.9885232350029183,
            0.2937423344407477,
            0.38698945386108735,
            0.3785457893029634,
            0.7866003489427166,
            0.005397276181961572,
            0.021317897178060985,
            0.1909286569492223,
            0.4433331202756535,
            0.000802163642625015
        ],
        "recall_drift_rate": [
            0.8479925541693425,
            0.9515483516378687,
            0.9519014766109766,
            0.8867153948095801,
            0.8788121169228515,
            0.9046560646534598,
            0.8793278479358104,
            0.8234266783506308,
            0.8677068470919018,
            0.8492472110577984,
            0.7882788736201278,
            0.6293733288853711,
            0.9778495686755544,
            0.959626788679161,
            0.9481611814351956,
            0.9032130664728779,
            0.9124629522048788,
            0.9122510383984752,
            0.40454914772185985,
            0.8839167903941507,
            0.4140984435354162,
            0.860301110598658,
            0.8451466349469843,
            0.22377345721638287,
            0.9651201062069847,
            0.8454749309594365,
            0.9107751067712297,
            0.8221809249498078,
            0.8893642578816523,
            0.9044484538665796,
            0.8278393897859533,
            0.6439082026023639,
            0.915055813809849
        ],
        "shared_support": [
            2.863028851890739,
            31.61089197458851,
            0.36523769877251056,
            48.63053194461017,
            0.35520189748430653,
            12.644390191595548,
            69.89982710812018,
            29.080834066198307,
            0.07628255687242813,
            0.08940723972216347,
            28.506561221506534,
            0.05561951620834549,
            13.632497416631871,
            11.497846782036646,
            9.146769269716515,
            46.64642564974206,
            0.05760688376179246,
            14.395228072306196,
            27.338202824392365,
            34.97666435811105,
            27.647468511561367,
            30.62756519574742,
            2.4447012402875217,
            30.246530992313797,
            7.184018973334602,
            16.845056717749465,
            54.42643921556857,
            90.8277636221249,
            10.218150442196979,
            4.70748693554863,
            24.21910104800005,
            37.28030236081263,
            6.713906105382392
        ],
        "item_support": [
            6.053209367963362,
            32.90728884205337,
            4.6982390636227365,
            54.67576540640218,
            3.4491838107857618,
            83.24949270152233,
            75.01634694470094,
            34.13583473835744,
            13.219574235808018,
            37.018103304704724,
            31.417955186860276,
            8.000293883398214,
            15.962602284847762,
            47.71950781443728,
            10.636556218099564,
            49.40383442216297,
            1.0833242565366845,
            23.236610762436417,
            32.256424092626844,
            37.74677976249339,
            31.02118836914285,
            33.14177799813335,
            4.9824047721943785,
            45.455294137835445,
            15.182315339506793,
            18.72867274753801,
            58.84118832093779,
            99.4740286618436,
            10.312805072239307,
            8.85392444268497,
            35.71140162583477,
            41.38355931471463,
            5.922700025291974
        ],