{
    "fixed": {},
    "free": {
        "encoding_drift_rate": [
            2.220446049250313e-16,
            0.9999999999999998
        ],
        "start_drift_rate": [
            2.220446049250313e-16,
            0.9999999999999998
        ],
        "recall_drift_rate": [
            2.220446049250313e-16,
            0.9999999999999998
        ],
        "shared_support": [
            2.220446049250313e-16,
            100.0
        ],
        "item_support": [
            2.220446049250313e-16,
            100.0
        ],
        "learning_rate": [
            2.220446049250313e-16,
            0.9999999999999998
        ],
        "primacy_scale": [
            2.220446049250313e-16,
            100.0
        ],
        "primacy_decay": [
            2.220446049250313e-16,
            100.0
        ],
        "stop_probability_scale": [
            2.220446049250313e-16,
            0.9999999999999998
        ],
        "stop_probability_growth": [
            2.220446049250313e-16,
            10.0
        ],
        "choice_sensitivity": [
            2.220446049250313e-16,
            100.0
        ]
    },
    "fitness": [
        1858.400634765625,
        1409.12939453125,
        2135.896484375,
        1079.68505859375,
        2044.3031005859375,
        2075.546875,
        998.9007568359375,
        1975.181640625,
        1518.792236328125,
        2468.094482421875,
        1839.1502685546875,
        2151.281982421875,
        2741.69775390625,
        1621.8216552734375,
        1927.1851806640625,
        1714.5975341796875,
        1701.126220703125,
        1711.3453369140625,
        1297.789794921875,
        2050.36083984375,
        1166.941162109375,
        1365.927001953125,
        1440.56689453125,
        1834.15185546875,
        1076.5208740234375,
        1081.928466796875,
        1602.7822265625,
        1242.486572265625,
        1376.099853515625,
        2017.4371337890625,
        1579.980712890625,
        1716.063232421875,
        1918.5618896484375,
        1599.2305908203125,
        850.0913696289062
    ],
    "fits": {
        "encoding_drift_rate": [
            0.5385735785722894,
            0.7008426794845155,
            0.6953111275863127,
            0.7455921757370976,
            0.46911983948272934,
            0.654771889768289,
            0.9165658983970106,
            0.7888592522180569,
            0.6907068778020515,
            0.7035161456440028,
            0.6262288653714887,
            0.6417935793551239,
            0.6562625492188346,
            0.6186102370069495,
            0.5124797771111396,
            0.6838133417326556,
            0.5612418549358329,
            0.7356079534557725,
            0.6532057369044487,
            0.5890864109101238,
            0.7533441132755215,
            0.7854478509037967,
            0.6337725089895787,
            0.8515890576369627,
            0.34950786328349276,
            0.7132656409683313,
            0.586413259379425,
            0.6545197756322558,
            0.694678858135178,
            0.6686455539547039,
            0.8096289943100147,
            0.5900460794470183,
            0.7864561067049589,
            0.6784478669824191,
            0.6926057375472715
        ],
        "start_drift_rate": [
            0.7063039473477531,
            0.3148459265646784,
            0.1271911951239733,
            0.23488790647828633,
            0.9587323085235432,
            0.2589199362172527,
            0.7286920744164068,
            0.4491449394050057,
            0.0553227165156549,
            0.592612314525807,
            0.668465141045341,
            0.6781890180955927,
            0.2715249536925544,
            0.5851116091069426,
            0.5373352864761809,
            0.5587614062980332,
            0.8981116774496786,
            0.9837856019877722,
            0.82215122467619,
            0.6876095412100826,
            0.6972716255492378,
            0.8113672034409185,
            0.2571678981706414,
            0.5990859452148078,
            0.6794166993880341,
            0.8062954813733,
            0.4376262735888936,
            0.03459116322705025,
            0.11111773287642684,
            0.41373303085938196,
            0.6430972622123541,
            0.6619567062675165,
            0.7676811059408815,
            0.8524381241510657,
            0.3268511798950019
        ],
        "recall_drift_rate": [
            0.8821157588801967,
            0.9575372681280513,
            0.9078215740100832,
            0.9484765442898443,
            0.8454784671559268,
            0.9959201331082116,
            0.9632421386001228,
            0.9117367930309948,
            0.9721501660781896,
            0.9101035733131184,
            0.8771963611907633,
            0.8877923621157129,
            0.8124122445006564,
            0.9416113574763297,
            0.8670314743042673,
            0.9301967297379197,
            0.8989580054647527,
            0.9644339752088001,
            0.8254580092591812,
            0.8974182126019071,
            0.9787567328390611,
            0.9607379318428297,
            0.8084212878020156,
            0.9654457806908419,
            0.9045522735604234,
            0.9871153336052344,
            0.9444578159894383,
            0.8764512678272087,
            0.9668047409197122,
            0.8871699606670089,
            0.9094010319659138,
            0.9648896509267321,
            0.9847614089280633,
            0.8990983144111215,
            0.920681939535323
        ],
        "shared_support": [
            3.6579251659808265,
            0.051640824934479405,
            0.06871278523050961,
            0.07291060101346858,
            24.0007650769479,
            0.29334968044057774,
            1.0907264632474565,
            1.3692467769482235,
            0.1711333259731018,
            86.83857644846634,
            1.0013984676965064,
            1.5705417641493895,
            6.525450480232138,
            7.651937101085323,
            0.38586397765789826,
            0.5058257338580177,
            1.3205362161083187,
            4.434694322421372,
            10.484251918758005,
            8.055117207398752,
            4.337653816125261,
            63.64285384928358,
            3.861534887296628,
            1.367227545241029,
            1.7855937076115609,
            0.06422921369455992,
            0.5703168021310248,
            9.689979112705679,
            0.726514164692901,
            0.3170948028259299,
            0.25206844943658524,
            0.41676711379564324,
            0.10757856205949738,
            10.220974269097653,
            0.7088329005140892
        ],
        "item_support": [
            3.1673155911981254,
            0.036378469601459074,
            0.13330776957012347,
            0.145199126396669,
            50.18080661266793,
            0.09390651346564027,
            0.31833474284727714,
            0.6259082533521507,
            0.02475139856538533,
            49.931221068776914,
            0.5455085455828765,
            0.976679304477976,
            6.337084168862461,
            0.4381031867945495,
            0.013871289055749969,
            0.043422518712851854,
            1.2370664109964196,
            2.9410519529081327,
            9.912731252286058,
            7.946061457234357,
            0.885471259555004,
            7.538599992361306,
            2.738240928181547,
            0.33042568147573803,
            4.391204400407062,
            0.3067545200851427,
            0.10241492753903714,
            9.194657804820011,
            0.5391910820019632,
            0.20027731709611457,
            1.0341863626931556,
            0.2643240983978856,
            0.26119478363354176,
            19.68167065352006,
            0.004380288611308458
        ],