{
    "fixed": {},
    "free": {
        "encoding_drift_rate": [
            2.220446049250313e-16,
            0.9999999999999998
        ],
        "start_drift_rate": [
            2.220446049250313e-16,
            0.9999999999999998
        ],
        "recall_drift_rate": [
            2.220446049250313e-16,
            0.9999999999999998
        ],
        "shared_support": [
            2.220446049250313e-16,
            100.0
        ],
        "item_support": [
            2.220446049250313e-16,
            100.0
        ],
        "learning_rate": [
            2.220446049250313e-16,
            0.9999999999999998
        ],
        "primacy_scale": [
            2.220446049250313e-16,
            100.0
        ],
        "primacy_decay": [
            2.220446049250313e-16,
            100.0
        ],
        "stop_probability_scale": [
            2.220446049250313e-16,
            0.9999999999999998
        ],
        "stop_probability_growth": [
            2.220446049250313e-16,
            10.0
        ],
        "choice_sensitivity": [
            2.220446049250313e-16,
            100.0
        ]
    },
    "fitness": [
        1845.4698486328125,
        1400.65576171875,
        2129.46240234375,
        1079.611328125,
        2043.7554931640625,
        2065.261962890625,
        998.9059448242188,
        1985.897705078125,
        1511.5479736328125,
        2477.86181640625,
        1841.892578125,
        2144.664306640625,
        2746.734619140625,
        1604.4747314453125,
        1925.9730224609375,
        1712.813720703125,
        1685.9833984375,
        1701.6466064453125,
        1298.03564453125,
        2049.031494140625,
        1168.744873046875,
        1367.301025390625,
        1442.029296875,
        1819.031982421875,
        1074.7481689453125,
        1083.767333984375,
        1582.6219482421875,
        1236.676513671875,
        1380.5771484375,
        2008.6484375,
        1579.246826171875,
        1721.2681884765625,
        1922.7138671875,
        1603.8074951171875,
        853.3019409179688
    ],
    "fits": {
        "encoding_drift_rate": [
            0.5065221337644426,
            0.776199359434521,
            0.736534991114223,
            0.8434260533485505,
            0.5126261459462234,
            0.6739268580283333,
            0.9343146744298194,
            0.5864362147769554,
            0.7300469264307353,
            0.5943095267650711,
            0.7276381262927696,
            0.7068189911327621,
            0.6283987984811599,
            0.6229538117534301,
            0.48983466103091033,
            0.7873443737756571,
            0.5563550412261922,
            0.7663080619777982,
            0.6867554640097497,
            0.7688932003739148,
            0.8333696546446827,
            0.831122800853858,
            0.505549508164936,
            0.8796202991618862,
            0.6361802461957328,
            0.7654028312578688,
            0.6946821952004663,
            0.7071130696049241,
            0.9081381479389075,
            0.6706859931202812,
            0.8508057038359911,
            0.7374018552992925,
            0.8006782872985896,
            0.7804342960069709,
            0.8203433813265744
        ],
        "start_drift_rate": [
            0.6831736475096322,
            0.0946805690012486,
            0.05451251734518925,
            0.028804516456897356,
            0.9678650558388786,
            0.14940261477223798,
            0.1468949255353029,
            0.320088517325428,
            0.07213743923064037,
            0.47690101774917737,
            0.5786460616543327,
            0.6030700874220353,
            0.24160477920646212,
            0.21967954851286328,
            0.39995644670442143,
            0.24913458258500887,
            0.8464015533096185,
            0.9740293248776061,
            0.89460222406415,
            0.5138891943432993,
            0.41100622252151947,
            0.8496719305748417,
            0.36919814741033985,
            0.060039185533275474,
            0.07855808810514686,
            0.42927600448437486,
            0.11451030664267775,
            0.017830778099521105,
            0.005384991922702809,
            0.20281220769602093,
            0.23210912084630453,
            0.3369466891047934,
            0.236405111780981,
            0.8767071862891804,
            0.10555063975837503
        ],
        "recall_drift_rate": [
            0.9144710780354088,
            0.9721973774730881,
            0.8841035703082125,
            0.9784980923639451,
            0.8348413739865206,
            0.9965444569188896,
            0.960726335639922,
            0.9291317945398907,
            0.9687192123959867,
            0.9560882507054141,
            0.8772019623662173,
            0.9618271242116441,
            0.9669272238532437,
            0.9269261894604712,
            0.8501726209113432,
            0.9688550531931043,
            0.931216848467874,
            0.9584473568016472,
            0.8532731777654947,
            0.9199001124416977,
            0.9799882520396223,
            0.9899589360087269,
            0.9966904242664748,
            0.9635216501726568,
            0.9150323463550516,
            0.9860607996079825,
            0.9707763919691059,
            0.8892700133069074,
            0.9746149983727344,
            0.8803735629976019,
            0.9096565624485295,
            0.9601394478148876,
            0.9707061414069201,
            0.955373290494469,
            0.979290116137472
        ],
        "shared_support": [
            7.963841588272061,
            0.02685785480077385,
            0.08166856866376548,
            0.019953153140679507,
            0.15006816571488119,
            0.2056076936197826,
            0.0059242808416951785,
            13.48667438948177,
            0.07318908063964358,
            0.5622506969645755,
            13.286371948759488,
            0.13980809478616152,
            1.3194485525187005,
            0.16962449319482642,
            6.264718076182227,
            0.05294183354022408,
            0.625549409597145,
            4.179952462195416,
            0.37077699589143975,
            5.108834297215111,
            1.2651251858294401,
            0.13649409057380132,
            15.795726590330325,
            0.021533644035642396,
            0.0029910492163218306,
            0.06035489308294473,
            3.81470682726286,
            0.08585972314869239,
            0.01919683636128866,
            0.4887596426956051,
            0.17736758897390814,
            3.382919588274383,
            0.09122467552333546,
            1.5272764256883988,
            0.018371381510981166
        ],
        "item_support": [
            8.162822378602883,
            0.023079963705079365,
            0.5054412703078057,
            0.41334647422681314,
            0.21531248528958025,
            0.362646869300427,
            0.2266737568589008,
            13.257087779290657,
            0.4325179445870688,
            1.1112012494382313,
            20.94411574526125,
            0.08099716461993012,
            1.8765968595562654,
            0.09235179809304128,
            5.982538337327767,
            0.1519088841377325,
            1.10215378768293,
            7.663949147505072,
            0.1458281992319712,
            22.320435913945452,
            1.9280647804458866,
            0.26586924382149135,
            14.561662093851993,
            0.017119247844192387,
            0.09302613451703223,
            0.3766689089732509,
            1.5955943912843153,
            0.2384584977844355,
            2.24159405359849,
            1.651524049795917,
            1.36797068550311,
            11.834883160725148,
            0.6131467928097649,
            8.765585990677728,
            0.02089855292589249
        ],