{
    "fixed": {},
    "free": {
        "encoding_drift_rate": [
            2.220446049250313e-16,
            0.9999999999999998
        ],
        "start_drift_rate": [
            2.220446049250313e-16,
            0.9999999999999998
        ],
        "recall_drift_rate": [
            2.220446049250313e-16,
            0.9999999999999998
        ],
        "shared_support": [
            2.220446049250313e-16,
            100.0
        ],
        "item_support": [
            2.220446049250313e-16,
            100.0
        ],
        "learning_rate": [
            2.220446049250313e-16,
            0.9999999999999998
        ],
        "primacy_scale": [
            2.220446049250313e-16,
            100.0
        ],
        "primacy_decay": [
            2.220446049250313e-16,
            100.0
        ],
        "stop_probability_scale": [
            2.220446049250313e-16,
            0.9999999999999998
        ],
        "stop_probability_growth": [
            2.220446049250313e-16,
            10.0
        ],
        "choice_sensitivity": [
            2.220446049250313e-16,
            100.0
        ],
        "mfc_choice_sensitivity": [
            2.220446049250313e-16,
            5.0
        ]
    },
    "fitness": [
        1859.941162109375,
        1405.235595703125,
        2135.73193359375,
        1078.14794921875,
        2045.140380859375,
        2072.404296875,
        996.8755493164062,
        1974.4920654296875,
        1514.8447265625,
        2473.375244140625,
        1831.254150390625,
        2148.32080078125,
        2747.95654296875,
        1609.20947265625,
        1926.0306396484375,
        1708.088134765625,
        1697.2366943359375,
        1709.9034423828125,
        1297.116943359375,
        2048.135009765625,
        1163.049560546875,
        1364.6298828125,
        1440.662109375,
        1827.510009765625,
        1076.000244140625,
        1081.228759765625,
        1591.3167724609375,
        1242.5673828125,
        1371.0089111328125,
        2014.0687255859375,
        1578.008056640625,
        1714.737548828125,
        1915.2406005859375,
        1599.0322265625,
        848.6683349609375
    ],
    "fits": {
        "encoding_drift_rate": [
            0.6118031564945141,
            0.7622138903205476,
            0.7193273405671893,
            0.8472465271104086,
            0.46195647440715504,
            0.7055806221499724,
            0.8862708820315678,
            0.8839118464870641,
            0.6970172866492121,
            0.7442987959049089,
            0.6482312458319959,
            0.7427059489662349,
            0.7251915268987369,
            0.5552310482299516,
            0.5616371438466498,
            0.837011655649478,
            0.5145978382171829,
            0.7815186514648014,
            0.7526342750643886,
            0.7594251853254745,
            0.8057685846441376,
            0.7996129423159075,
            0.6836941954697516,
            0.8475595424297684,
            0.37538415029385586,
            0.7668539012066546,
            0.6161836247875905,
            0.6209487065112635,
            0.8951490530708783,
            0.6385641429485456,
            0.8740884378743279,
            0.6364946934023634,
            0.764073125010625,
            0.7840842929389613,
            0.9080062083323084
        ],
        "start_drift_rate": [
            0.7912641537627614,
            0.20284911509050746,
            0.09894065991193962,
            0.024807763665410376,
            0.9505381972850818,
            0.09533818453970416,
            0.35492935956364907,
            0.24848554246693888,
            0.05527681161636083,
            0.4883572724513575,
            0.48624873610768754,
            0.8273443578500519,
            0.2979573935641012,
            0.48997683169170153,
            0.48269153340639803,
            0.40108670679371905,
            0.8389564799697866,
            0.9902538385411456,
            0.890974909746949,
            0.7157114757884736,
            0.3662082143089604,
            0.8159906804285997,
            0.1907124241795515,
            0.3726939541302412,
            0.7469278566705068,
            0.6065102357946781,
            0.29618447731343756,
            0.059456257556786685,
            0.03454240583277829,
            0.2893131261337152,
            0.467225902090766,
            0.5135367161390899,
            0.45053766521567096,
            0.7364274605679739,
            0.3827119107975226
        ],
        "recall_drift_rate": [
            0.9199047571623125,
            0.9400402904272509,
            0.8767305593114665,
            0.964628529638345,
            0.8626520034882701,
            0.9854888542618369,
            0.9395602182549114,
            0.8752975859461323,
            0.9323010387440067,
            0.915285165350372,
            0.8244400464604003,
            0.9276420268323811,
            0.9437626639018186,
            0.9650388786681271,
            0.8389118447885626,
            0.9441305175750677,
            0.9192321217865926,
            0.9516722239448433,
            0.834413679821385,
            0.855415069538016,
            0.9788196491635532,
            0.9531454160073372,
            0.6548729962483859,
            0.9560943417889947,
            0.9429431218904134,
            0.9891826924066908,
            0.9453877323050731,
            0.9092958510294009,
            0.9703856812433769,
            0.8726042940241374,
            0.8824111075379342,
            0.9358473446667377,
            0.9750741281068829,
            0.9308046956316389,
            0.9615233271819602
        ],
        "shared_support": [
            26.762775156475026,
            0.06162518340974543,
            0.07627195947726051,
            0.027932000394656598,
            30.38817530503981,
            0.1316654456852291,
            0.04765605065998102,
            1.3283275047913676,
            0.18665745133327505,
            11.251665905173184,
            0.628036857916058,
            10.42394363706498,
            11.883388048306095,
            7.100924590244475,
            0.4060680915758397,
            2.310212241773357,
            5.633238172621127,
            2.7100713236258613,
            62.77487529936907,
            8.52590916159059,
            0.10151054670317816,
            0.32289202448465204,
            7.728674858618298,
            5.316164651993759,
            0.5269669389168143,
            0.12333041747849194,
            0.27524965974113513,
            12.17126360503157,
            0.039328910552789864,
            3.5699331586955694,
            0.037390983020060276,
            0.23859911525763522,
            0.2389292360172755,
            3.7304237708431955,
            1.3295441266607497
        ],