{
    "fixed": {},
    "free": {
        "encoding_drift_rate": [
            2.220446049250313e-16,
            0.9999999999999998
        ],
        "start_drift_rate": [
            2.220446049250313e-16,
            0.9999999999999998
        ],
        "recall_drift_rate": [
            2.220446049250313e-16,
            0.9999999999999998
        ],
        "shared_support": [
            2.220446049250313e-16,
            100.0
        ],
        "item_support": [
            2.220446049250313e-16,
            100.0
        ],
        "learning_rate": [
            2.220446049250313e-16,
            0.9999999999999998
        ],
        "primacy_scale": [
            2.220446049250313e-16,
            100.0
        ],
        "primacy_decay": [
            2.220446049250313e-16,
            100.0
        ],
        "stop_probability_scale": [
            2.220446049250313e-16,
            0.9999999999999998
        ],
        "stop_probability_growth": [
            2.220446049250313e-16,
            10.0
        ],
        "choice_sensitivity": [
            2.220446049250313e-16,
            100.0
        ]
    },
    "fitness": [
        1862.3309326171875,
        1413.9962158203125,
        2138.176025390625,
        1084.80908203125,
        2045.92138671875,
        2075.520751953125,
        1003.8126831054688,
        1991.1749267578125,
        1522.405517578125,
        2477.89697265625,
        1865.677001953125,
        2150.23486328125,
        2732.8408203125,
        1614.0006103515625,
        1929.626708984375,
        1717.4151611328125,
        1698.1763916015625,
        1709.5562744140625,
        1290.07666015625,
        2049.426025390625,
        1177.161865234375,
        1383.78759765625,
        1446.0986328125,
        1826.6083984375,
        1081.9268798828125,
        1088.0830078125,
        1595.138671875,
        1245.9033203125,
        1381.47998046875,
        2017.6376953125,
        1581.883056640625,
        1728.6180419921875,
        1913.672607421875,
        1595.6959228515625,
        857.41748046875
    ],
    "fits": {
        "encoding_drift_rate": [
            0.7255328790110882,
            0.7397163527767696,
            0.8103023097264884,
            0.8492734909768791,
            0.5651904699734915,
            0.7673448801048499,
            0.9702770681056083,
            0.7989081057780448,
            0.7571130183014747,
            0.7735225916770565,
            0.8147371258856824,
            0.7152933539739679,
            0.7992240168938006,
            0.6879946947158044,
            0.5780788768424975,
            0.8648497265156918,
            0.6891827258532561,
            0.7929409730767746,
            0.7054137309860311,
            0.8458492442870298,
            0.7911901239844804,
            0.7733090416372718,
            0.718358676171213,
            0.8445990025173773,
            0.5151567841028526,
            0.7383604902057758,
            0.7425606825436584,
            0.6543032988841286,
            0.8946853460566391,
            0.7907445025677401,
            0.7264652642379689,
            0.7700939508465076,
            0.8321310167214295,
            0.8887530387977711,
            0.7493516283802307
        ],
        "start_drift_rate": [
            0.7929907106698528,
            0.27671696764171944,
            0.0686535652160229,
            0.04251563822169724,
            0.9914035532586838,
            0.14303073919031123,
            0.9842243272372645,
            0.21085772172336642,
            0.0961959111502052,
            0.9125808869231771,
            0.8792919946316842,
            0.878769087158932,
            0.0879783409558395,
            0.36647181279743457,
            0.609458983938044,
            0.6860145893939317,
            0.9455628876298418,
            0.9992769025769249,
            0.8730426572380903,
            0.886623634161521,
            0.827790458921106,
            0.9002127841783776,
            0.5962616230114013,
            0.3415088121468002,
            0.6083945125312589,
            0.9456130886738265,
            0.2758218434721921,
            0.04294884464147941,
            0.017106232242235397,
            0.19533368611136226,
            0.37590109783913367,
            0.6952197902140919,
            0.6710208925404112,
            0.9811913529760274,
            0.2751829827555118
        ],
        "recall_drift_rate": [
            0.938810976384064,
            0.9615476881257423,
            0.9200321591798561,
            0.9809308912155806,
            0.8301575320473726,
            0.9932967252717574,
            0.9736683400678552,
            0.8840945384571148,
            0.9892720720268622,
            0.961581141055579,
            0.9377657937316273,
            0.9755211444310296,
            0.9214129457904987,
            0.9450446031046171,
            0.9086083818353319,
            0.9730634712417442,
            0.9438284211990011,
            0.9242021512653018,
            0.8629705446590175,
            0.9281139274742729,
            0.9923021093376522,
            0.9759188317219822,
            0.9973160436660625,
            0.9768258549226668,
            0.8923938007670595,
            0.9802696871155975,
            0.9435923863738195,
            0.9671496085900245,
            0.9729950117290669,
            0.8956284238140813,
            0.9358446728678507,
            0.9445509658393827,
            0.9680284612327407,
            0.9463708705085417,
            0.9861553472668577
        ],
        "shared_support": [
            0.20924488413357425,
            0.16030009522022937,
            0.03904360127948081,
            0.01398130841268852,
            0.05093462972846652,
            0.06223171053004961,
            0.014475129547669496,
            12.955281301366838,
            0.05395986558578687,
            2.3887143943744533,
            6.235214336455499,
            0.12233957698319387,
            0.050269191520065704,
            0.18160099653447048,
            11.913576150805476,
            0.03457033710827592,
            0.14770247202378073,
            0.09289363944439089,
            27.64628896331885,
            2.0207867355420888,
            0.11296290600673586,
            15.286065727635481,
            10.241650615553738,
            0.06664443045850987,
            0.03280057627346622,
            0.08873612660305241,
            5.381785138789411,
            0.15347980903724334,
            0.009019860893765497,
            0.11325675024644255,
            0.06771096773037044,
            0.11058204304411515,
            0.07505263260914558,
            0.012453108922535705,
            0.04876568224474909
        ],
        "item_support": [
            0.9565436659130526,
            0.05317366221654396,
            0.6586114192483095,
            0.21528576537851052,
            0.48428396237052596,
            0.0807568137365493,
            50.481749996355205,
            11.871515246924886,
            0.29535271162531984,
            27.983332969274464,
            45.38435006046904,
            0.7453487217700427,
            0.8689477901810108,
            0.19683513478656778,
            11.774318274418931,
            0.025421213428999657,
            0.7464594926350259,
            1.1550917551311244,
            27.223211669661723,
            6.899474830287133,
            0.13086232220158678,
            14.603965250007313,
            9.322330109508101,
            0.35091155889418246,
            3.9562332650600354,
            1.376220923394179,
            0.5894222996830365,
            1.6358918404208467,
            0.21677621887047138,
            1.316650656846015,
            0.20586074925238762,
            0.35759987950166305,
            0.4076256465002501,
            0.6316812537250058,
            0.05389109099400713
        ],