{
    "fixed": {
        "encoding_drift_rate": 0.999,
        "start_drift_rate": 0.0001,
        "recall_drift_rate": 0.999,
        "shared_support": 0.0,
        "item_support": 1.0,
        "learning_rate": 0.999,
        "primacy_scale": 0.0,
        "primacy_decay": 1.0,
        "stop_probability_scale": 1.0,
        "stop_probability_growth": 1.0,
        "choice_sensitivity": 1.0,
        "mcf_trace_sensitivity": 1.0,
        "mfc_trace_sensitivity": 1.0,
        "mfc_choice_sensitivity": 1.0,
        "semantic_scale": 0.0,
        "semantic_choice_sensitivity": 0.0
    },
    "free": {
        "encoding_drift_rate": [
            2.220446049250313e-16,
            0.9999999999999998
        ],
        "start_drift_rate": [
            2.220446049250313e-16,
            0.9999999999999998
        ],
        "recall_drift_rate": [
            2.220446049250313e-16,
            0.9999999999999998
        ],
        "shared_support": [
            2.220446049250313e-16,
            99.9999999999999998
        ],
        "item_support": [
            2.220446049250313e-16,
            99.9999999999999998
        ],
        "learning_rate": [
            2.220446049250313e-16,
            0.9999999999999998
        ],
        "primacy_scale": [
            2.220446049250313e-16,
            99.9999999999999998
        ],
        "primacy_decay": [
            2.220446049250313e-16,
            99.9999999999999998
        ],
        "stop_probability_scale": [
            2.220446049250313e-16,
            0.9999999999999998
        ],
        "stop_probability_growth": [
            2.220446049250313e-16,
            9.9999999999999998
        ],
        "mcf_trace_sensitivity": [
            2.220446049250313e-16,
            99.9999999999999998
        ]
    }
}
