{
    "fixed": {
        "allow_repeated_recalls": 0.0,
        "learn_after_context_update": 0.0,
        "modulate_emotion_by_primacy": 0.0
    },
    "free": {
        "encoding_drift_rate": [
            2.220446049250313e-16,
            0.9999999999999998
        ],
        "start_drift_rate": [
            2.220446049250313e-16,
            0.9999999999999998
        ],
        "recall_drift_rate": [
            2.220446049250313e-16,
            0.9999999999999998
        ],
        "shared_support": [
            2.220446049250313e-16,
            100.0
        ],
        "item_support": [
            2.220446049250313e-16,
            100.0
        ],
        "learning_rate": [
            2.220446049250313e-16,
            0.9999999999999998
        ],
        "primacy_scale": [
            2.220446049250313e-16,
            100.0
        ],
        "primacy_decay": [
            2.220446049250313e-16,
            100.0
        ],
        "choice_sensitivity": [
            2.220446049250313e-16,
            100.0
        ],
        "emotion_scale": [
            2.220446049250313e-16,
            10.0
        ]
    },
    "fitness": [
        286.0189208984375,
        228.55357360839844,
        274.7570495605469,
        177.8394317626953,
        196.08602905273438,
        226.47201538085938,
        220.9522247314453,
        206.8731689453125,
        147.94219970703125,
        206.6067352294922,
        225.19871520996094,
        199.43881225585938,
        262.5208740234375,
        258.5968933105469,
        289.02392578125,
        173.20217895507812,
        176.6652374267578,
        155.38699340820312,
        211.56092834472656,
        175.55935668945312,
        173.4732208251953,
        236.12408447265625,
        167.89193725585938,
        257.9256591796875,
        181.2659454345703,
        241.32591247558594,
        225.7895965576172,
        214.4005126953125,
        250.20370483398438,
        180.51980590820312,
        247.2827606201172,
        309.3569641113281,
        155.24868774414062,
        127.70588684082031,
        317.215087890625,
        171.90676879882812,
        260.61407470703125,
        141.86001586914062
    ],
    "fits": {
        "encoding_drift_rate": [
            0.44006426657236697,
            0.9675343406308591,
            0.7340529709933084,
            0.9322470153306566,
            0.8641846921156002,
            0.3710229367874353,
            0.990258548312208,
            0.518625752158149,
            0.4519958284946056,
            0.6545033002430767,
            0.2503341496303973,
            0.7867602607257269,
            0.6400826283602961,
            0.933539486509587,
            0.9242777727311597,
            0.13459021030553747,
            0.9986865589223674,
            0.9552149613308886,
            0.9995501212301515,
            0.2180698015418308,
            0.7680851673640622,
            0.9985127472194563,
            0.15965031681799077,
            0.5407764989028437,
            0.993288137100755,
            0.8784008524167539,
            0.9911193728157062,
            0.7161656134472477,
            0.21073389591652608,
            0.9999780689518497,
            0.8147709912188699,
            0.8026175388220607,
            0.4864067305565236,
            0.09384569145225884,
            0.9831571653223549,
            0.8301147599251124,
            0.9170107065422017,
            0.5072297552920838
        ],
        "start_drift_rate": [
            0.05046953971942758,
            0.0534747265889049,
            0.7988094533022507,
            0.9997683833698592,
            0.0800113123404479,
            0.006027370947398025,
            0.9775414037618568,
            0.4446776171042751,
            0.6194852213861837,
            0.17258836975699832,
            0.21946069107067578,
            0.945752668529822,
            0.9585080511641452,
            0.47367466396659696,
            0.229032197469765,
            0.0756326151628936,
            0.00024048079305472037,
            0.16866978657339204,
            0.20753839710679922,
            0.8431999126406757,
            0.8910447993164419,
            0.0030722372486205463,
            0.0011780776128516024,
            0.9999995679025164,
            0.043868871584912594,
            0.08399379277533542,
            0.9967214889446037,
            0.9964828213045639,
            0.4069109104452322,
            0.2921347973595093,
            0.6453425019329975,
            0.02001547455731162,
            0.07880132907668563,
            0.9896418036156194,
            0.28023866457378904,
            0.2016068149087923,
            0.014896776473041828,
            0.24039784942179876
        ],
        "recall_drift_rate": [
            0.6630760198491188,
            0.0033388326462370777,
            0.9452469998197497,
            0.2027750890081691,
            0.013924601589862418,
            0.9666868552920449,
            0.9514188865421418,
            0.9988353474286673,
            0.39564101124676143,
            0.8350643907698019,
            0.9444240832031638,
            0.9896039260357082,
            0.11942338281689316,
            0.8715581588563992,
            0.836411520426112,
            0.050803435114724516,
            0.5382664396303903,
            0.9407219163377338,
            0.9971175152017552,
            0.9177539132560761,
            0.9937362403074254,
            0.8952778569931079,
            0.9601721289627115,
            0.2611896322102454,
            0.5597041039778844,
            0.7258001533531925,
            0.22611136339908636,
            0.26268368853922164,
            0.15880947717576627,
            0.7710561561478024,
            0.5282252799580108,
            0.00040149425798147176,
            0.9874715625847164,
            0.9994018504340635,
            0.8912181044904641,
            0.9794652561844199,
            2.220446049250313e-16,
            0.9999999999999998
        ],
        "shared_support": [
            56.5948756451675,
            79.33076892208027,
            61.011727098782984,
            38.33537085617358,
            47.41367626981366,
            17.12888775137776,
            15.734715006441427,
            0.001824990136938709,
            62.33629477853885,
            96.91353495003081,
            38.19456082080504,
            45.300683880457164,
            95.22079143917924,
            2.326054022111272,
            0.0007387102365541409,
            2.016330993525763,
            8.196149764370077,
            70.51910920794373,
            33.50826894115123,
            16.364875558541044,
            97.13390963911272,
            24.051103597335498,
            97.03161874878033,
            94.07570722071199,
            93.88861701770887,
            71.70754696437244,
            2.3646493776489734,
            0.04358017937988734,
            92.23419946833786,
            61.69569638042345,
            0.009652041672630673,
            46.777301804251906,
            2.913955904754445,
            89.42722583065832,
            49.729318621726016,
            54.5798849668641,
            83.84760834381206,
            6.664422501599596
        ],