{
    "fixed": {
        "allow_repeated_recalls": 0.0,
        "learn_after_context_update": 0.0,
        "modulate_emotion_by_primacy": 0.0
    },
    "free": {
        "encoding_drift_rate": [
            2.220446049250313e-16,
            0.9999999999999998
        ],
        "start_drift_rate": [
            2.220446049250313e-16,
            0.9999999999999998
        ],
        "recall_drift_rate": [
            2.220446049250313e-16,
            0.9999999999999998
        ],
        "shared_support": [
            2.220446049250313e-16,
            100.0
        ],
        "item_support": [
            2.220446049250313e-16,
            100.0
        ],
        "learning_rate": [
            2.220446049250313e-16,
            0.9999999999999998
        ],
        "primacy_scale": [
            2.220446049250313e-16,
            100.0
        ],
        "primacy_decay": [
            2.220446049250313e-16,
            100.0
        ],
        "choice_sensitivity": [
            2.220446049250313e-16,
            100.0
        ],
        "emotion_scale": [
            2.220446049250313e-16,
            10.0
        ]
    },
    "fitness": [
        271.03717041015625,
        217.74151611328125,
        261.8284606933594,
        174.6298065185547,
        191.6999969482422,
        223.44921875,
        217.27467346191406,
        202.01976013183594,
        141.90916442871094,
        199.6083221435547,
        224.9500732421875,
        188.98594665527344,
        259.7354736328125,
        248.794921875,
        283.1977844238281,
        168.0713348388672,
        167.12237548828125,
        150.4789276123047,
        207.76901245117188,
        173.0355682373047,
        170.58863830566406,
        228.8760986328125,
        161.66770935058594,
        257.3015441894531,
        176.34451293945312,
        234.12950134277344,
        220.24781799316406,
        210.18853759765625,
        239.1109161376953,
        179.16062927246094,
        235.6699676513672,
        292.0568542480469,
        150.41714477539062,
        124.48037719726562,
        301.8024597167969,
        168.1222381591797,
        259.6082458496094,
        143.2776336669922
    ],
    "fits": {
        "encoding_drift_rate": [
            0.9954246885436967,
            0.21850776571831654,
            0.5028870459629349,
            0.8966343339365748,
            0.5901780559525778,
            0.9998238218846514,
            0.44121586570203764,
            0.38388692190152723,
            0.13391463625778383,
            0.47512709439253276,
            0.2074961030066823,
            0.48916543143388996,
            0.6017207355472404,
            0.4711397171967289,
            0.48652161397137594,
            0.45463958270886323,
            0.3459623141279754,
            0.9863352030257126,
            0.3001526245717222,
            0.9965365971779345,
            0.25736399467527876,
            0.3275766034899148,
            0.1316819290480417,
            0.5525579965065849,
            0.28028924765254903,
            0.4130281031257798,
            0.32204168098458263,
            0.16761141824358228,
            0.37386045198752077,
            0.9992049549669406,
            0.2816254234955746,
            0.5223252565219856,
            0.09096005105851446,
            0.11996486625593251,
            0.5383676851165253,
            0.15549536052650859,
            0.9302345037515656,
            0.5271266530524729
        ],
        "start_drift_rate": [
            0.48459189421116733,
            0.9999991234441481,
            0.9999626755530296,
            0.9945650408189717,
            0.9995549984593347,
            0.14209446342998128,
            0.14030133399765138,
            0.9996702277777211,
            0.9998854114260951,
            0.19628626376672598,
            0.9979551580731263,
            0.0047708067941062415,
            0.9937748683404373,
            0.3761319055006344,
            0.99545136875788,
            0.9997211726812189,
            0.9999603173148449,
            0.49959010756665634,
            0.9999952456794823,
            0.94174036635753,
            0.9999992278313784,
            0.9995131346925092,
            0.999984992759939,
            0.9986628960413714,
            0.999429184127299,
            0.9999964354877261,
            0.9999360638399399,
            0.9999999432933535,
            0.9999998934084359,
            0.6298842568818921,
            0.999993962433704,
            0.9999988637042408,
            0.9999629098878535,
            0.9999964703432574,
            0.999489917777187,
            0.9999587516328929,
            0.14413939452007768,
            0.08355663943055452
        ],
        "recall_drift_rate": [
            0.999834464128758,
            0.8313496859236278,
            0.9995152057574516,
            0.9994986713893775,
            0.20678533241497288,
            0.9955580684704609,
            0.9995822281571467,
            0.9998888741987594,
            0.4705734542488956,
            0.9968463281206359,
            0.6715446922783671,
            0.9996434056884219,
            0.8916110610833041,
            0.9999978335320351,
            0.9970196081898872,
            0.9999999999999998,
            0.9992967686873219,
            0.9192235359848875,
            0.15424650374723725,
            0.9989940334288905,
            0.10719720253653044,
            0.9006234425000357,
            0.2147063131287375,
            0.16036457074738042,
            0.28164061613831215,
            0.1438536550599585,
            0.974433604336308,
            0.4297658242996254,
            0.1708721318124215,
            0.8428100340603728,
            0.9999431828392134,
            0.1951946927535393,
            0.19233637660180514,
            0.25570567585491993,
            0.9976919139385547,
            0.1414570193027373,
            0.826353239095736,
            0.28612651453039395
        ],
        "shared_support": [
            82.06030647975226,
            94.87594350518944,
            1.0125707515878801,
            11.390875214250492,
            80.26559486911833,
            83.68950122542529,
            45.36619512022207,
            37.28010539024779,
            13.192377194086461,
            93.35416575646691,
            87.585791121953,
            32.02931736907253,
            69.82139475052563,
            13.882933176911195,
            7.238862574172522,
            0.02343491496022665,
            57.391887405635714,
            70.39249112851505,
            99.78677342921755,
            67.77034547275076,
            90.79410953185499,
            90.15821068526613,
            68.96679563491858,
            97.12372393667765,
            53.704208039960776,
            74.9103938347919,
            99.64334479115936,
            84.3782416295487,
            95.42803496011683,
            36.40653169895303,
            56.55575738824516,
            99.44665335240455,
            30.836965555360397,
            89.24244008373898,
            15.36345604480254,
            43.00783627769613,
            52.118059863825636,
            14.733638792245046
        ],