{
    "fixed": {
        "allow_repeated_recalls": 0.0,
        "learn_after_context_update": 0.0,
        "modulate_emotion_by_primacy": 1.0
    },
    "free": {
        "encoding_drift_rate": [
            2.220446049250313e-16,
            0.9999999999999998
        ],
        "start_drift_rate": [
            2.220446049250313e-16,
            0.9999999999999998
        ],
        "recall_drift_rate": [
            2.220446049250313e-16,
            0.9999999999999998
        ],
        "shared_support": [
            2.220446049250313e-16,
            100.0
        ],
        "item_support": [
            2.220446049250313e-16,
            100.0
        ],
        "learning_rate": [
            2.220446049250313e-16,
            0.9999999999999998
        ],
        "primacy_scale": [
            2.220446049250313e-16,
            100.0
        ],
        "primacy_decay": [
            2.220446049250313e-16,
            100.0
        ],
        "choice_sensitivity": [
            2.220446049250313e-16,
            100.0
        ],
        "emotion_scale": [
            2.220446049250313e-16,
            10.0
        ]
    },
    "fitness": [
        286.4357604980469,
        219.29800415039062,
        276.87274169921875,
        179.4186553955078,
        194.07284545898438,
        228.25465393066406,
        224.7689666748047,
        211.2119598388672,
        146.60498046875,
        206.19033813476562,
        225.69869995117188,
        193.5283660888672,
        260.76470947265625,
        259.56317138671875,
        293.2630615234375,
        174.10781860351562,
        174.68267822265625,
        151.00869750976562,
        214.0364990234375,
        179.78518676757812,
        176.18218994140625,
        236.07606506347656,
        167.3838653564453,
        259.34503173828125,
        180.68209838867188,
        238.42149353027344,
        228.70486450195312,
        218.55307006835938,
        248.412353515625,
        181.48826599121094,
        245.76971435546875,
        306.7879333496094,
        155.7195281982422,
        127.378662109375,
        318.6529235839844,
        173.71295166015625,
        259.8172607421875,
        143.02444458007812
    ],
    "fits": {
        "encoding_drift_rate": [
            0.36578236135985515,
            0.4994863588050491,
            0.8410267018910749,
            0.4421815177554964,
            0.6307238225221024,
            0.3202522698853225,
            0.8428575927704189,
            0.515585937762163,
            0.8628688526942625,
            0.6971243419921801,
            0.09750237325146505,
            0.6380810796873639,
            0.9993103326926478,
            0.9631530928152731,
            0.5849164736185324,
            0.40142455088070256,
            0.9931707283564039,
            0.5249227114608696,
            0.27532718315938653,
            0.9232249100723127,
            0.8291799071304662,
            0.5675837775675437,
            0.18801555286836036,
            0.36125015146239703,
            0.997805451628209,
            0.3408403985136814,
            0.5317816075714842,
            0.07973767313508114,
            0.3268495545069453,
            0.9997511316094786,
            0.9299629632011637,
            0.5002923996147685,
            0.1176942494497864,
            0.10759534588442692,
            0.9205701715198114,
            0.2874409030363626,
            0.9525087160277947,
            0.4838034297248499
        ],
        "start_drift_rate": [
            0.5862526020753629,
            0.0012470098908154426,
            0.3104654245869083,
            0.7461437363321856,
            0.08720969427976555,
            0.11753062603353037,
            0.13084260310353196,
            0.8834901591933308,
            0.03117528773617312,
            2.220446049250313e-16,
            0.7337315193938343,
            0.0002443587261791169,
            0.0039440376560545,
            0.6626309488907631,
            0.1715220823205918,
            0.059729429733061445,
            0.0006739032178814663,
            0.009245653014729793,
            0.08904048483172561,
            0.5626001899245789,
            0.0014941861350646346,
            0.020433772540226103,
            0.7335456779030958,
            0.06667571645208813,
            0.18003951162871284,
            0.31930187995457915,
            0.15826117362061526,
            0.4079921223809522,
            0.05318530492141632,
            0.37172169098922264,
            0.8268598006492336,
            0.9975675461525702,
            0.42662262365706805,
            0.8159741640427657,
            0.2852329880693787,
            0.07699116757950147,
            0.010321024096066389,
            0.04155710438734898
        ],
        "recall_drift_rate": [
            0.15545957109294145,
            0.7638334004593481,
            0.41693578579256924,
            0.26398202010728333,
            0.46188644188284345,
            0.9999963154659111,
            0.840141698189051,
            0.5089231669010497,
            0.9960412507936527,
            0.6379036835918448,
            0.9574562296669464,
            0.8982216116251371,
            0.8309807681705197,
            0.12898082237224057,
            0.25757009489330174,
            0.1770302058709105,
            0.800654931068,
            0.8929364376294857,
            0.273655782240781,
            0.13654433152374806,
            0.829162179795427,
            0.4944842863512271,
            0.10001515651369125,
            0.1756699334692489,
            0.7532611433721161,
            0.4123471060011259,
            0.8623744106931028,
            0.49766076899536016,
            0.26065049696737347,
            0.7888769069013425,
            0.5473833260610874,
            0.4853258932430443,
            0.991575354791303,
            0.9731142862154064,
            0.02373516662836317,
            0.6635491276259403,
            0.6475419671812426,
            0.4486327615803889
        ],
        "shared_support": [
            30.049713488725683,
            11.388365841836212,
            81.53884510725092,
            9.697538473938785,
            96.39670437568866,
            73.13483521600695,
            46.85940165435339,
            12.741384995897995,
            74.50111786514401,
            70.77656185224097,
            98.14641722315048,
            25.403042679682535,
            47.63147209193049,
            1.6975801178048613,
            34.68327442744016,
            4.311897012483065,
            11.022273696179631,
            93.8019236521422,
            93.12525032036646,
            56.77758799237,
            80.03666490543249,
            87.57286220644207,
            37.532113545944014,
            98.15931524774517,
            52.55589488249217,
            60.51040506679249,
            14.186362227465125,
            77.99519570680074,
            89.23145115686677,
            4.389178960117874,
            4.339874795772815,
            99.3838062939747,
            84.7358749259753,
            90.20062543392163,
            99.87200945783621,
            74.54830153474994,
            78.72468777915705,
            87.7710814354098
        ],