{
    "fixed": {
        "allow_repeated_recalls": 0.0,
        "learn_after_context_update": 0.0
    },
    "free": {
        "encoding_drift_rate": [
            2.220446049250313e-16,
            0.9999999999999998
        ],
        "start_drift_rate": [
            2.220446049250313e-16,
            0.9999999999999998
        ],
        "recall_drift_rate": [
            2.220446049250313e-16,
            0.9999999999999998
        ],
        "shared_support": [
            2.220446049250313e-16,
            100.0
        ],
        "item_support": [
            2.220446049250313e-16,
            100.0
        ],
        "learning_rate": [
            2.220446049250313e-16,
            0.9999999999999998
        ],
        "primacy_scale": [
            2.220446049250313e-16,
            100.0
        ],
        "primacy_decay": [
            2.220446049250313e-16,
            100.0
        ],
        "choice_sensitivity": [
            2.220446049250313e-16,
            100.0
        ]
    },
    "fitness": [
        278.40045166015625,
        219.34910583496094,
        275.7040100097656,
        180.53939819335938,
        193.98497009277344,
        228.32806396484375,
        224.69119262695312,
        207.8650360107422,
        146.91690063476562,
        207.28863525390625,
        225.7501220703125,
        193.58543395996094,
        260.8722229003906,
        259.4147033691406,
        292.3758544921875,
        174.09703063964844,
        176.2771453857422,
        155.97557067871094,
        214.05198669433594,
        179.66029357910156,
        176.09872436523438,
        235.69874572753906,
        166.5399627685547,
        259.914306640625,
        178.7703094482422,
        238.34124755859375,
        224.7337188720703,
        218.43153381347656,
        248.29420471191406,
        179.42269897460938,
        250.8018798828125,
        306.5975341796875,
        155.61007690429688,
        130.50570678710938,
        318.6141052246094,
        173.67730712890625,
        258.6996765136719,
        143.63494873046875
    ],
    "fits": {
        "encoding_drift_rate": [
            0.9999641531918647,
            0.5106047161808771,
            0.7709497787973049,
            0.9059548955543175,
            0.6068395395403126,
            0.3998820181827713,
            0.8754206653204457,
            0.5248314889686662,
            0.837062541371143,
            0.6566586952381815,
            0.15250273652025853,
            0.6293128096347083,
            0.9975733515775473,
            0.3976373997502503,
            0.4509949184343488,
            0.20572390424350784,
            0.9979255663420251,
            0.39407878071392005,
            0.307933108438306,
            0.9958757669383744,
            0.8247770854565806,
            0.628931610242146,
            0.40638252011224746,
            0.351265642057792,
            0.9999992777950886,
            0.3348510360734861,
            0.9999871981822689,
            0.05272360777744722,
            0.31712918670648094,
            0.9998730341391293,
            0.4696468151396432,
            0.4581666518044714,
            0.10208269784575075,
            0.08930739951315463,
            0.9297448430407904,
            0.23319527326737544,
            0.9812025477861592,
            0.6971464816211489
        ],
        "start_drift_rate": [
            0.0003150022814739084,
            0.0018649730276185106,
            0.018101614199612204,
            0.9969234803381304,
            0.049683871060887286,
            0.06722482421522519,
            0.0009659136508601285,
            0.021610637233830388,
            0.011285158858372168,
            0.00450207690872928,
            0.7410856631758705,
            2.643868472718136e-05,
            0.0006944349428353869,
            0.48181239104946116,
            0.041096407986508696,
            0.3538664327733762,
            2.220446049250313e-16,
            0.06746851411421279,
            0.21230029037210646,
            0.7023283471963766,
            0.004751185507087419,
            0.013503196763791747,
            0.5067655224979117,
            0.06672285338985273,
            0.09527505502401057,
            0.02254776043424428,
            0.006326224805809966,
            0.42533594081170567,
            0.028473760920650126,
            0.13904439413435504,
            0.02616907017604095,
            0.9989935971185208,
            0.06397603060440621,
            0.5369431201340482,
            0.2736526039755969,
            0.030655945270954943,
            0.00016042029599472318,
            0.09515861343170484
        ],
        "recall_drift_rate": [
            0.8405690742657723,
            0.7911504091231176,
            0.5206335509307454,
            0.3361274274975111,
            0.4913615160011045,
            0.9999693398815404,
            0.892077264843399,
            0.4464281905614609,
            0.9983738774583749,
            0.4963974377039947,
            0.8538366210401174,
            0.8890907035005937,
            0.7938011933209453,
            0.6415513561769961,
            0.588802020522166,
            0.1595584543954492,
            0.6532134825210871,
            0.6423750433381634,
            0.3378630747078829,
            0.13559126401351995,
            0.8484323676919274,
            0.5392529765958377,
            0.28304119669337335,
            0.17248764049280024,
            0.8805024100684555,
            0.35428144475586937,
            0.11331829504508123,
            0.20847849674258104,
            0.23013165299519944,
            0.692687586760882,
            0.2784040972705188,
            0.5179096410745906,
            0.9778000036380735,
            0.9942058512092498,
            0.03235880786515877,
            0.4200093915376082,
            0.925906812668158,
            0.2632198564321099
        ],
        "shared_support": [
            7.720660621344962,
            14.05231371856243,
            17.105770341325908,
            80.01239222554372,
            87.15452492367379,
            63.406992101919435,
            46.61988961815641,
            5.887269842269561,
            98.9071294257115,
            82.23596845692265,
            93.21781775673082,
            24.063671856861802,
            50.215619355995415,
            97.26626105056377,
            50.43848901195774,
            3.7094701813385953,
            6.57812299402066,
            56.7778102110976,
            94.34319412758758,
            63.38728773861273,
            55.49351800641827,
            27.17349493427757,
            6.302152522271335,
            28.683381211955755,
            27.022044608902817,
            96.32737261610373,
            0.8137149834473689,
            66.57801834654836,
            93.98468467165861,
            20.274419857110885,
            69.44312888540023,
            75.625492650543,
            91.2099673166113,
            82.02806041076741,
            94.80113324109882,
            76.98941905832393,
            47.884760172153314,
            82.37829081555395
        ],