{
    "fixed": {
        "allow_repeated_recalls": 0.0,
        "learn_after_context_update": 0.0,
        "modulate_emotion_by_primacy": 1.0
    },
    "free": {
        "encoding_drift_rate": [
            2.220446049250313e-16,
            0.9999999999999998
        ],
        "start_drift_rate": [
            2.220446049250313e-16,
            0.9999999999999998
        ],
        "recall_drift_rate": [
            2.220446049250313e-16,
            0.9999999999999998
        ],
        "shared_support": [
            2.220446049250313e-16,
            100.0
        ],
        "item_support": [
            2.220446049250313e-16,
            100.0
        ],
        "learning_rate": [
            2.220446049250313e-16,
            0.9999999999999998
        ],
        "primacy_scale": [
            2.220446049250313e-16,
            100.0
        ],
        "primacy_decay": [
            2.220446049250313e-16,
            100.0
        ],
        "choice_sensitivity": [
            2.220446049250313e-16,
            100.0
        ],
        "emotion_scale": [
            2.220446049250313e-16,
            10.0
        ]
    },
    "fitness": [
        269.6534729003906,
        217.89022827148438,
        261.9461364746094,
        173.9481201171875,
        191.64129638671875,
        223.361328125,
        214.6719512939453,
        201.1321563720703,
        141.7970428466797,
        199.99310302734375,
        222.20263671875,
        189.03604125976562,
        256.51458740234375,
        248.87557983398438,
        282.9489440917969,
        168.31832885742188,
        170.24264526367188,
        150.51866149902344,
        207.8684844970703,
        171.47666931152344,
        170.62619018554688,
        228.6270294189453,
        161.6602020263672,
        257.35552978515625,
        176.19723510742188,
        234.05328369140625,
        222.2417449951172,
        210.0884552001953,
        238.9661102294922,
        179.14950561523438,
        235.6155548095703,
        291.96343994140625,
        150.44424438476562,
        124.57528686523438,
        301.40338134765625,
        168.16627502441406,
        259.02020263671875,
        143.06805419921875
    ],
    "fits": {
        "encoding_drift_rate": [
            0.36060910294968146,
            0.25846257249239113,
            0.5346257755981467,
            0.1678633621157925,
            0.6084478388174716,
            0.9999526790532199,
            0.13256393019195684,
            0.3024946437578391,
            0.10671359007211469,
            0.7473648707467299,
            0.1854960618278515,
            0.5360126101272247,
            0.009272442851465001,
            0.456347669411437,
            0.7800766498672979,
            0.19737459227746074,
            0.9095849181444846,
            0.9889832975061548,
            0.3045782593459325,
            0.4568690674487358,
            0.30565927483945476,
            0.19572833257929634,
            0.12693196040295268,
            0.5738004408305001,
            0.16069352143010762,
            0.47184180553689603,
            0.9879275519359301,
            0.16965296240989602,
            0.35364535108706724,
            0.9972735434698056,
            0.17443637267144968,
            0.493392265344124,
            0.11128657607997083,
            0.11656182873926667,
            0.3846225370925334,
            0.13626049626473763,
            0.9221358598386997,
            0.6956856802893735
        ],
        "start_drift_rate": [
            0.9996390097101718,
            0.9999925375362614,
            0.9999999999999998,
            0.9999241813175863,
            0.9994764630122874,
            0.20182778886957264,
            0.9997329736394156,
            0.9999855843486802,
            0.9999874725721724,
            0.9996820834095111,
            0.9999595096712285,
            0.14210318786296833,
            0.12981701985152044,
            0.4841418229778532,
            0.9999870681611489,
            0.9946137981382507,
            0.8537575516583849,
            0.8079996319845297,
            0.9999863540752769,
            0.9999724372684522,
            0.9999924852573817,
            0.9999195802393666,
            0.9999895997257414,
            0.9984344703503855,
            0.9999310331804193,
            0.999998011653103,
            0.18613673673573705,
            0.9999999999999998,
            0.999999992418844,
            0.46668228243984156,
            0.9999924013800094,
            0.999999394835089,
            0.999988500485909,
            0.9999818991942526,
            0.9987710760175409,
            0.999981159786996,
            0.8955353829832433,
            0.4686874800983254
        ],
        "recall_drift_rate": [
            0.9999965944942291,
            0.791679004204824,
            0.9993847914056484,
            0.4794621105902704,
            0.17442470451721187,
            0.9919290499049447,
            0.9980462883871967,
            0.9990623395366085,
            0.23589476273225612,
            0.5057425820448732,
            0.35378428555004826,
            0.9992165937607318,
            0.9991148745776361,
            0.9999834735210855,
            0.9994630141557378,
            0.9996751660158985,
            0.9793766005226935,
            0.9141816955617008,
            0.25355937563294306,
            0.42685255659795096,
            0.1265734206917945,
            0.9389178240092352,
            0.17378632271530886,
            0.1952236789585058,
            0.14629059224008883,
            0.15893264399115975,
            0.9986227099929352,
            0.6312747395432365,
            0.1706964770836905,
            0.9207746761024829,
            0.9995501731280736,
            0.23624895555672953,
            0.12592890020743946,
            0.35041108703582796,
            0.9984566615467765,
            0.12100671161756987,
            0.8083361722419209,
            0.8314715863763946
        ],
        "shared_support": [
            86.79826981446789,
            82.02149030557786,
            1.1573244306454242,
            98.94493901437926,
            56.945569060005084,
            99.26568966392928,
            0.880124374605515,
            0.7877029281806642,
            39.876461241062245,
            19.989728497928038,
            97.48879743497045,
            41.876941918274525,
            7.7749197149660745,
            31.195230952867348,
            0.1649629033317055,
            1.5963817705010612,
            83.91210447660643,
            73.49987902411638,
            70.47866095686341,
            97.01629751283872,
            85.50153744914255,
            79.99356210542915,
            77.72578451768312,
            94.69163824936169,
            61.912639285884765,
            61.20356433811399,
            70.19750075456403,
            91.94618535418024,
            93.23025941726672,
            46.32384610004385,
            93.68814041213815,
            93.65966975893255,
            53.43750105682359,
            73.92945472957413,
            9.45267477028321,
            33.27646827636383,
            65.94006588686683,
            54.67955482907676
        ],