{
    "fixed": {
        "allow_repeated_recalls": 0.0,
        "learn_after_context_update": 0.0
    },
    "free": {
        "encoding_drift_rate": [
            2.220446049250313e-16,
            0.9999999999999998
        ],
        "start_drift_rate": [
            2.220446049250313e-16,
            0.9999999999999998
        ],
        "recall_drift_rate": [
            2.220446049250313e-16,
            0.9999999999999998
        ],
        "shared_support": [
            2.220446049250313e-16,
            100.0
        ],
        "item_support": [
            2.220446049250313e-16,
            100.0
        ],
        "learning_rate": [
            2.220446049250313e-16,
            0.9999999999999998
        ],
        "primacy_scale": [
            2.220446049250313e-16,
            100.0
        ],
        "primacy_decay": [
            2.220446049250313e-16,
            100.0
        ],
        "choice_sensitivity": [
            2.220446049250313e-16,
            100.0
        ]
    },
    "fitness": [
        286.120361328125,
        228.66143798828125,
        275.2229309082031,
        177.95596313476562,
        196.0501708984375,
        230.08010864257812,
        220.79933166503906,
        208.08892822265625,
        147.8636016845703,
        207.02191162109375,
        225.15240478515625,
        199.03240966796875,
        264.1373596191406,
        259.1319274902344,
        288.7314758300781,
        173.22300720214844,
        176.75233459472656,
        155.24581909179688,
        211.45156860351562,
        175.3299560546875,
        173.3837890625,
        236.2027130126953,
        166.39361572265625,
        262.1747131347656,
        181.3135528564453,
        241.2690887451172,
        226.2363739013672,
        217.7696533203125,
        250.01634216308594,
        180.542236328125,
        248.4923553466797,
        311.0081787109375,
        155.14910888671875,
        130.98377990722656,
        316.912109375,
        170.408447265625,
        260.6070861816406,
        143.55918884277344
    ],
    "fits": {
        "encoding_drift_rate": [
            0.801149273324828,
            0.37420386343750517,
            0.759260697006212,
            0.9085523820201202,
            0.9876057646290733,
            0.34719496821390317,
            0.985359650444852,
            0.4583802684472297,
            0.34555458362116326,
            0.7234608089024746,
            0.2915884387975899,
            0.7677095878809254,
            0.5941986762278505,
            0.9156642611579555,
            0.45399076320101994,
            0.1610605885957821,
            0.9985980362817385,
            0.9634718494236277,
            0.8677556771640782,
            0.1864954796114074,
            0.8044178029390424,
            0.9983076271083664,
            0.49049319404659997,
            0.5844410505566436,
            0.9995135341461904,
            0.6840420340199905,
            0.9979213599810194,
            0.12068509047068315,
            0.1926445761356267,
            0.9999010634766966,
            0.6883560290493633,
            0.3456491495334211,
            0.4694093443045948,
            0.10411049180600829,
            0.9884632777773417,
            0.5134453767580566,
            0.8778946087858586,
            0.3627302211495875
        ],
        "start_drift_rate": [
            0.0443601345325485,
            0.026515372204115206,
            0.4761630481014446,
            0.9991272052689768,
            0.002497300418800308,
            0.00804032488258305,
            0.9944621195895036,
            0.8629319322047739,
            0.8509747744988996,
            0.6681912722064268,
            0.5893084927295887,
            0.7837131677887591,
            0.06234474314887756,
            0.32781809985665844,
            0.787535197398945,
            0.806046358798113,
            5.982721399788726e-06,
            0.07138271260613949,
            0.6895082941544727,
            0.9065108695771775,
            0.6505964367632442,
            0.0016186991817179752,
            0.014845944849936399,
            0.03203265372137715,
            0.23482423004923292,
            0.1997860156892386,
            0.9392424968133211,
            0.6546641667735442,
            0.38810440888061754,
            0.09800923090090924,
            0.04132627660141519,
            0.5095006503593152,
            0.03832874946961429,
            0.26760933076370563,
            0.13941940592810148,
            2.220446049250313e-16,
            0.29023758040576975,
            0.6992520627442372
        ],
        "recall_drift_rate": [
            0.7733595034601716,
            0.7391238708851231,
            0.9850590125363982,
            0.2215758003361507,
            0.11285025131499582,
            0.6301147497305897,
            0.9033083279811747,
            0.6046521879437003,
            0.20115458364163896,
            0.9724419587331264,
            0.9804216478480892,
            0.9960123840621713,
            0.273037497529902,
            0.8826866850374233,
            0.18095843419405605,
            0.05226461374092914,
            0.6364507959388082,
            0.9630956861503116,
            0.9996080515473206,
            0.9012243971606584,
            0.9945273989199176,
            0.9374390787066809,
            0.7719146596617216,
            0.722056725267173,
            0.3407812708616377,
            0.38735926686715894,
            0.5436461612324462,
            0.08993587979352574,
            0.11596758287775151,
            0.609478207251648,
            0.4208521133745895,
            0.44582878255982616,
            0.9961430743634564,
            0.00679375001937399,
            0.9328740120829746,
            0.3932644990830234,
            3.3966716725175594e-05,
            0.9329787898090569
        ],
        "shared_support": [
            74.28958230930567,
            36.14830817766024,
            13.105737956332767,
            30.753014505772274,
            92.2372192454516,
            43.567725301466396,
            25.674438900814568,
            8.206818173836417,
            94.78054508170511,
            83.54867060679724,
            3.1038405660595103,
            13.41994575694389,
            81.5504169536979,
            3.3041750495853037,
            0.09821649276705813,
            1.022183225724845,
            7.051487422978006,
            20.86036686096582,
            49.347430268172346,
            7.978979638483288,
            97.62263752771705,
            33.79946964614359,
            10.753772880447656,
            7.8590243414436785,
            90.20228293053535,
            92.26258915197351,
            2.124113175162911,
            17.41907676650792,
            88.12313508649181,
            44.860504664480594,
            5.551645239983976,
            94.79268429286535,
            12.052780558988843,
            15.568485356979991,
            86.12943561090708,
            6.564477332627256,
            92.80174011609682,
            39.667571585665016
        ],