{
    "fixed": {
        "allow_repeated_recalls": 0.0,
        "learn_after_context_update": 0.0,
        "modulate_emotion_by_primacy": 1.0
    },
    "free": {
        "encoding_drift_rate": [
            2.220446049250313e-16,
            0.9999999999999998
        ],
        "start_drift_rate": [
            2.220446049250313e-16,
            0.9999999999999998
        ],
        "recall_drift_rate": [
            2.220446049250313e-16,
            0.9999999999999998
        ],
        "shared_support": [
            2.220446049250313e-16,
            100.0
        ],
        "item_support": [
            2.220446049250313e-16,
            100.0
        ],
        "learning_rate": [
            2.220446049250313e-16,
            0.9999999999999998
        ],
        "primacy_scale": [
            2.220446049250313e-16,
            100.0
        ],
        "primacy_decay": [
            2.220446049250313e-16,
            100.0
        ],
        "choice_sensitivity": [
            2.220446049250313e-16,
            100.0
        ],
        "emotion_scale": [
            2.220446049250313e-16,
            10.0
        ]
    },
    "fitness": [
        0.038744717836380005,
        0.04377887398004532,
        0.04425261169672012,
        0.02989155799150467,
        0.05147191882133484,
        0.04375050216913223,
        0.03999332711100578,
        0.04003944247961044,
        0.08278782665729523,
        0.045110829174518585,
        0.044470690190792084,
        0.03121080808341503,
        0.03919033333659172,
        0.02715563215315342,
        0.025583652779459953,
        0.05138549208641052,
        0.05210362747311592,
        0.030231956392526627,
        0.0698280781507492,
        0.04444115608930588,
        0.0886891782283783,
        0.057222772389650345,
        0.021660564467310905,
        0.029084395617246628,
        0.05544961243867874,
        0.07065656781196594,
        0.03633353114128113,
        0.03508220985531807,
        0.038471467792987823,
        0.023651868104934692,
        0.04455194249749184,
        0.025863690301775932,
        0.03357725590467453,
        0.05690828710794449,
        0.021768053993582726,
        0.0595644935965538,
        0.031134476885199547,
        0.06842447817325592
    ],
    "fits": {
        "encoding_drift_rate": [
            0.9871677703035712,
            0.7267167681446787,
            0.8415698047227946,
            0.9319765591901845,
            0.5418333373198575,
            0.40719049858240514,
            0.5867294844982455,
            0.6093266535090546,
            0.7877266179226057,
            0.9024061914695194,
            0.8736899817733206,
            0.6911216158380866,
            0.9104713059512037,
            0.9204196879141648,
            0.7745579084531555,
            0.31412216061820153,
            0.9311497862765539,
            0.5738191085678435,
            0.8307552496866144,
            0.49380829398667186,
            0.4595182344091371,
            0.39487372938923615,
            0.9070528037989947,
            0.8497656898052304,
            0.900151408377817,
            0.6566008183371561,
            0.594180938476432,
            0.7926534652356162,
            0.48847066872040945,
            0.8592166415327915,
            0.7987690157076172,
            0.5354745177703147,
            0.07600772871757344,
            0.9921255986856375,
            0.5235604194649439,
            0.7348965366456821,
            0.7319227951941039,
            0.6387878180585411
        ],
        "start_drift_rate": [
            0.5676349855937727,
            0.541522130736344,
            0.6151367734911712,
            0.6138253504985052,
            0.0013746208929297232,
            0.6822544323034908,
            0.4595088483433784,
            0.1110654012229918,
            0.885407563662461,
            0.9294921829037333,
            0.5313656923553993,
            0.008920572548925587,
            0.026021701660467245,
            0.8532889965658326,
            0.819605878047265,
            0.6619676910544885,
            0.6590930452234369,
            0.018823300479994254,
            0.913482337560815,
            0.83081967583692,
            0.016672870184987365,
            0.8969067802742088,
            0.6049376063607438,
            0.7088248304198463,
            0.12604505445917086,
            0.3687532045520893,
            0.8033877574961461,
            0.10432147332092345,
            0.7152567485624105,
            0.778443060261147,
            0.962907871466939,
            0.18946394494960472,
            0.5462593573820962,
            0.033701529242969264,
            0.8220493307944003,
            0.2503519844053946,
            0.4527911996474479,
            0.08902149372892154
        ],
        "recall_drift_rate": [
            0.6082935941532343,
            0.6564391667924598,
            0.4166541217714966,
            0.9511778676439028,
            0.19479769694284593,
            0.7432753258436698,
            0.318679422012593,
            0.5885674278347264,
            0.44784251418861937,
            0.5315693416462217,
            0.5643737125079198,
            0.9668076190158559,
            0.4132773072144567,
            0.9936371219758379,
            0.30597221013511466,
            0.23538068036258858,
            0.8164406131782076,
            0.5549938270927292,
            0.8197223016811892,
            0.9978324845915698,
            0.8398587135981461,
            0.4895930622541531,
            0.9338121513842792,
            0.42309040487512894,
            0.9731300903611214,
            0.405064397401824,
            0.5156266578816625,
            0.9935661227467888,
            0.7966229117442244,
            0.9258453100994681,
            0.9963483364632754,
            0.8343476083512507,
            0.09966082766904244,
            0.9339208091754936,
            0.12387324888484252,
            0.41440791482579054,
            0.27817511287072044,
            0.3192146011704565
        ],
        "shared_support": [
            90.7116596510602,
            21.724450513568566,
            89.9344127974731,
            13.388736225385017,
            95.34096436133466,
            40.69622878637801,
            67.79584047436522,
            71.84873520557481,
            63.47911596257072,
            63.83270766186286,
            86.279719325418,
            54.80333717352769,
            73.78927528625478,
            41.87348301943962,
            86.36099150172575,
            27.280846446833596,
            85.83613135941621,
            43.64063799998836,
            53.78650359545435,
            98.09380255417327,
            12.979035683428641,
            25.534279880632837,
            96.91609112701208,
            86.48334942062698,
            95.85318452462366,
            95.23583995159865,
            85.24736217418543,
            26.893386321117113,
            80.09415333418158,
            88.07052139771432,
            48.68186453254915,
            83.38598728074054,
            97.29952237530028,
            47.94282825884982,
            72.05918096333674,
            93.87678319187162,
            95.35876794848468,
            79.9008069276224
        ],