{
    "fixed": {
        "allow_repeated_recalls": 0.0,
        "learn_after_context_update": 0.0,
        "modulate_emotion_by_primacy": 0.0
    },
    "free": {
        "encoding_drift_rate": [
            2.220446049250313e-16,
            0.9999999999999998
        ],
        "start_drift_rate": [
            2.220446049250313e-16,
            0.9999999999999998
        ],
        "recall_drift_rate": [
            2.220446049250313e-16,
            0.9999999999999998
        ],
        "shared_support": [
            2.220446049250313e-16,
            100.0
        ],
        "item_support": [
            2.220446049250313e-16,
            100.0
        ],
        "learning_rate": [
            2.220446049250313e-16,
            0.9999999999999998
        ],
        "primacy_scale": [
            2.220446049250313e-16,
            100.0
        ],
        "primacy_decay": [
            2.220446049250313e-16,
            100.0
        ],
        "choice_sensitivity": [
            2.220446049250313e-16,
            100.0
        ],
        "emotion_scale": [
            2.220446049250313e-16,
            10.0
        ]
    },
    "fitness": [
        277.5286865234375,
        219.1264190673828,
        276.82232666015625,
        180.5202178955078,
        194.08236694335938,
        228.32339477539062,
        224.72438049316406,
        211.03469848632812,
        147.21560668945312,
        206.16331481933594,
        225.8712921142578,
        193.71812438964844,
        260.8768615722656,
        259.724853515625,
        293.13690185546875,
        174.2054901123047,
        175.00894165039062,
        156.3101806640625,
        214.0196075439453,
        179.67727661132812,
        177.38218688964844,
        236.0174102783203,
        166.49932861328125,
        259.3724365234375,
        180.55528259277344,
        238.48680114746094,
        228.16586303710938,
        218.68663024902344,
        248.54946899414062,
        179.3300018310547,
        251.00637817382812,
        306.63031005859375,
        155.673095703125,
        127.69529724121094,
        318.6082458496094,
        173.66128540039062,
        259.75958251953125,
        143.3800048828125
    ],
    "fits": {
        "encoding_drift_rate": [
            0.9999997335967321,
            0.48173182024724814,
            0.8026416546863662,
            0.9433317579512297,
            0.6602871202379444,
            0.41029800889622176,
            0.910581895835133,
            0.40952198432535664,
            0.8345887001174628,
            0.6589483749426025,
            0.10582641560997713,
            0.6316958187990245,
            0.9969729272654947,
            0.8659316866622417,
            0.6132153270712619,
            0.22056047128102957,
            0.9941812341773152,
            0.42925663849582907,
            0.3230140138921205,
            0.9422985239374563,
            0.47532190656256107,
            0.5205590305828672,
            0.3419950769712612,
            0.3512138995584571,
            0.9990093237514748,
            0.33893459203641574,
            0.9038235831542039,
            0.9721208088773855,
            0.324635884271675,
            0.9999706689539168,
            0.5077444972138608,
            0.462530488061362,
            0.1105091792977107,
            0.08015317596330043,
            0.9618234380172915,
            0.27898295224545766,
            0.9741982790108621,
            0.5768898719277251
        ],
        "start_drift_rate": [
            0.00016357349446310954,
            2.220446049250313e-16,
            0.5192894642327358,
            0.9991719143036577,
            0.19111573178279467,
            0.05556336679964852,
            0.0013253312158789665,
            0.6054458881078774,
            0.07949349070555217,
            0.0053322556043251534,
            0.32340217853998776,
            0.001415909596885867,
            0.0023247687672386386,
            0.602947015298325,
            0.07148055483345644,
            0.40875958672549206,
            0.0005329620888787079,
            0.6433715738140053,
            0.19767793903091524,
            0.8032757729607366,
            0.1392203188764862,
            0.004451914362405918,
            0.7133900873530891,
            0.09382953843701541,
            0.008792831293434888,
            0.5295655271821866,
            0.025420015974048638,
            0.3682916288772449,
            0.23426265446431316,
            0.016754592488484044,
            0.09444095180127693,
            0.998930306940207,
            0.18571312005703694,
            0.8025849324014165,
            0.04188219603247445,
            0.04179318961817291,
            0.04376499997138239,
            0.17266019168107
        ],
        "recall_drift_rate": [
            0.8682782542759471,
            0.6136396411606553,
            0.3712557722716547,
            0.41137733658389636,
            0.6881259831476937,
            0.9999982798030655,
            0.8650952094119522,
            0.9665687456079362,
            0.991853982771267,
            0.5865554148527492,
            0.8132733019877478,
            0.902183348877404,
            0.7979977619442914,
            0.1496649770438307,
            0.40903312308108664,
            0.28290927492106555,
            0.7731539353142556,
            0.02018718751988996,
            0.30909618479935186,
            0.10564836876069222,
            0.5645927226234283,
            0.43952702255179,
            0.26371725332643137,
            0.16321081838247115,
            0.8232330314470697,
            0.14664066712445178,
            0.6277066091124663,
            0.032246325267265896,
            0.2710954221498633,
            0.6452912401383251,
            0.1448115491582625,
            0.42131616683787926,
            0.9606330010527275,
            0.9776830199195867,
            0.005069041574169819,
            0.5609437028365145,
            0.8122784688650326,
            0.006372802922197107
        ],
        "shared_support": [
            54.400033532178085,
            10.60817508947813,
            97.3181001237594,
            70.03292645476907,
            59.53016145123826,
            77.34100897693517,
            38.5240405338366,
            95.78581342361679,
            96.18328134783243,
            57.407122066236994,
            62.472076234118234,
            24.877064552263047,
            62.69177611487682,
            63.163870005531706,
            14.144247110429554,
            19.141630718524933,
            2.7601398564066812,
            62.38582450947743,
            99.56577902419855,
            44.65399596862872,
            81.09060685657238,
            81.41727167800688,
            74.5430858565276,
            98.01275333316494,
            47.8424012649604,
            89.42310606875843,
            96.86652227883481,
            63.06711313915928,
            85.08291590051721,
            6.83554798316063,
            59.05489053618915,
            71.26608086542257,
            89.06878506269334,
            98.02815114205723,
            86.1645895271162,
            78.54033679837747,
            42.22617869874186,
            40.65258285900227
        ],