{
    "fixed": {
        "allow_repeated_recalls": 0.0,
        "learn_after_context_update": 0.0,
        "modulate_emotion_by_primacy": 1.0
    },
    "free": {
        "encoding_drift_rate": [
            2.220446049250313e-16,
            0.9999999999999998
        ],
        "start_drift_rate": [
            2.220446049250313e-16,
            0.9999999999999998
        ],
        "recall_drift_rate": [
            2.220446049250313e-16,
            0.9999999999999998
        ],
        "shared_support": [
            2.220446049250313e-16,
            100.0
        ],
        "item_support": [
            2.220446049250313e-16,
            100.0
        ],
        "learning_rate": [
            2.220446049250313e-16,
            0.9999999999999998
        ],
        "primacy_scale": [
            2.220446049250313e-16,
            100.0
        ],
        "primacy_decay": [
            2.220446049250313e-16,
            100.0
        ],
        "choice_sensitivity": [
            2.220446049250313e-16,
            100.0
        ],
        "emotion_scale": [
            2.220446049250313e-16,
            10.0
        ]
    },
    "fitness": [
        284.5691223144531,
        227.11399841308594,
        277.5665283203125,
        182.3380584716797,
        194.07937622070312,
        228.52012634277344,
        225.82180786132812,
        208.51913452148438,
        146.84548950195312,
        204.85008239746094,
        225.75277709960938,
        198.96372985839844,
        261.817138671875,
        259.2891540527344,
        292.7765808105469,
        174.07716369628906,
        180.34100341796875,
        156.27822875976562,
        213.9290313720703,
        180.5430908203125,
        176.0430145263672,
        237.65411376953125,
        167.40521240234375,
        259.5248718261719,
        178.56961059570312,
        238.36581420898438,
        228.9370574951172,
        218.49790954589844,
        248.48434448242188,
        181.81239318847656,
        254.69387817382812,
        311.41790771484375,
        155.5146484375,
        127.73513793945312,
        318.8079833984375,
        173.7119598388672,
        259.5496826171875,
        143.17611694335938
    ],
    "fits": {
        "encoding_drift_rate": [
            0.7876741377665073,
            0.34509654799576067,
            0.8909837352298959,
            0.9782412643549743,
            0.5965143004375694,
            0.4826345368527279,
            0.8681862099226929,
            0.36672677048650243,
            0.8651894962309641,
            0.922639763364453,
            0.07342349080132399,
            0.9905702282107787,
            0.8632949371590721,
            0.3064730781975761,
            0.8731975748150358,
            0.1628284833770624,
            0.9992741704938644,
            0.7411635309549292,
            0.3256079121240041,
            0.9647670881193415,
            0.9521648607585996,
            0.3892025676001794,
            0.15214278160199785,
            0.3103519067496825,
            0.9999943866108588,
            0.34178335699490864,
            0.26130810458795384,
            0.056736057585615174,
            0.30240832087622616,
            0.9994124028951519,
            0.9277783963097412,
            0.5320725854998177,
            0.051717294921508394,
            0.057259694803442784,
            0.8935655743153743,
            0.29947083126745105,
            0.9683199570788024,
            0.5020440801583888
        ],
        "start_drift_rate": [
            0.001167672347160309,
            0.0032691050255542198,
            0.5094076601233378,
            0.8902855390752589,
            0.0901210144549679,
            0.000584014652390219,
            0.39940056855628453,
            0.49351405473249105,
            0.41406018482789897,
            0.3030016306606079,
            0.05776124576936725,
            0.014918373220268788,
            0.9938267371255712,
            0.04945984776082668,
            0.001870485589794857,
            0.1309807426756272,
            0.020682572952218536,
            0.8159534576675218,
            0.035097871040672246,
            0.9970833407267544,
            0.9679970193587669,
            0.29457406731299185,
            0.61455975400175,
            0.2890221861388048,
            0.20672296785213073,
            0.06054812809274531,
            0.5779323609536471,
            0.7009219286609779,
            0.08691114685141182,
            0.43095639991712376,
            0.9976099161158126,
            0.9738754118190772,
            0.6430462731419049,
            0.9867967336660755,
            0.4349918126904331,
            0.02186926911973347,
            0.1218662296436806,
            0.9033661639860535
        ],
        "recall_drift_rate": [
            0.7732144290032876,
            0.600929968716654,
            0.6161119956427354,
            0.004559687048340533,
            0.47905799945883576,
            0.9999912234290631,
            0.8744251288940834,
            0.9999300802487479,
            0.9990954355611261,
            0.9999619814854922,
            0.8808761528039342,
            0.9585809014209818,
            0.061692480170058184,
            0.6277560529074939,
            0.30332140577281363,
            0.11382382796722895,
            0.45676554746273523,
            0.2688489948209566,
            0.33277075214625496,
            0.9511318563984797,
            0.8726225842339143,
            0.27012952027148823,
            0.25486709979507105,
            0.12885774241506204,
            0.9397667625207444,
            0.18278740094500356,
            0.5279337501952716,
            0.18247993149379016,
            0.21166108192913402,
            0.9948732626492218,
            0.0335147075745974,
            0.7615369488397016,
            0.9960083167098102,
            0.9854505994313763,
            0.35992663575999234,
            0.46849851974628365,
            0.6503727363964615,
            0.020396254734420527
        ],
        "shared_support": [
            83.97461276409118,
            93.07005998888536,
            77.4743471559517,
            0.03142569619451763,
            60.55270585022825,
            74.49176166440692,
            94.65590309884243,
            81.52753337475184,
            80.3265574963088,
            81.76049305380754,
            76.77642094792387,
            93.14492034771729,
            90.98703029736839,
            90.66112041824951,
            61.38898531751676,
            6.443577968600948,
            55.72009056826454,
            19.631635546014593,
            98.03546798410295,
            52.03886230832462,
            91.0172369898508,
            80.69214134939175,
            95.31030904030165,
            90.53042956589783,
            76.23283417577015,
            73.04997925120706,
            95.09406481649302,
            88.3417250343482,
            86.41729136839365,
            57.7406185713219,
            56.070136681499775,
            64.93662153957386,
            93.32286415252906,
            58.54819915966844,
            42.49875979541806,
            99.9132591389866,
            43.69518296735003,
            45.399454134026314
        ],