{
    "fixed": {
        "allow_repeated_recalls": 0.0,
        "learn_after_context_update": 0.0,
        "modulate_emotion_by_primacy": 0.0
    },
    "free": {
        "encoding_drift_rate": [
            2.220446049250313e-16,
            0.9999999999999998
        ],
        "start_drift_rate": [
            2.220446049250313e-16,
            0.9999999999999998
        ],
        "recall_drift_rate": [
            2.220446049250313e-16,
            0.9999999999999998
        ],
        "shared_support": [
            2.220446049250313e-16,
            100.0
        ],
        "item_support": [
            2.220446049250313e-16,
            100.0
        ],
        "learning_rate": [
            2.220446049250313e-16,
            0.9999999999999998
        ],
        "primacy_scale": [
            2.220446049250313e-16,
            100.0
        ],
        "primacy_decay": [
            2.220446049250313e-16,
            100.0
        ],
        "choice_sensitivity": [
            2.220446049250313e-16,
            100.0
        ],
        "emotion_scale": [
            2.220446049250313e-16,
            10.0
        ]
    },
    "fitness": [
        0.035040371119976044,
        0.039546333253383636,
        0.04650383070111275,
        0.031084738671779633,
        0.03838563710451126,
        0.04249796271324158,
        0.038086336106061935,
        0.039144404232501984,
        0.07810632884502411,
        0.040800850838422775,
        0.043824732303619385,
        0.03236741945147514,
        0.04349236190319061,
        0.03420432284474373,
        0.024545107036828995,
        0.05789309740066528,
        0.049347687512636185,
        0.029433827847242355,
        0.06746700406074524,
        0.05637190490961075,
        0.08617351204156876,
        0.050192851573228836,
        0.022714585065841675,
        0.03418492153286934,
        0.05287053808569908,
        0.07225868850946426,
        0.033678531646728516,
        0.03849557787179947,
        0.03798557445406914,
        0.022351285442709923,
        0.03917025029659271,
        0.023836594074964523,
        0.0248806681483984,
        0.06209936738014221,
        0.023720070719718933,
        0.05670783668756485,
        0.030998382717370987,
        0.0619942843914032
    ],
    "fits": {
        "encoding_drift_rate": [
            0.9863177409777383,
            0.4383364208832897,
            0.854870795385442,
            0.6268942465093716,
            0.5504622143730902,
            0.37855815563156614,
            0.63440011776455,
            0.5865828732678015,
            0.7078135364368116,
            0.32320819366575615,
            0.9073973387629459,
            0.8153746347341639,
            0.572322390226896,
            0.44393088620876275,
            0.9607155615732278,
            0.8762902448117871,
            0.9445533902474297,
            0.6416661105146133,
            0.8014722739272985,
            0.6855961263022746,
            0.5016612109678081,
            0.5472317017788025,
            0.879747539343547,
            0.8748388700902794,
            0.8417604501530254,
            0.8427202685478457,
            0.5803167059124086,
            0.8340870690557116,
            0.6802018910796869,
            0.7588590917346575,
            0.6517383575744213,
            0.34491225623714145,
            0.48992565395938303,
            0.9818303880501563,
            0.5361917616629447,
            0.9059267065244287,
            0.7475314830093414,
            0.7745133232500566
        ],
        "start_drift_rate": [
            0.09171188923150142,
            0.15317123080052902,
            0.25074635393828043,
            0.03149462841991524,
            0.16519462791588702,
            0.5054107001517205,
            0.35781606535052907,
            0.040507066176618756,
            0.18452419802026526,
            0.6132284138933171,
            0.08087176287760323,
            0.6300999742806419,
            0.022233592387933487,
            0.6833945306891477,
            0.3304031257945086,
            0.2654852702545981,
            0.366531292563361,
            0.044833463116002614,
            0.008214917905960295,
            0.13617141899100388,
            0.48970361194021444,
            0.9922009310344652,
            0.00012287515632147805,
            0.11730031389264578,
            0.07205738481937757,
            0.5612753963838789,
            0.9944939249267013,
            0.1859377558992225,
            0.8291063009952433,
            0.1415996043635533,
            0.7020586567301039,
            0.9469375832062781,
            0.6059025552461101,
            0.05396776055484964,
            0.6626084673428675,
            0.10409784371274022,
            0.5979620248137634,
            0.029088743710482978
        ],
        "recall_drift_rate": [
            0.6222896997008389,
            0.49163929480283225,
            0.4976220103068368,
            0.9720249781772707,
            0.7960044223881821,
            0.497865743626776,
            0.535515902759513,
            0.5682302591753798,
            0.26649799287649995,
            0.9940486653091737,
            0.7249508898541203,
            0.6500502362365426,
            0.03911797548479273,
            0.2591413822557633,
            0.5450561501297763,
            0.6329637242807411,
            0.6998867373019774,
            0.4351521067377424,
            0.8519931833581265,
            0.9644893717867629,
            0.7992832453066286,
            0.7767016261580661,
            0.730972676122211,
            0.6856888921156472,
            0.9880114871827731,
            0.8401004478486191,
            0.7174594213147313,
            0.4748668766799014,
            0.8364099432233885,
            0.7958989981400181,
            0.9168402917315253,
            0.9171724440542999,
            0.8612394727387711,
            0.6460256755803924,
            0.1482018137946875,
            0.7103235159211284,
            0.2761752557748096,
            0.6317209102251808
        ],
        "shared_support": [
            93.10697705572743,
            45.242339635614016,
            97.45803071307179,
            34.80856438106652,
            80.47514935574026,
            18.421644993761216,
            42.898525896566014,
            98.18704549379433,
            92.1825508175883,
            39.53984373482059,
            96.37579972051235,
            91.01340041186381,
            62.77045804737308,
            93.6076919188061,
            97.56481998222068,
            97.66974243196617,
            99.083999837723,
            64.65729399542055,
            99.72582704507116,
            96.70786270376179,
            0.6134345586671017,
            26.152610858080095,
            83.47796214294453,
            78.52304985063128,
            84.62384209487936,
            99.26774971894852,
            36.44815093582835,
            51.185640283187475,
            95.10618374194874,
            96.70756082582032,
            43.70846011222877,
            71.84558877080781,
            32.614656751913,
            60.07897686053164,
            72.39716197903181,
            90.5851423475946,
            98.35972324658158,
            96.76316919075808
        ],