{
    "fixed": {
        "allow_repeated_recalls": 0.0,
        "learn_after_context_update": 0.0,
        "modulate_emotion_by_primacy": 1.0
    },
    "free": {
        "encoding_drift_rate": [
            2.220446049250313e-16,
            0.9999999999999998
        ],
        "start_drift_rate": [
            2.220446049250313e-16,
            0.9999999999999998
        ],
        "recall_drift_rate": [
            2.220446049250313e-16,
            0.9999999999999998
        ],
        "shared_support": [
            2.220446049250313e-16,
            100.0
        ],
        "item_support": [
            2.220446049250313e-16,
            100.0
        ],
        "learning_rate": [
            2.220446049250313e-16,
            0.9999999999999998
        ],
        "primacy_scale": [
            2.220446049250313e-16,
            100.0
        ],
        "primacy_decay": [
            2.220446049250313e-16,
            100.0
        ],
        "choice_sensitivity": [
            2.220446049250313e-16,
            100.0
        ],
        "emotion_scale": [
            2.220446049250313e-16,
            10.0
        ]
    },
    "fitness": [
        0.037314917892217636,
        0.03970080614089966,
        0.05275518819689751,
        0.03420571610331535,
        0.05137016996741295,
        0.05032576248049736,
        0.04195738956332207,
        0.04217258840799332,
        0.07769262045621872,
        0.04097655415534973,
        0.0450633205473423,
        0.03417757898569107,
        0.041382670402526855,
        0.03597887605428696,
        0.024432126432657242,
        0.059075094759464264,
        0.04944830387830734,
        0.030353885143995285,
        0.0688352957367897,
        0.0518311969935894,
        0.08480419218540192,
        0.05312938243150711,
        0.02293703518807888,
        0.02928091026842594,
        0.05220528692007065,
        0.0790695995092392,
        0.033714935183525085,
        0.03939346224069595,
        0.03824939206242561,
        0.022857287898659706,
        0.0380818247795105,
        0.023796305060386658,
        0.033903855830430984,
        0.05972608923912048,
        0.021569427102804184,
        0.06069881469011307,
        0.042613010853528976,
        0.06248753145337105
    ],
    "fits": {
        "encoding_drift_rate": [
            0.9769146266589107,
            0.4529113358860821,
            0.9427119551511813,
            0.2821379315974277,
            0.5444920289364892,
            0.5919225569183717,
            0.604732996480329,
            0.6285193420908004,
            0.7027739112302692,
            0.34691349492989826,
            0.9051846120424685,
            0.5256026498103262,
            0.7532820823578041,
            0.4428397457170401,
            0.9566256416563078,
            0.8299418590223153,
            0.6954214729668805,
            0.596006922136522,
            0.871988760677763,
            0.511167849935472,
            0.2897115661070102,
            0.38379443550962655,
            0.9195443413252424,
            0.8626908036889933,
            0.9038692712359178,
            0.8914013420347433,
            0.5961523446715803,
            0.8242619336079462,
            0.6655278643870218,
            0.7396635036133163,
            0.937697513179881,
            0.5080741437259692,
            0.8168696323477194,
            0.986996928516235,
            0.8311808007218575,
            0.7041029200782765,
            0.7066420528626708,
            0.7141683005167575
        ],
        "start_drift_rate": [
            0.4873035843108964,
            0.13104468857099322,
            0.12024026177590846,
            0.6416703922467375,
            0.000899722705759165,
            0.8200489734985865,
            0.648360408965897,
            0.006140734286127547,
            0.16029633478782784,
            0.6676577462741625,
            0.08242518208139643,
            0.23380555113745055,
            0.07659825952706822,
            0.016045802165597034,
            0.43549559835714224,
            0.7288698900297984,
            0.02989906019158106,
            0.051740857652882166,
            0.3676360570664099,
            0.8916673084614921,
            0.019314761722249885,
            0.5905930766590524,
            0.0994023885938467,
            0.015166973190477662,
            0.07404194272919884,
            0.06765603205822979,
            0.9969461596319186,
            0.16408605064899195,
            0.8651147786897044,
            0.14962394685303554,
            0.5129367513290161,
            0.0386978561990452,
            0.03987908809142521,
            0.18578904875388436,
            0.9482244953477931,
            0.03842228367502393,
            0.9077466340971259,
            0.3487980016545302
        ],
        "recall_drift_rate": [
            0.5505796493922235,
            0.49210078488387293,
            0.6147192296882504,
            0.44205200537100275,
            0.337498569479057,
            0.7847595018423139,
            0.2950646762241097,
            0.6447930214448441,
            0.2878098845209096,
            0.9790504566769647,
            0.6922932828017931,
            0.9364373891021711,
            0.17493934722873966,
            0.9031447244572162,
            0.5339481345356702,
            0.4207905566969609,
            0.6747742746421109,
            0.38567342223042705,
            0.8984655624074764,
            0.9339018863441346,
            0.5692290814540596,
            0.46682578572807865,
            0.7821988181790273,
            0.6714448053303391,
            0.9782088010858917,
            0.8300495684727478,
            0.7600621474222589,
            0.548979660266121,
            0.8229965789393767,
            0.7661717382481195,
            0.9966259000544535,
            0.9432162783911604,
            0.859031374733713,
            0.5550837439946127,
            0.16819979216101572,
            0.45269214369945804,
            0.6099556283673804,
            0.38903585989567885
        ],
        "shared_support": [
            57.94091967259493,
            31.85296318934427,
            61.439588163450296,
            80.21057186682573,
            55.86291769997196,
            84.8536624038484,
            92.10057463240241,
            98.5540509398133,
            87.34902530484774,
            17.374184005107722,
            91.44469625919199,
            84.03190018147549,
            58.95997306353712,
            65.47842304559896,
            99.11584841761116,
            95.9161498367009,
            83.38026257071087,
            78.96436761659997,
            92.06781886198968,
            99.88523729481818,
            5.146916577118624,
            22.822764388328352,
            97.2818683725003,
            97.81741471161453,
            87.00940314219136,
            37.84013503014304,
            22.576207412086813,
            76.01291914413746,
            58.26338066654017,
            51.88620937221542,
            15.094722429391837,
            54.845035878931135,
            94.23486446851973,
            85.10447971439623,
            37.78907556784321,
            93.16520372273595,
            37.25560449894081,
            97.74412330126212
        ],