{
    "fixed": {
        "allow_repeated_recalls": 0.0,
        "learn_after_context_update": 0.0,
        "modulate_emotion_by_primacy": 1.0
    },
    "free": {
        "encoding_drift_rate": [
            2.220446049250313e-16,
            0.9999999999999998
        ],
        "start_drift_rate": [
            2.220446049250313e-16,
            0.9999999999999998
        ],
        "recall_drift_rate": [
            2.220446049250313e-16,
            0.9999999999999998
        ],
        "shared_support": [
            2.220446049250313e-16,
            100.0
        ],
        "item_support": [
            2.220446049250313e-16,
            100.0
        ],
        "learning_rate": [
            2.220446049250313e-16,
            0.9999999999999998
        ],
        "primacy_scale": [
            2.220446049250313e-16,
            100.0
        ],
        "primacy_decay": [
            2.220446049250313e-16,
            100.0
        ],
        "choice_sensitivity": [
            2.220446049250313e-16,
            100.0
        ],
        "emotion_scale": [
            2.220446049250313e-16,
            10.0
        ]
    },
    "fitness": [
        0.03817686811089516,
        0.04163944348692894,
        0.04989486560225487,
        0.024534251540899277,
        0.0498565211892128,
        0.05131547898054123,
        0.03808872774243355,
        0.039144404232501984,
        0.07769262045621872,
        0.04203924536705017,
        0.04323040693998337,
        0.03112557902932167,
        0.043532416224479675,
        0.03763153403997421,
        0.03058161400258541,
        0.0562470443546772,
        0.04944830387830734,
        0.0299949012696743,
        0.06683722138404846,
        0.05149548128247261,
        0.0941905826330185,
        0.0545828752219677,
        0.02300584316253662,
        0.031391069293022156,
        0.052264634519815445,
        0.08027023077011108,
        0.033208444714546204,
        0.03717075288295746,
        0.038315679877996445,
        0.020827889442443848,
        0.03869026526808739,
        0.023259729146957397,
        0.03020576760172844,
        0.05994207039475441,
        0.0230238176882267,
        0.06090524047613144,
        0.031282007694244385,
        0.062157463282346725
    ],
    "fits": {
        "encoding_drift_rate": [
            0.9967008819556267,
            0.2580283698583779,
            0.7602785768121296,
            0.6454874575953506,
            0.5874700963340495,
            0.6177552227836784,
            0.7899696988370548,
            0.5883589740705594,
            0.7050024150691376,
            0.952920560267712,
            0.9232350316689524,
            0.3623414332338447,
            0.504027667580919,
            0.2673750218318415,
            0.759949152011625,
            0.8954896959985759,
            0.6996010302685276,
            0.5611993102105962,
            0.9294684864356895,
            0.5447220453321184,
            0.4284445813272465,
            0.4883370874070252,
            0.6700525590706606,
            0.38171981218913825,
            0.8886099584044502,
            0.6890899771936202,
            0.5896277478958855,
            0.8031047987644688,
            0.7753784358870115,
            0.7264117462382286,
            0.6514004068236376,
            0.5370036441830626,
            0.3721993937123194,
            0.9810955288537656,
            0.6544365911593584,
            0.7667587268500151,
            0.7697221535392559,
            0.7594282401674061
        ],
        "start_drift_rate": [
            0.47499878528229367,
            0.6666309474814422,
            0.0004123610329503924,
            0.26301072500575334,
            0.42360062523819986,
            0.7278329847209788,
            0.7885704655225969,
            0.11849687994298336,
            0.1601641362686979,
            0.09936038397766389,
            0.08052880496715598,
            0.44209265621920113,
            0.007607005526129862,
            0.6657479716004193,
            0.28039718874509123,
            0.6947252480093961,
            0.02247348367917318,
            0.21363324089503277,
            0.03298940117738958,
            0.8872409530033625,
            0.09203142779972379,
            0.9507853988807171,
            0.19354193744610992,
            0.9872492983169798,
            0.14670953082130989,
            0.022172420497108214,
            0.9946717795936686,
            0.7574700976147065,
            0.8924577828942972,
            0.93156702831019,
            0.7627877599259356,
            0.05514182089120773,
            0.025960823407695677,
            0.3888483701181063,
            0.3257075531278456,
            0.3586354204561944,
            0.16170388235682082,
            0.08630259089456077
        ],
        "recall_drift_rate": [
            0.5444966736849484,
            0.18408580770785865,
            0.5531148965828262,
            0.626231099291432,
            0.13593428524251816,
            0.8323574225069084,
            0.4088364085057901,
            0.5691942764434844,
            0.29128163276108965,
            0.7316157736322934,
            0.7553539208674124,
            0.6950620488229757,
            0.03219929817066941,
            0.5804662109949944,
            0.4769098925717155,
            0.5891721362605299,
            0.6666723955480021,
            0.2926402977648197,
            0.9750171723312552,
            0.9268186973167836,
            0.584768069642528,
            0.9831424987608867,
            0.49028178850250925,
            0.8824422249919941,
            0.9741595695287654,
            0.7918279557862717,
            0.6134119729440137,
            0.4968524469870843,
            0.876097253856919,
            0.5788394227434788,
            0.7146465068383901,
            0.9114473326485124,
            0.6866302201971504,
            0.6333572064368744,
            0.20086410664893828,
            0.43845691977107615,
            0.3799616564036702,
            0.6071694044655855
        ],
        "shared_support": [
            59.85605091216465,
            26.23430407151856,
            63.56640334205359,
            74.57545966102684,
            51.306070727258366,
            73.96135996758919,
            39.40716612118631,
            97.39520108746927,
            94.85652352015437,
            98.20676323961052,
            97.04741849482593,
            27.25169445576332,
            63.04159775386766,
            84.81517501155211,
            59.003008686483206,
            62.47697147708171,
            65.28549768591631,
            79.06365257005831,
            97.3794678970689,
            78.49044245030629,
            12.093666039246465,
            11.820041963119763,
            79.09779390514964,
            35.67772356036134,
            61.522564719443565,
            54.625332052325746,
            36.555163874329814,
            13.807072223643601,
            33.44472193479881,
            72.66743641476975,
            29.151926087355918,
            85.99593473045225,
            33.49414678445936,
            76.45777767980476,
            94.67933365457598,
            79.73451394063147,
            74.44979056645447,
            92.58626593772458
        ],