{
    "fixed": {
        "allow_repeated_recalls": 0.0,
        "learn_after_context_update": 0.0,
        "modulate_emotion_by_primacy": 0.0
    },
    "free": {
        "encoding_drift_rate": [
            2.220446049250313e-16,
            0.9999999999999998
        ],
        "start_drift_rate": [
            2.220446049250313e-16,
            0.9999999999999998
        ],
        "recall_drift_rate": [
            2.220446049250313e-16,
            0.9999999999999998
        ],
        "shared_support": [
            2.220446049250313e-16,
            100.0
        ],
        "item_support": [
            2.220446049250313e-16,
            100.0
        ],
        "learning_rate": [
            2.220446049250313e-16,
            0.9999999999999998
        ],
        "primacy_scale": [
            2.220446049250313e-16,
            100.0
        ],
        "primacy_decay": [
            2.220446049250313e-16,
            100.0
        ],
        "choice_sensitivity": [
            2.220446049250313e-16,
            100.0
        ],
        "emotion_scale": [
            2.220446049250313e-16,
            10.0
        ]
    },
    "fitness": [
        0.03757023066282272,
        0.042283136397600174,
        0.04251866415143013,
        0.0296882726252079,
        0.05133333429694176,
        0.05044764280319214,
        0.03983297571539879,
        0.04144924134016037,
        0.07854263484477997,
        0.0426565520465374,
        0.04426313936710358,
        0.029651816934347153,
        0.04245670884847641,
        0.02452383004128933,
        0.02645454928278923,
        0.053252339363098145,
        0.05037616938352585,
        0.028833681717514992,
        0.07346346229314804,
        0.050178855657577515,
        0.08936785906553268,
        0.05553543567657471,
        0.02228393219411373,
        0.03326435014605522,
        0.05544961243867874,
        0.08141309022903442,
        0.03602669760584831,
        0.03259028121829033,
        0.03886732831597328,
        0.02093390002846718,
        0.04301167652010918,
        0.025070134550333023,
        0.03405936434864998,
        0.05655183270573616,
        0.02415544167160988,
        0.05942185968160629,
        0.031023412942886353,
        0.06647319346666336
    ],
    "fits": {
        "encoding_drift_rate": [
            0.9901851823564428,
            0.3506422582925231,
            0.8750812917868258,
            0.5938311496849842,
            0.5563392986482026,
            0.7380063942690435,
            0.5827999588998922,
            0.49069024191160227,
            0.7175752564875334,
            0.49899810761521757,
            0.8871891909115117,
            0.748649821139813,
            0.9300331562682069,
            0.9490426921150215,
            0.7165291657304313,
            0.9290808113742344,
            0.6826227094367732,
            0.9405874215705845,
            0.7036371601246776,
            0.522364433653859,
            0.43732415688648907,
            0.4847002782803182,
            0.8883506752002515,
            0.8520740481306328,
            0.9012017586305732,
            0.7049190187533092,
            0.6091665230979113,
            0.8797762783619842,
            0.5451908159628083,
            0.8126294031260464,
            0.7924967555700223,
            0.5889056294314347,
            0.46812472601007815,
            0.9435701150558083,
            0.5288997621202861,
            0.755660421155951,
            0.6872565750013082,
            0.6459801162916265
        ],
        "start_drift_rate": [
            0.3944046466424585,
            0.5365540028514262,
            0.15748007476753373,
            0.11962856151710205,
            0.010760510968415904,
            0.012934936706859357,
            0.21983252224451932,
            0.07436596761464159,
            0.3378694751307638,
            0.13014383632166382,
            0.05821738012034894,
            0.10668030327295103,
            0.09952014598488679,
            0.34058801533746064,
            0.13295561224271052,
            0.017452192138721512,
            0.017393802092609933,
            0.25576150283728666,
            0.01648256575105833,
            0.8978521366202481,
            0.10393584859377275,
            0.11453494254439922,
            0.023412715567527942,
            0.2759423214038783,
            0.008905128412920682,
            0.141293705167662,
            0.6812878781671821,
            0.9095766765083348,
            0.7167447446457405,
            0.21139579674233483,
            0.2451530197515791,
            0.011537695527381597,
            0.1637977748068341,
            0.05207699506506497,
            0.5803661554134485,
            0.06226698977590722,
            0.1036288414337288,
            0.5539036247922767
        ],
        "recall_drift_rate": [
            0.4969598252811229,
            0.03709512121849823,
            0.5372464936135064,
            0.9711327029115999,
            0.13640610718078877,
            0.7554615915107514,
            0.3772476570854634,
            0.3819595578787393,
            0.2074631860436812,
            0.24166382678502152,
            0.6332279457108458,
            0.9583591164742304,
            0.426510130469015,
            0.998323740025323,
            0.7891918225113254,
            0.7120864043470626,
            0.6510757049980374,
            0.5189399065692506,
            0.7494215010225954,
            0.9264177938412466,
            0.8647431063231648,
            0.9869360708220845,
            0.909020269367735,
            0.4273951416680628,
            0.9723393838495366,
            0.7636175962680926,
            0.5443972774575785,
            0.9946860742313794,
            0.897274157436246,
            0.8582120284675852,
            0.9997800940415446,
            0.9572491639209435,
            0.10384040351784812,
            0.9358219097285145,
            0.15076907413446988,
            0.42161481879528506,
            0.2853355192298458,
            0.3016693864097377
        ],
        "shared_support": [
            95.97041057254177,
            55.59782795303735,
            68.34881078307203,
            18.424531652749714,
            82.10294164461746,
            92.47613271385273,
            81.77812832457042,
            50.779083975980136,
            80.04773030166236,
            89.72303441910714,
            59.88628015509471,
            46.51870706647128,
            75.23180134877616,
            62.2693672676138,
            90.50595011154715,
            96.2263760087846,
            93.50034425853588,
            71.40987322602473,
            82.61377358095228,
            89.63095105367017,
            15.07831382632007,
            8.534230128993528,
            73.58383819695288,
            49.94794248368748,
            97.92772712842299,
            96.16129543724568,
            50.61066119052189,
            21.31324380860645,
            75.742818038769,
            59.739724996965684,
            53.94576820626623,
            67.29247547405596,
            35.54099447829534,
            94.94450744875097,
            90.59115784273422,
            83.99632347771197,
            88.76706438023658,
            91.26497898913576
        ],