{
    "fixed": {
        "allow_repeated_recalls": 0.0,
        "learn_after_context_update": 0.0,
        "modulate_emotion_by_primacy": 0.0
    },
    "free": {
        "encoding_drift_rate": [
            2.220446049250313e-16,
            0.9999999999999998
        ],
        "start_drift_rate": [
            2.220446049250313e-16,
            0.9999999999999998
        ],
        "recall_drift_rate": [
            2.220446049250313e-16,
            0.9999999999999998
        ],
        "shared_support": [
            2.220446049250313e-16,
            100.0
        ],
        "item_support": [
            2.220446049250313e-16,
            100.0
        ],
        "learning_rate": [
            2.220446049250313e-16,
            0.9999999999999998
        ],
        "primacy_scale": [
            2.220446049250313e-16,
            100.0
        ],
        "primacy_decay": [
            2.220446049250313e-16,
            100.0
        ],
        "choice_sensitivity": [
            2.220446049250313e-16,
            100.0
        ],
        "emotion_scale": [
            2.220446049250313e-16,
            10.0
        ]
    },
    "fitness": [
        278.5435485839844,
        219.14730834960938,
        277.03759765625,
        179.78822326660156,
        194.04385375976562,
        228.23678588867188,
        226.32415771484375,
        208.5289306640625,
        146.9680938720703,
        204.74888610839844,
        225.74322509765625,
        201.30726623535156,
        261.0221862792969,
        258.7164001464844,
        283.99224853515625,
        174.300048828125,
        178.39019775390625,
        156.3106231689453,
        214.01866149902344,
        179.52488708496094,
        176.04856872558594,
        236.28343200683594,
        166.59764099121094,
        259.4835205078125,
        178.0252685546875,
        238.598876953125,
        225.8805694580078,
        218.5815887451172,
        248.2899169921875,
        179.3746795654297,
        251.15089416503906,
        305.9827880859375,
        150.55014038085938,
        127.679931640625,
        318.8020935058594,
        173.71946716308594,
        258.5581970214844,
        143.30007934570312
    ],
    "fits": {
        "encoding_drift_rate": [
            0.9999222218157503,
            0.47331484818964364,
            0.8469421402252275,
            0.7625626459528186,
            0.6483749556634375,
            0.42743166450922465,
            0.7573941962289243,
            0.8380748357204699,
            0.8268980207252685,
            0.8747400517049932,
            0.16204824082530206,
            0.6511204231026826,
            0.998493324211284,
            0.9940827695859098,
            0.9899204416435842,
            0.2509976010765703,
            0.7493479994069926,
            0.31717327272354057,
            0.33328919508696286,
            0.9798848348513166,
            0.8589017212759855,
            0.5687537702168391,
            0.39542289444072104,
            0.31047773960599656,
            0.9999975310360819,
            0.3955173600046223,
            0.6100514537541879,
            0.9928983070050337,
            0.3422133864882322,
            0.9998133292313253,
            0.40615218198036623,
            0.461304303669003,
            0.49593651317922705,
            0.06419001301856479,
            0.9044039788001155,
            0.33313182439556044,
            0.9937987999285278,
            0.5913398962412648
        ],
        "start_drift_rate": [
            0.000409749734740783,
            0.0002863433814001204,
            0.11584585717379597,
            0.6611852306737974,
            0.10867831639501474,
            0.04644317463269099,
            0.08175482571166026,
            0.00271501875888569,
            0.03575195663959929,
            0.0028902198051258265,
            0.7558384027444438,
            0.8637731561770374,
            0.007820155637750348,
            0.7000060811059322,
            1.936139396274683e-05,
            0.059481700305978324,
            0.010549677747220654,
            0.12494560740804761,
            0.21007667904599014,
            0.40789533154345375,
            0.0001561125218092485,
            0.019849954165229437,
            0.4462101126641534,
            0.27476923657027186,
            0.028432518336869772,
            0.21517591911829992,
            0.009722567361368284,
            0.5052756284137288,
            0.050866219176759875,
            0.046778966451093196,
            0.16228038314225046,
            0.9986285077692265,
            0.07201587710844476,
            0.9970213691852402,
            0.014825623985171732,
            0.03243188082777282,
            0.0014964958514032123,
            0.2406531564145165
        ],
        "recall_drift_rate": [
            0.8741999216597638,
            0.6159728316456047,
            0.451133690489781,
            0.2439178935840577,
            0.6481082338797381,
            0.9999964469811882,
            0.8258775406933185,
            0.9637778300230487,
            0.992684885993636,
            0.9131915300607338,
            0.9200543145287239,
            0.5337813173836821,
            0.8099552015233357,
            0.8760842580471411,
            0.970664806756944,
            0.17173285486879314,
            0.7457591119803497,
            0.19075272797355558,
            0.32055068935641573,
            0.09124542213358022,
            0.8583462347615134,
            0.49572595919939705,
            0.24244064796015852,
            0.12958956817207035,
            0.9376358529918783,
            0.24266385833551524,
            0.5690486308197278,
            0.022959673555079996,
            0.25457825308327614,
            0.574114182993031,
            0.1790073332246711,
            0.48762701186855173,
            0.9993325455622418,
            0.9985333629813392,
            0.7450220007321342,
            0.4359178635209485,
            0.9322356311713638,
            0.32437270525933115
        ],
        "shared_support": [
            87.70623342142099,
            6.649236720459065,
            77.97167385815793,
            13.492697861089603,
            95.17033174625855,
            61.10154745364132,
            85.87479193203555,
            12.088202619432842,
            92.41884517544804,
            55.28414258150843,
            78.89910321851237,
            42.676179076562995,
            82.18865852109897,
            57.941532567495734,
            15.138724083192123,
            24.01782659019873,
            73.94484327316566,
            51.61723927869556,
            95.63254448915386,
            76.82506381146537,
            39.37546637721455,
            72.99900758732022,
            1.7429002142818675,
            53.50210458615333,
            51.41075575428393,
            76.85298272131921,
            8.7940051847024,
            21.874020686110995,
            89.59145315205674,
            16.219668107356767,
            8.865490891047799,
            96.7499481302488,
            6.811389239287742,
            87.35627309697692,
            88.7260732992633,
            91.12897547789368,
            69.64408291245277,
            55.14966097626297
        ],