{
    "fixed": {
        "allow_repeated_recalls": 0.0,
        "learn_after_context_update": 0.0,
        "modulate_emotion_by_primacy": 1.0
    },
    "free": {
        "encoding_drift_rate": [
            2.220446049250313e-16,
            0.9999999999999998
        ],
        "start_drift_rate": [
            2.220446049250313e-16,
            0.9999999999999998
        ],
        "recall_drift_rate": [
            2.220446049250313e-16,
            0.9999999999999998
        ],
        "shared_support": [
            2.220446049250313e-16,
            100.0
        ],
        "item_support": [
            2.220446049250313e-16,
            100.0
        ],
        "learning_rate": [
            2.220446049250313e-16,
            0.9999999999999998
        ],
        "primacy_scale": [
            2.220446049250313e-16,
            100.0
        ],
        "primacy_decay": [
            2.220446049250313e-16,
            100.0
        ],
        "choice_sensitivity": [
            2.220446049250313e-16,
            100.0
        ],
        "emotion_scale": [
            2.220446049250313e-16,
            10.0
        ]
    },
    "fitness": [
        279.1607666015625,
        228.61050415039062,
        276.1318054199219,
        179.40631103515625,
        192.6170196533203,
        227.98196411132812,
        225.03988647460938,
        209.3847198486328,
        144.3646240234375,
        206.69644165039062,
        222.72128295898438,
        194.21182250976562,
        262.7825012207031,
        254.16888427734375,
        292.5839538574219,
        170.8401336669922,
        176.8782196044922,
        150.70289611816406,
        210.51072692871094,
        177.04066467285156,
        172.8470916748047,
        235.4876251220703,
        164.289306640625,
        257.5875549316406,
        177.8627166748047,
        237.39390563964844,
        224.90731811523438,
        211.91421508789062,
        244.27259826660156,
        182.6886444091797,
        252.3704071044922,
        307.75689697265625,
        152.52423095703125,
        124.83663940429688,
        307.44085693359375,
        169.1656494140625,
        258.66473388671875,
        143.03500366210938
    ],
    "fits": {
        "encoding_drift_rate": [
            0.5450599696633175,
            0.9975216463563138,
            0.9647915972925317,
            0.8640992264269987,
            0.5627893032069364,
            0.4616862118874437,
            0.8987519227876379,
            0.9308100886755829,
            0.42982444161930256,
            0.9048245344182029,
            0.12708250872673124,
            0.44807312152058776,
            0.705493465236184,
            0.9999999999999998,
            0.5417110414901783,
            0.9756876252417287,
            0.44626363240552885,
            0.9991519716577049,
            0.5127003223447738,
            0.41366042724227264,
            0.49756078734883713,
            0.4346013297832645,
            0.34766394288997443,
            0.5176470358556117,
            0.5098550504908511,
            0.5146673170850903,
            0.43291934494358125,
            0.22118558456442683,
            0.9855570011898369,
            0.9996481842334611,
            0.9999266958466472,
            0.5720433389585426,
            0.27061203843633175,
            0.06616027529968871,
            0.7291255738385669,
            0.4254859245596413,
            0.9438254775703486,
            0.7078874429236127
        ],
        "start_drift_rate": [
            0.5209348811024811,
            0.014076201153296719,
            0.1553569743600981,
            0.9998291283284327,
            0.9995779989419157,
            0.993854158966903,
            0.09074523747133999,
            0.9520346273719463,
            0.24243682633074382,
            0.15323085015758503,
            0.9999703499217527,
            0.007714143113688121,
            0.9187765053895469,
            0.262839498719685,
            0.20614640547201263,
            0.23401375396731072,
            0.31699587425633946,
            0.9304619103554828,
            0.9999474197598283,
            0.33982313803001846,
            0.9999699627828399,
            0.033326410855565924,
            0.9999780774248573,
            0.9991761358714494,
            0.019328270405763404,
            0.9998409273702583,
            0.007862472681897104,
            0.9998946422849726,
            0.9787089945122223,
            0.01848763952657656,
            0.30065789121261044,
            0.9989449504246866,
            0.9998798242821221,
            0.9991839134816353,
            0.9978428450944634,
            0.9998659638894627,
            0.1160410392053775,
            0.2894040214971707
        ],
        "recall_drift_rate": [
            0.9757863975555812,
            0.9878706506468508,
            0.8190720452890856,
            0.30393908791436786,
            0.2543912765044716,
            0.8961476131451629,
            0.928024811381059,
            0.9962514876982572,
            0.9975298028874358,
            0.9568974888819852,
            0.36280441772146854,
            0.9978232698013632,
            0.10484720458611269,
            0.97350496103875,
            0.38984169807726243,
            0.9977938512451835,
            0.996184501573507,
            0.7072070362893009,
            0.08276513199430156,
            0.9996702694267356,
            0.2153789034733361,
            0.9949242501526442,
            0.1344111626282402,
            0.20229948308584383,
            0.9959182600940438,
            0.24809577126559745,
            0.9994335614008775,
            0.9878078772843646,
            0.9999999999999998,
            0.45683068839647833,
            0.6739366638541417,
            0.05283824399079054,
            0.07955834769593656,
            0.9998960018082145,
            0.9859172935500078,
            0.04558841091143445,
            0.8066293346634452,
            0.43172539236117446
        ],
        "shared_support": [
            65.75199424980036,
            61.463316299014316,
            80.81662895621139,
            57.029550371515334,
            89.74856408901996,
            19.978194163678847,
            73.88243716806367,
            74.57557024701529,
            77.86712918672703,
            96.22665826875567,
            71.56883532633124,
            98.21258374684075,
            91.5060806231777,
            51.42804485212253,
            41.276741000836104,
            31.997571264399472,
            69.52753033100414,
            71.57867455476114,
            83.47965993713564,
            88.78145021423424,
            91.32278092501521,
            80.92851794368954,
            69.93131379320056,
            80.9027840070283,
            50.51028911562587,
            81.08556988855042,
            99.38913628011565,
            66.76714018666128,
            51.14696200693343,
            35.42949381644149,
            94.68864554709992,
            81.17387107572578,
            60.133554184165575,
            61.71242230703997,
            2.1607762854716412,
            85.84925259999082,
            97.59129308815464,
            67.77349110376565
        ],