{
    "fixed": {},
    "free": {
        "encoding_drift_rate": [
            2.220446049250313e-16,
            0.9999999999999998
        ],
        "start_drift_rate": [
            2.220446049250313e-16,
            0.9999999999999998
        ],
        "recall_drift_rate": [
            2.220446049250313e-16,
            0.9999999999999998
        ],
        "shared_support": [
            2.220446049250313e-16,
            100.0
        ],
        "item_support": [
            2.220446049250313e-16,
            100.0
        ],
        "learning_rate": [
            2.220446049250313e-16,
            0.9999999999999998
        ],
        "primacy_scale": [
            2.220446049250313e-16,
            100.0
        ],
        "primacy_decay": [
            2.220446049250313e-16,
            100.0
        ],
        "stop_probability_scale": [
            2.220446049250313e-16,
            0.9999999999999998
        ],
        "stop_probability_growth": [
            2.220446049250313e-16,
            10.0
        ],
        "choice_sensitivity": [
            2.220446049250313e-16,
            100.0
        ]
    },
    "fitness": [
        3748.96484375,
        3692.8203125,
        3483.75,
        4227.38720703125,
        3370.293212890625,
        5733.45166015625,
        3616.19189453125,
        4526.9267578125,
        5545.28173828125,
        3015.18017578125,
        1812.3372802734375,
        4273.5625,
        5316.47607421875,
        3434.183837890625,
        4769.96240234375,
        4504.03369140625,
        2947.228515625,
        3458.91015625,
        1676.86279296875
    ],
    "fits": {
        "encoding_drift_rate": [
            0.9199161461915939,
            0.8781762131180191,
            0.860935034350184,
            0.8789178591883524,
            0.8833280617550814,
            0.8465404857138348,
            0.8137281967789207,
            0.8433611663750347,
            0.9557397508219685,
            0.8524510640454006,
            0.9222648573247971,
            0.8384778393582137,
            0.9231369420557083,
            0.8962458527316579,
            0.9358046027925369,
            0.9464822484535107,
            0.8267027220680558,
            0.8725789883200343,
            0.8851011112992939
        ],
        "start_drift_rate": [
            0.15501975623195124,
            0.5790375415478095,
            0.5297527192330029,
            0.3811150792339674,
            0.6602588130598201,
            0.65749098996701,
            0.6617771709833759,
            0.6202863571528257,
            0.6683731450491402,
            0.674303945513499,
            0.6096114302763378,
            0.8422831606662833,
            0.6993165316174937,
            0.5231822138161735,
            0.13654917453941756,
            0.2724086203363531,
            0.6018744921068795,
            0.5677737756062792,
            0.6970925828736145
        ],
        "recall_drift_rate": [
            0.8918563807087816,
            0.7607298047995671,
            0.7680001965926677,
            0.8218178466621078,
            0.7461619107068332,
            0.7457884078491462,
            0.7169075724549475,
            0.7361952962478301,
            0.9714857119218739,
            0.8466603723458632,
            0.8477184909671367,
            0.7897069556537052,
            0.8651290314282685,
            0.7736850682891918,
            0.8726192148101075,
            0.8954354994323179,
            0.8089355568526009,
            0.7101112341121627,
            0.7992414670739869
        ],
        "shared_support": [
            10.605754415858492,
            90.64587805370834,
            7.638617651922999,
            10.111633054750534,
            7.688405532530318,
            8.340827963808238,
            86.80888907094075,
            8.621224998722973,
            15.888639933869761,
            85.20550869882523,
            95.9914785956963,
            97.89432080962388,
            90.80039462682718,
            8.222801446167601,
            12.661743610006006,
            11.287603414512283,
            7.260372259005564,
            6.374751698277258,
            7.48067188909998
        ],
        "item_support": [
            10.036860587440607,
            79.79594737874493,
            6.870506903308012,
            9.34915394856408,
            6.825057245681407,
            7.463679964271272,
            74.5854727589891,
            7.8045801176587375,
            15.816153970499606,
            78.58756499203457,
            87.28225804249638,
            85.13162280259635,
            83.82568188612439,
            7.480010972860917,
            11.902669719567939,
            10.621813613431868,
            6.663678230903123,
            5.538141425216423,
            6.746456021814531
        ],
        "learning_rate": [
            0.015593086930639329,
            0.006484448202748794,
            0.02383139280536145,
            0.12169103285613886,
            0.0653102742648035,
            0.20293694305859888,
            0.015385031771195812,
            0.015968952902375988,
            0.21542281138385172,
            0.02007879089424841,
            0.0074738043403736465,
            0.08726529357985248,
            0.09645334113529291,
            0.007762455207389457,
            0.11566204200204894,
            0.06778001842582365,
            0.016648722916133896,
            0.06433912931212178,
            0.012948408676202006
        ],
        "primacy_scale": [
            2.8947230519730525,
            13.294136837171337,
            0.24526336338321642,
            0.8020042151213644,
            0.14867378785301244,
            0.10243432707290623,
            13.772399486276186,
            0.24473227657249907,
            0.14887854633060726,
            11.875893484230936,
            16.44957472649999,
            17.413784778737366,
            13.544443633803617,
            0.29290627279983283,
            1.6599668260588984,
            1.1960611870697448,
            0.3162525780487542,
            0.24934688222303691,
            0.26007826886780094
        ],
        "primacy_decay": [
            2.555162112517877,
            0.01755795437370722,
            52.56767920380987,
            1.5685297177747515,
            67.09740002388588,
            54.00315132015253,
            0.013242836978797357,
            41.61255213841743,
            54.879110843411596,
            0.0749956066367119,
            0.04033840345296369,
            0.000523601933259954,
            0.010059524034907705,
            98.49612828893336,
            19.30641553533303,
            16.860221966546412,
            1.4152945528662002,
            59.36083975873706,
            86.19656420618412
        ],
        "stop_probability_scale": [
            0.02705931865316236,
            0.00046990104805011423,
            0.002532718381922594,
            0.017023062847356163,
            0.0017279248219164121,
            0.0015523832537036287,
            0.007883141206576086,
            0.003512244439327239,
            0.000838799338315869,
            0.006811725135430879,
            0.06812330217321344,
            0.005628177208463544,
            4.1668729045138896e-05,
            3.58626527698384e-05,
            0.03133455526023099,
            0.01803538280765088,
            0.00092300579437532,
            2.2335679808802233e-05,
            0.009894023920801687
        ],