{
    "fixed": {},
    "free": {
        "encoding_drift_rate": [
            2.220446049250313e-16,
            0.9999999999999998
        ],
        "start_drift_rate": [
            2.220446049250313e-16,
            0.9999999999999998
        ],
        "recall_drift_rate": [
            2.220446049250313e-16,
            0.9999999999999998
        ],
        "shared_support": [
            2.220446049250313e-16,
            100.0
        ],
        "item_support": [
            2.220446049250313e-16,
            100.0
        ],
        "learning_rate": [
            2.220446049250313e-16,
            0.9999999999999998
        ],
        "primacy_scale": [
            2.220446049250313e-16,
            100.0
        ],
        "primacy_decay": [
            2.220446049250313e-16,
            100.0
        ],
        "stop_probability_scale": [
            2.220446049250313e-16,
            0.9999999999999998
        ],
        "stop_probability_growth": [
            2.220446049250313e-16,
            10.0
        ],
        "choice_sensitivity": [
            2.220446049250313e-16,
            100.0
        ]
    },
    "fitness": [
        3746.3505859375,
        3698.728515625,
        3489.2587890625,
        4217.85400390625,
        3368.870849609375,
        5745.6220703125,
        3621.0498046875,
        4527.50244140625,
        5525.78515625,
        3016.449951171875,
        1811.579345703125,
        4274.626953125,
        5320.8447265625,
        3434.905517578125,
        4771.1650390625,
        4505.30810546875,
        2940.81103515625,
        3461.63330078125,
        1676.8885498046875
    ],
    "fits": {
        "encoding_drift_rate": [
            0.9155466864466018,
            0.8738717334346833,
            0.8631368826036538,
            0.8462732508434452,
            0.8668194778720988,
            0.8451044089038007,
            0.8361418589073786,
            0.8451872841325144,
            0.9565181534645891,
            0.8518101387683463,
            0.9086172451242722,
            0.8221533641409071,
            0.9141595205902926,
            0.8872670853651958,
            0.9390835148507649,
            0.9508809046307621,
            0.8245813513512517,
            0.8625635162158962,
            0.874134647352218
        ],
        "start_drift_rate": [
            0.12672061218308306,
            0.5770281947292258,
            0.6337520569652855,
            0.3153731432905694,
            0.7120783350464066,
            0.7132989863512721,
            0.6221398828328661,
            0.6643709215420464,
            0.7177995312988328,
            0.6579963539699794,
            0.5981477040711608,
            0.8297461579887313,
            0.7064228765000811,
            0.5248888224131428,
            0.11665007592476284,
            0.18030163898310986,
            0.30674416540135097,
            0.6581933884041903,
            0.6305725365181787
        ],
        "recall_drift_rate": [
            0.8909920333497134,
            0.7525551490785309,
            0.7786867717726361,
            0.8582713395177282,
            0.7887403831839687,
            0.7940756151635346,
            0.7056539041956003,
            0.7409132320908093,
            0.9839946494703304,
            0.8379065570676454,
            0.8107149434240225,
            0.7749336881452512,
            0.8531263414360615,
            0.7461483301422603,
            0.8666443364758059,
            0.9076547142287994,
            0.8019889210350996,
            0.7307576986518435,
            0.8020961119057893
        ],
        "shared_support": [
            7.845956892394014,
            85.22587957489975,
            93.84349170957032,
            10.342229060280353,
            92.41885009285147,
            70.3652484487557,
            6.308565584087944,
            8.162260271053249,
            95.21910990616837,
            85.07299949997805,
            85.06834507732378,
            9.8183972525376,
            98.27053202009343,
            7.431585314307448,
            11.164757940659939,
            15.441690896104703,
            7.722351699253274,
            7.099374474894468,
            7.835971978185043
        ],
        "item_support": [
            7.255296736238854,
            67.37501812011034,
            79.64951634597814,
            9.713800732551398,
            81.49522531923269,
            63.29148976849943,
            5.426428367707757,
            7.341413688130906,
            95.93187187745659,
            77.11214168805786,
            77.7442594454366,
            9.19178879783975,
            92.86052899234232,
            6.653672040617508,
            10.427246235534767,
            14.821215448438338,
            7.114584499258683,
            6.356575788431989,
            7.177504903067003
        ],
        "learning_rate": [
            0.008344529467445034,
            0.010609379206813997,
            0.011615775928978942,
            0.03841777517176481,
            0.017906423029772696,
            0.110529225953591,
            0.012718306193324156,
            0.016444724563251988,
            0.16444367629808965,
            0.004528288718755007,
            2.220446049250313e-16,
            0.02785626400411011,
            0.03489579776716294,
            0.005042697225645832,
            0.12783139335512494,
            0.008189937368926509,
            0.010197664750959956,
            0.010685209604768875,
            0.004337516265561375
        ],
        "primacy_scale": [
            3.8024474325303927,
            21.857886851077456,
            18.18579622533236,
            1.381407766612007,
            15.072505609905882,
            9.630354521018369,
            0.04652277511766556,
            0.14590255303099298,
            23.198974615279468,
            16.817175570386148,
            15.305486948491541,
            0.04986592911596688,
            10.568281865798404,
            0.2568733553151361,
            1.6905689564222044,
            2.7309229580150074,
            1.7364164501405241,
            0.12341642909151318,
            0.4684466039060453
        ],
        "primacy_decay": [
            2.4274098196954554,
            0.021082480080304805,
            0.0016010133195853225,
            1.0713391962670116,
            0.02214245880740034,
            0.01342916676997499,
            51.34378591024752,
            82.65812307001364,
            0.0240194801415754,
            0.08381147318011864,
            0.03666117077981568,
            98.04221758943712,
            0.012840097800140718,
            45.208192575206574,
            53.60267113391598,
            2.9889632785564686,
            1.6341697189939808,
            41.26212573363447,
            3.3475385514782374
        ],
        "stop_probability_scale": [
            0.027991951249753476,
            0.0006303862067058047,
            0.0028034440384018156,
            0.018658056653513666,
            0.0017870349446701829,
            0.001125485226031736,
            0.007688637003286832,
            0.0033221587127245677,
            0.000780402452996487,
            0.007156655942106146,
            0.06823497541525919,
            0.00523316276821254,
            6.670703899121745e-05,
            4.509122161055725e-05,
            0.033753693433902554,
            0.01503768378780429,
            0.0010688244090849564,
            2.392440395204698e-05,
            0.008923808563773356
        ],