{
    "fixed": {
        "start_drift_rate": 1.0,
        "shared_support": 0.0,
        "item_support": 0.0,
        "learning_rate": 0.0,
        "primacy_scale": 0.0,
        "primacy_decay": 0.0,
        "encoding_drift_decrease": 1.0,
        "item_sensitivity_max": 0.0,
        "item_sensitivity_decrease": 1.0,
        "allow_repeated_recalls": 1.0
    },
    "free": {
        "item_sensitivity_max": [
            1e-12,
            20.0
        ],
        "item_sensitivity_decrease": [
            1e-12,
            0.999999
        ],
        "encoding_drift_rate": [
            2.220446049250313e-16,
            0.9999999999999998
        ],
        "recall_drift_rate": [
            2.220446049250313e-16,
            0.9999999999999998
        ],
        "stop_probability_scale": [
            2.220446049250313e-16,
            0.9999999999999998
        ],
        "stop_probability_growth": [
            2.220446049250313e-16,
            10.0
        ],
        "choice_sensitivity": [
            2.220446049250313e-16,
            100.0
        ],
        "shared_support": [
            2.220446049250313e-16,
            100.0
        ],
        "item_support": [
            2.220446049250313e-16,
            100.0
        ],
        "encoding_drift_decrease": [
            2.220446049250313e-16,
            0.9999999999999998
        ]
    },
    "fitness": [
        1201.62109375,
        1742.107666015625,
        1189.562744140625,
        940.0460815429688,
        1087.4833984375,
        1789.7757568359375,
        1721.234619140625,
        1752.22021484375,
        1778.9940185546875,
        1674.324951171875,
        1467.1268310546875,
        1065.03466796875,
        1411.1429443359375,
        1743.3299560546875,
        1430.44140625,
        1643.987060546875,
        1775.0546875,
        1700.478759765625,
        1881.6943359375,
        723.1358032226562,
        952.8602294921875,
        3047.68017578125,
        2230.388916015625,
        934.1543579101562
    ],
    "fits": {
        "item_sensitivity_max": [
            6.585144618626472,
            6.754690683118335,
            7.710824971820707,
            6.625329531088516,
            6.7627376591018376,
            7.408410980178115,
            6.157294697412178,
            8.170553215931541,
            6.517327788012334,
            6.2189186857911265,
            7.168079881487181,
            7.000352438368299,
            7.925251948026087,
            6.502093943042583,
            6.736578680699147,
            7.210146409376898,
            6.999369200090782,
            6.0664761830455785,
            7.619303071851481,
            8.177484385571024,
            6.440792768340582,
            5.101291366124029,
            5.678048987479908,
            7.356766683892994
        ],
        "item_sensitivity_decrease": [
            0.9970206194383753,
            0.925767248227247,
            0.8973005787588757,
            0.9988092239034393,
            0.9562194247142575,
            0.8454082753710492,
            0.9485407457055615,
            0.9114676473110778,
            0.9549587248220406,
            0.9840976583782097,
            0.9959471251497228,
            0.9815440154588588,
            0.924909989159891,
            0.9710650153851498,
            0.9923737724653912,
            0.9850201552706965,
            0.8743116389860022,
            0.9400032803588462,
            0.8366777947849758,
            0.925113412446601,
            0.9560922239474754,
            0.9782379770702849,
            0.9992983467879819,
            0.9127253946732866
        ],
        "encoding_drift_rate": [
            0.7684879424279601,
            0.7375555937243983,
            0.49629719154724994,
            0.7856924842787315,
            0.7900159717046003,
            0.49067001337010335,
            0.6905079810976366,
            0.7820890234620913,
            0.8455869971512622,
            0.7323161185035338,
            0.9886274280415351,
            0.813134095332245,
            0.743171436633176,
            0.7520743398412248,
            0.8065247468766054,
            0.9229877370391837,
            0.5263180543899572,
            0.7043876124712221,
            0.48986921190816635,
            0.4152255788241837,
            0.34672817093188224,
            0.5562690534124561,
            0.9998292388695684,
            0.28410194267411293
        ],
        "recall_drift_rate": [
            0.7072308429790928,
            0.6104273049307334,
            0.3554099978212535,
            0.647909766860407,
            0.6617730791924594,
            0.4869845255667728,
            0.6127803294275174,
            0.6683477794953868,
            0.7272174109420233,
            0.5765704841057204,
            0.7425396276087464,
            0.7670739649494627,
            0.5674503904648769,
            0.7254520210439839,
            0.6544993414257423,
            0.5635206845032829,
            0.4152008026103026,
            0.5394812167674597,
            0.03389435211835421,
            0.23476764657048,
            0.01868972211540492,
            0.07059575378983302,
            0.608378054411278,
            0.23744884436766922
        ],
        "stop_probability_scale": [
            0.0006956261589539129,
            0.00033000187375092867,
            0.0006959989593926443,
            0.000517045955889086,
            0.0058076830301918595,
            0.00046301434255307736,
            0.000640952143800462,
            0.0007019636764124581,
            0.0004566311289730935,
            0.0003201284492933131,
            0.00034808139513333613,
            0.00046685010535924,
            0.0008000312342621441,
            0.000437423281695517,
            0.0004134443244545834,
            0.00017311697391186875,
            0.0004625745597306962,
            0.0006262025753235795,
            0.0007194508629293997,
            0.0011099634848460804,
            0.0004658019327187885,
            0.00040570254361949054,
            0.0003726511671247601,
            0.006727640766491183
        ],
        "stop_probability_growth": [
            1.165853905143277,
            1.279068035615496,
            1.177332021503318,
            1.1957555810396814,
            0.8267812486084061,
            1.2147057104944023,
            1.1581571001146411,
            1.1287158761940663,
            1.2345699108110944,
            1.2840979343888326,
            1.2567693983954564,
            1.2086666220188347,
            1.1384054578761784,
            1.2330434322373653,
            1.2320364874332768,
            1.3887209587793379,
            1.2154860751051206,
            1.1842058659861094,
            1.1419255770571106,
            1.0977992618575638,
            1.2219227793361704,
            1.1367296253151205,
            1.2218635420875303,
            0.8154667487263865
        ],
        "choice_sensitivity": [
            56.58940829316869,
            14.48995819955298,
            35.447821702317555,
            21.882025822854867,
            9.647571718769917,
            28.130793345037482,
            65.38228407639247,
            56.17649778432441,
            49.897436041086664,
            12.829986110764999,
            34.79592344598305,
            46.62107929110672,
            15.479482631142908,
            8.44473974302813,
            10.217442562957771,
            90.42771658478195,
            23.947352699026624,
            11.176729794145999,
            98.53491808356665,
            68.20116720310132,
            99.4600984275757,
            20.661610887832854,
            82.01735163225423,
            85.74231244492023
        ],