{
    "fixed": {
        "start_drift_rate": 1.0,
        "shared_support": 0.0,
        "item_support": 0.0,
        "learning_rate": 0.0,
        "primacy_scale": 0.0,
        "primacy_decay": 0.0,
        "encoding_drift_decrease": 1.0,
        "item_sensitivity_max": 0.0,
        "item_sensitivity_decrease": 1.0,
        "allow_repeated_recalls": 1.0
    },
    "free": {
        "item_sensitivity_max": [
            1e-12,
            20.0
        ],
        "item_sensitivity_decrease": [
            1e-12,
            0.999999
        ],
        "encoding_drift_rate": [
            2.220446049250313e-16,
            0.9999999999999998
        ],
        "recall_drift_rate": [
            2.220446049250313e-16,
            0.9999999999999998
        ],
        "stop_probability_scale": [
            2.220446049250313e-16,
            0.9999999999999998
        ],
        "stop_probability_growth": [
            2.220446049250313e-16,
            10.0
        ],
        "choice_sensitivity": [
            2.220446049250313e-16,
            100.0
        ],
        "learning_rate": [
            2.220446049250313e-16,
            0.9999999999999998
        ],
        "primacy_scale": [
            2.220446049250313e-16,
            100.0
        ],
        "primacy_decay": [
            2.220446049250313e-16,
            100.0
        ],
        "start_drift_rate": [
            2.220446049250313e-16,
            0.9999999999999998
        ],
        "encoding_drift_decrease": [
            2.220446049250313e-16,
            0.9999999999999998
        ]
    },
    "fitness": [
        1227.4849853515625,
        1769.09326171875,
        1195.589111328125,
        940.015625,
        1116.6253662109375,
        1796.1756591796875,
        1726.810302734375,
        1791.4183349609375,
        1770.4913330078125,
        1680.1138916015625,
        1494.394287109375,
        1104.13232421875,
        1477.9498291015625,
        1794.772216796875,
        1478.3909912109375,
        1641.62939453125,
        1786.7982177734375,
        1749.0745849609375,
        1868.735595703125,
        726.9513549804688,
        842.2803955078125,
        3002.1337890625,
        2251.64453125,
        933.1714477539062
    ],
    "fits": {
        "item_sensitivity_max": [
            6.967549953723315,
            7.566089489114544,
            7.14803953510588,
            7.380017269050534,
            7.352379310900836,
            7.156329542698929,
            6.902956732820346,
            7.474727811471077,
            8.360532983914172,
            6.600419884667019,
            8.559723571544504,
            6.767631339519427,
            8.846069592275429,
            7.197581896918628,
            7.588999840613164,
            9.716080106321783,
            7.116345533785312,
            6.608003212111927,
            8.972023388702896,
            8.742480320176968,
            10.26354097924008,
            5.821828654390136,
            8.551522768992841,
            6.9215509952222165
        ],
        "item_sensitivity_decrease": [
            0.9088882388968541,
            0.8407732912576436,
            0.9043748181636011,
            0.9367962662294754,
            0.9117310314390942,
            0.8495592545493749,
            0.8820072461954183,
            0.8494765432426654,
            0.8130533793048967,
            0.8956780598435965,
            0.8520043243506936,
            0.9200026902635638,
            0.8340230926953445,
            0.8795069101726767,
            0.8767584943095814,
            0.7984353644339451,
            0.8723168265573715,
            0.8891717433124101,
            0.7846039850968798,
            0.9063753132492377,
            0.8748328160985728,
            0.854693604915852,
            0.7920710039770633,
            0.9273900560613393
        ],
        "encoding_drift_rate": [
            0.3638515562475363,
            0.3446996551265557,
            0.24392509079356584,
            0.3602474589714832,
            0.5028107158251829,
            0.40546362755135984,
            0.374571554115463,
            0.4403783522754031,
            0.514360015638284,
            0.1491261621087852,
            0.7730391973684251,
            0.5945460973345931,
            0.367698728758514,
            0.5298053969150328,
            0.45791583454382395,
            0.4436410027054776,
            0.544745291640675,
            0.3627820944424686,
            0.36812134652018774,
            0.11083967785395926,
            0.29135924983075034,
            0.4541211836858732,
            0.4899003052998857,
            0.17244888241064077
        ],
        "recall_drift_rate": [
            0.25840285215055014,
            0.26782751026359397,
            0.7212137593710042,
            0.7446079722002882,
            0.454232068854886,
            0.25315632872713445,
            0.2721328996930654,
            0.4694108548692886,
            0.5707156062337092,
            0.7119400321504752,
            0.6500093748522269,
            0.8343834928827787,
            0.3346071693434074,
            0.4224096725050922,
            0.6852341316415016,
            0.7790976572807299,
            0.4516995529235239,
            0.27418001688717747,
            0.27447458357589427,
            0.7996368019931719,
            0.2573128615821678,
            0.3410050708551241,
            0.34811126287703037,
            0.7829570717638934
        ],
        "stop_probability_scale": [
            0.00043475110215901447,
            0.00043921164186108545,
            0.0005957495961797859,
            0.0006949738538915309,
            0.005615749245858863,
            0.0005130141109510045,
            0.0006413763660593603,
            0.0004993597916849724,
            0.0005301929128761019,
            0.0002227481933120279,
            0.00040931274427528214,
            0.0003485511592134105,
            0.00045235765852857934,
            0.000471334773348337,
            0.0003794493039739663,
            0.00027224714966633004,
            0.0006390091475305911,
            0.00115955223077307,
            0.0003602498658830395,
            0.0012069216698147311,
            0.00027478643770384274,
            0.0005197832271977565,
            0.00039973542285265395,
            0.005431753241170624
        ],
        "stop_probability_growth": [
            1.2489259887834763,
            1.2232740663663302,
            1.2023335888267672,
            1.1446884801956787,
            0.8284609634399445,
            1.2014752346680484,
            1.152062119268905,
            1.1896733959963983,
            1.210687469206443,
            1.3455924241756732,
            1.2287901856363015,
            1.2600142705739814,
            1.2382883801949784,
            1.2208010173064512,
            1.246992073892788,
            1.3116720359179728,
            1.1563404388084364,
            1.0860650216833259,
            1.2591797121934591,
            1.0817799746570045,
            1.3119323606877682,
            1.1034964867448922,
            1.2139283380960681,
            0.8541195061172833
        ],
        "choice_sensitivity": [
            97.40560857565006,
            85.93676338377122,
            57.28438737591598,
            38.05606492795697,
            28.40928206814146,
            76.02964047915896,
            83.90100247600192,
            67.05432897995404,
            41.35529742328831,
            70.50290418533422,
            17.113628197060756,
            64.58369158300805,
            54.931624010002245,
            25.384108607957483,
            22.40116861148296,
            26.016250433150596,
            23.997925017167503,
            58.99791313098265,
            76.79163171585807,
            82.29754555677661,
            97.2592878775092,
            57.44875859727573,
            42.09237123093579,
            56.129769651188724
        ],