{
    "fixed": {
        "start_drift_rate": 1.0,
        "shared_support": 0.0,
        "item_support": 0.0,
        "learning_rate": 0.0,
        "primacy_scale": 0.0,
        "primacy_decay": 0.0,
        "encoding_drift_decrease": 1.0,
        "item_sensitivity_max": 0.0,
        "item_sensitivity_decrease": 1.0,
        "allow_repeated_recalls": 1.0
    },
    "free": {
        "item_sensitivity_max": [
            1e-12,
            20.0
        ],
        "item_sensitivity_decrease": [
            1e-12,
            0.999999
        ],
        "encoding_drift_rate": [
            2.220446049250313e-16,
            0.9999999999999998
        ],
        "recall_drift_rate": [
            2.220446049250313e-16,
            0.9999999999999998
        ],
        "stop_probability_scale": [
            2.220446049250313e-16,
            0.9999999999999998
        ],
        "stop_probability_growth": [
            2.220446049250313e-16,
            10.0
        ],
        "choice_sensitivity": [
            2.220446049250313e-16,
            100.0
        ],
        "learning_rate": [
            2.220446049250313e-16,
            0.9999999999999998
        ],
        "encoding_drift_decrease": [
            2.220446049250313e-16,
            0.9999999999999998
        ]
    },
    "fitness": [
        1227.4915771484375,
        1767.787109375,
        1212.19140625,
        968.28271484375,
        1115.5396728515625,
        1796.8924560546875,
        1731.898193359375,
        1811.1563720703125,
        1782.7181396484375,
        1702.283935546875,
        1513.32470703125,
        1096.792236328125,
        1471.2955322265625,
        1793.49951171875,
        1492.147216796875,
        1661.716552734375,
        1784.74365234375,
        1748.5885009765625,
        1867.8587646484375,
        745.1246337890625,
        842.971435546875,
        3023.41162109375,
        2252.485107421875,
        942.4129028320312
    ],
    "fits": {
        "item_sensitivity_max": [
            7.151092478536784,
            7.49101403282889,
            7.250232834361757,
            7.786329680174559,
            7.036613917994408,
            7.387925577318615,
            6.904496166221816,
            9.355286053388582,
            8.801931007928317,
            6.852227298313533,
            8.2063784146833,
            7.914847344803034,
            9.671456044885394,
            7.722383043853609,
            7.743091036275636,
            9.191132969298618,
            6.720623098624367,
            6.366633379463911,
            9.249121098040712,
            8.589860300832733,
            10.433942713868435,
            5.865451306615783,
            7.471139085678843,
            7.5224244447796496
        ],
        "item_sensitivity_decrease": [
            0.909337486632273,
            0.8498300900024585,
            0.9036974057489584,
            0.921426644602731,
            0.9154201035233517,
            0.8467031171484642,
            0.882191026125281,
            0.8073130161155402,
            0.8021484165643763,
            0.8893711159830925,
            0.8590683198113688,
            0.904083080771556,
            0.8220377268308299,
            0.8599536254461283,
            0.8857421794379887,
            0.809647353456136,
            0.8833195598831568,
            0.9005747241813975,
            0.7866268161154688,
            0.9069166736571732,
            0.870644767638131,
            0.8627390591567841,
            0.8266435506942202,
            0.9038149663143881
        ],
        "encoding_drift_rate": [
            0.3796297473704519,
            0.3119775092718249,
            0.343532502834033,
            0.306878143082714,
            0.32437781956169986,
            0.3210531350565935,
            0.39919323931999307,
            0.32145321611009803,
            0.2999852637032359,
            0.26272830036695227,
            0.39056089173963726,
            0.3203727861018846,
            0.2874372490510787,
            0.3254141818207128,
            0.39060446488287415,
            0.41026650808303683,
            0.27965979540158686,
            0.41452147622603613,
            0.30356509297301937,
            0.3347063586847109,
            0.2781151721087295,
            0.3920775099911746,
            0.3140139520197497,
            0.3579238241241229
        ],
        "recall_drift_rate": [
            0.31854945388063816,
            0.29097574785639624,
            0.28489336306754764,
            0.3302371109328195,
            0.3021490678898626,
            0.3356542260523805,
            0.3394312265167184,
            0.26351237588118837,
            0.35391770009911594,
            0.25143714979020554,
            0.36193365595919713,
            0.32647684294503365,
            0.2735809418682699,
            0.311495508609654,
            0.32207018015791145,
            0.3378016649942216,
            0.24548566650630416,
            0.3466470852171885,
            0.2836916969554859,
            0.2825209800446019,
            0.29015252264564595,
            0.3305417308785651,
            0.262244816986245,
            0.34734692477546075
        ],
        "stop_probability_scale": [
            0.0004975048883739674,
            0.00031206767230693974,
            0.0005507799809913182,
            0.0006042339848770235,
            0.004829677044327574,
            0.0005606041357843327,
            0.0009757044491255362,
            0.00075600357816884,
            0.0005563183547834695,
            0.0003458557010597015,
            0.0004287037921179816,
            0.0003288942664291821,
            0.0003335323782543109,
            0.0008989673627573525,
            0.0004332467939905382,
            0.00021750862183398927,
            0.00026214348851288927,
            0.0008696943910410648,
            0.00033836642373119563,
            0.001225448888185654,
            0.00032618474372897444,
            0.00031984732163371646,
            0.00030381617913419705,
            0.005974823990703057
        ],
        "stop_probability_growth": [
            1.2206277633302576,
            1.2876673166031418,
            1.2158849651477581,
            1.1690598578892542,
            0.8506977454712512,
            1.177953509385964,
            1.0785081880298755,
            1.1199459572853265,
            1.2011629113358935,
            1.2719854994436903,
            1.2248711018508311,
            1.2698077131044814,
            1.291336433699208,
            1.1104478680052123,
            1.2265283359143266,
            1.349376864134407,
            1.3050728506292355,
            1.1337065971223308,
            1.2756732771810348,
            1.0801289367930922,
            1.285786659722223,
            1.187333131547899,
            1.2658985698369598,
            0.8379066814283999
        ],
        "choice_sensitivity": [
            75.91008754239581,
            91.84660786769128,
            96.29359540276607,
            78.80472654871974,
            76.68254155123392,
            74.8099110128928,
            60.28525952725735,
            97.5022132991289,
            82.8820503550779,
            94.54051333153078,
            50.18142191763199,
            70.18071421772959,
            90.65372084036406,
            58.323966302084465,
            55.23557635912485,
            65.12751537928173,
            95.01501804052025,
            41.327470226022946,
            86.05880741323371,
            94.44047039049677,
            89.86541433209416,
            47.4570774050761,
            82.59466943300149,
            58.30939888353907
        ],