{
    "fixed": {
        "start_drift_rate": 1.0,
        "shared_support": 0.0,
        "item_support": 0.0,
        "learning_rate": 0.0,
        "primacy_scale": 0.0,
        "primacy_decay": 0.0,
        "encoding_drift_decrease": 1.0,
        "item_sensitivity_max": 0.0,
        "item_sensitivity_decrease": 1.0,
        "allow_repeated_recalls": 1.0
    },
    "free": {
        "item_sensitivity_max": [
            1e-12,
            20.0
        ],
        "item_sensitivity_decrease": [
            1e-12,
            0.999999
        ],
        "encoding_drift_rate": [
            2.220446049250313e-16,
            0.9999999999999998
        ],
        "start_drift_rate": [
            2.220446049250313e-16,
            0.9999999999999998
        ],
        "recall_drift_rate": [
            2.220446049250313e-16,
            0.9999999999999998
        ],
        "shared_support": [
            2.220446049250313e-16,
            100.0
        ],
        "item_support": [
            2.220446049250313e-16,
            100.0
        ],
        "learning_rate": [
            2.220446049250313e-16,
            0.9999999999999998
        ],
        "primacy_scale": [
            2.220446049250313e-16,
            100.0
        ],
        "primacy_decay": [
            2.220446049250313e-16,
            100.0
        ],
        "choice_sensitivity": [
            2.220446049250313e-16,
            100.0
        ],
        "encoding_drift_decrease": [
            2.220446049250313e-16,
            0.9999999999999998
        ]
    },
    "fitness": [
        1083.9425048828125,
        1660.68359375,
        1055.27685546875,
        746.6400756835938,
        1023.6021728515625,
        1676.0224609375,
        1584.3702392578125,
        1696.9940185546875,
        1671.6593017578125,
        1571.1632080078125,
        1442.060791015625,
        913.7855834960938,
        1327.71142578125,
        1657.85986328125,
        1307.5753173828125,
        1584.7354736328125,
        1704.0654296875,
        1595.1795654296875,
        1758.8125,
        620.3395385742188,
        623.6619873046875,
        2991.0849609375,
        2174.98876953125,
        904.2542114257812
    ],
    "fits": {
        "item_sensitivity_max": [
            6.976177585921484,
            6.946500771491721,
            7.832929379289062,
            6.989719652183766,
            7.182871475958157,
            7.919772223859171,
            7.261181400549282,
            7.712080211824832,
            7.813984800688283,
            6.710066296987838,
            7.931300802819301,
            8.451567265718012,
            9.164560443942875,
            6.123644825210073,
            7.347963795124265,
            9.590764294569743,
            6.997796343711957,
            6.123857131077919,
            7.0941149828437275,
            7.965422440756415,
            10.30957076537158,
            5.67538601006666,
            6.819150764175316,
            6.686215172223748
        ],
        "item_sensitivity_decrease": [
            0.9019365416365233,
            0.8654390159750324,
            0.8804819888512273,
            0.9491073896501856,
            0.9244688780106455,
            0.8276716734130862,
            0.8633378084340697,
            0.8417015718916385,
            0.8198436026128824,
            0.8938839555889009,
            0.8653680121128142,
            0.8910477024084449,
            0.8279227593050383,
            0.8973249368151072,
            0.8917233439260294,
            0.7926088148864111,
            0.8732441506730227,
            0.9101287104235867,
            0.8367538769977049,
            0.9286065499768628,
            0.875624323939972,
            0.866396222371828,
            0.8364106051406325,
            0.9406803254255893
        ],
        "encoding_drift_rate": [
            0.4240509482589836,
            0.21095990955603217,
            0.3479213912151735,
            0.570845015699027,
            0.7269712719796395,
            0.29203121321582154,
            0.3338119633433483,
            0.25104591395274256,
            0.5372921575642563,
            0.17410142497273545,
            0.061973325884145815,
            0.39233404576463876,
            0.19291015431155656,
            0.14221793168837932,
            0.46325457341261994,
            0.34212656331304725,
            0.5350438844431911,
            0.07138502288474385,
            0.2586944369275299,
            0.1968595401731034,
            0.2624945805112771,
            0.5794960911362343,
            0.27996486398061887,
            0.696798613554225
        ],
        "start_drift_rate": [
            0.9996827598683264,
            0.9540484732642314,
            0.9999881247195762,
            0.7079137417845667,
            0.6046423974801134,
            0.5357011666334743,
            0.9999928913257459,
            0.9790963417438909,
            0.8645516095922554,
            0.9885221909587215,
            0.9541821603378224,
            0.9841803321911613,
            0.9992395380827612,
            0.5607816646129948,
            0.998346024711918,
            0.9413031112846905,
            0.9829129499933538,
            0.26601066930229383,
            0.9996819983081753,
            0.18827617396937524,
            0.9999865821460439,
            0.9079479801798918,
            0.9999852655174452,
            0.6795941631478688
        ],
        "recall_drift_rate": [
            0.3629189002234186,
            0.42939632902162617,
            0.36269932627449514,
            0.6296461198728849,
            0.5553944101227083,
            0.598762604747594,
            0.30433356534268297,
            0.4188177831549141,
            0.47220493753543713,
            0.519053179563397,
            0.17368023047657716,
            0.5023473508596725,
            0.3158256413182041,
            0.7000490969394992,
            0.5501382422576052,
            0.560913972992958,
            0.6612017833748215,
            0.7393826809282221,
            0.3612589269232512,
            0.5930895380379204,
            0.21864804294244142,
            0.4716100527550758,
            0.18354113602405547,
            0.5206269069622087
        ],
        "shared_support": [
            27.122363106505198,
            21.720355061456488,
            31.22494538513167,
            13.943302073213673,
            34.89166014561464,
            20.047704935450454,
            60.24830295615517,
            28.19016698813497,
            25.657134121807566,
            1.2591556884735198,
            99.48637570238529,
            10.74930370295833,
            95.17836851670768,
            11.517186148357169,
            32.48843907636151,
            6.62651072622058,
            7.527742686794717,
            11.91320702983645,
            5.105738474260924,
            57.00955174814706,
            18.22386355353055,
            1.4079760507722057,
            24.31811500805743,
            65.81016144945877
        ],
        "item_support": [
            3.4472950091929135,
            13.510344218721556,
            5.353607147521203,
            5.788613273813169,
            4.630783744381581,
            15.728033587747667,
            46.78820771795573,
            24.536031307054557,
            9.904907017614903,
            0.19694488301239232,
            1.3464953331125713,
            1.5187709469893989,
            64.65875374556454,
            8.658120290351143,
            3.964115240621929,
            5.958220473647138,
            2.165456124699041,
            9.922695199560096,
            0.6070162967053179,
            45.636313521494074,
            0.3470964754907797,
            2.532736126737653,
            7.242275802445356,
            48.60787973278977
        ],