{
    "fixed": {
        "start_drift_rate": 1.0,
        "shared_support": 0.0,
        "item_support": 0.0,
        "learning_rate": 0.0,
        "primacy_scale": 0.0,
        "primacy_decay": 0.0,
        "encoding_drift_decrease": 1.0,
        "item_sensitivity_max": 0.0,
        "item_sensitivity_decrease": 1.0,
        "allow_repeated_recalls": 1.0
    },
    "free": {
        "item_sensitivity_max": [
            1e-12,
            20.0
        ],
        "item_sensitivity_decrease": [
            1e-12,
            0.999999
        ],
        "encoding_drift_rate": [
            2.220446049250313e-16,
            0.9999999999999998
        ],
        "recall_drift_rate": [
            2.220446049250313e-16,
            0.9999999999999998
        ],
        "choice_sensitivity": [
            2.220446049250313e-16,
            100.0
        ],
        "start_drift_rate": [
            2.220446049250313e-16,
            0.9999999999999998
        ],
        "encoding_drift_decrease": [
            2.220446049250313e-16,
            0.9999999999999998
        ]
    },
    "fitness": [
        1106.27001953125,
        1714.1363525390625,
        1106.8111572265625,
        773.2499389648438,
        1093.89013671875,
        1725.631103515625,
        1630.6839599609375,
        1765.80322265625,
        1736.08154296875,
        1603.291748046875,
        1396.3212890625,
        925.971923828125,
        1399.0570068359375,
        1716.9200439453125,
        1381.3583984375,
        1622.6142578125,
        1755.30419921875,
        1680.572021484375,
        1818.62060546875,
        660.5510864257812,
        653.1825561523438,
        3142.7001953125,
        2263.361328125,
        945.3902587890625
    ],
    "fits": {
        "item_sensitivity_max": [
            6.820748116936583,
            7.907191296733233,
            7.234170490154915,
            7.522324723181093,
            7.08207574531335,
            7.592531687289059,
            6.513114863143015,
            7.544270217122069,
            8.16509921424316,
            6.954232354275456,
            7.804508103352047,
            8.534093715016148,
            7.578663118523025,
            6.022324167372377,
            7.705380614681088,
            9.132698927298359,
            6.7242158814012924,
            6.453132832536227,
            7.971885117976087,
            9.126770234624274,
            10.133499237342862,
            5.21980542241654,
            6.8992909455741565,
            7.306193402341949
        ],
        "item_sensitivity_decrease": [
            0.9238336410570396,
            0.8421231253600494,
            0.9019861122625144,
            0.9277274488201618,
            0.9126917802206465,
            0.8386883934837941,
            0.883771114375717,
            0.8401332629652664,
            0.8095485413844996,
            0.8897754507426481,
            0.8598010206916877,
            0.8854594733080003,
            0.8632941851302736,
            0.897085230013514,
            0.8816207279909164,
            0.8058482290707722,
            0.8867043750539683,
            0.8975573806295878,
            0.7980890871799602,
            0.8947978368851941,
            0.8812214532911337,
            0.8785428724436319,
            0.8276093845056505,
            0.9129596449106332
        ],
        "encoding_drift_rate": [
            0.3572791180499664,
            0.30636789948218734,
            0.2960150190580053,
            0.28113630638929643,
            0.3282418235558643,
            0.4149127812987221,
            0.3694362909351871,
            0.3817738480459523,
            0.33288335636107325,
            0.24710505943357147,
            0.28292589862100803,
            0.26644410385181033,
            0.3134007938116918,
            0.28327687750605857,
            0.2956023242184641,
            0.4490594452420184,
            0.33379170712899553,
            0.356689896251911,
            0.307710553168697,
            0.39011579355435727,
            0.2641100411268116,
            0.30218570584049465,
            0.7443461790647484,
            0.3602162304872026
        ],
        "recall_drift_rate": [
            0.2525489457132827,
            0.23516210937228973,
            0.24880350649948346,
            0.26538217854275375,
            0.25713761966769483,
            0.3390802296686447,
            0.29580110774285207,
            0.2989015569956741,
            0.2854717224606099,
            0.22166246108207707,
            0.21941401335056387,
            0.24188275931669337,
            0.2584843041617733,
            0.2274211518920501,
            0.2406445082418578,
            0.3506281039593803,
            0.25178119531621,
            0.2674569830692227,
            0.25058986684190293,
            0.2799463355402914,
            0.2635619358055827,
            0.20736929888109443,
            0.5951486620104489,
            0.27691480439729127
        ],
        "choice_sensitivity": [
            93.62838837893801,
            78.2617647583365,
            98.48296120728081,
            95.8604530683984,
            97.1696439411095,
            40.935161016718226,
            56.598632774725075,
            47.22250831962428,
            65.617933040953,
            95.19958891290852,
            98.44566022900361,
            98.30921721827116,
            88.38629027038778,
            89.26261846915494,
            80.66713168540369,
            43.52520672476831,
            66.39114929106157,
            60.466038323710215,
            95.00659336080217,
            98.09944455591065,
            96.01005771104896,
            46.18928223524526,
            8.655882239165479,
            95.60272317524016
        ],
        "start_drift_rate": [
            0.9949376279001498,
            0.9980017634187405,
            0.9998558776787674,
            0.999515662086953,
            0.9998207677506191,
            0.9953649089946253,
            0.9992090545519337,
            0.9994865531397957,
            0.9992285301672685,
            0.9989332306229298,
            0.994709886323423,
            0.9985794804709369,
            0.9999881520749473,
            0.9994952268544357,
            0.999526194642079,
            0.9991597434800406,
            0.9992767723248814,
            0.997699534664597,
            0.9991691264605785,
            0.9994637255315336,
            0.9999554648198677,
            0.9983205272395009,
            0.9998273125896787,
            0.9972818669766088
        ],
        "encoding_drift_decrease": [
            0.8778724762561583,
            0.9396379001976798,
            0.900377283141605,
            0.9792786854454173,
            0.835646142822768,
            0.9485951284159644,
            0.9326905830246499,
            0.9354821002391105,
            0.9200901363831926,
            0.9719755471282036,
            0.9574332076529344,
            0.9791652920296013,
            0.9022743632054115,
            0.9391982373080687,
            0.9328428003704763,
            0.8926296397026836,
            0.9043785467199654,
            0.8917421548295219,
            0.910832048673663,
            0.8404275726168817,
            0.9778091270347422,
            0.9977174830649005,
            0.9531014818318672,
            0.8231770474090431
        ],
        "shared_support": [
            0.0,
            0.0,
            0.0,
            0.0,
            0.0,
            0.0,
            0.0,
            0.0,
            0.0,
            0.0,
            0.0,
            0.0,
            0.0,
            0.0,
            0.0,
            0.0,
            0.0,
            0.0,
            0.0,
            0.0,
            0.0,
            0.0,
            0.0,
            0.0
        ],