{
    "fixed": {
        "start_drift_rate": 1.0,
        "shared_support": 0.0,
        "item_support": 0.0,
        "learning_rate": 0.0,
        "primacy_scale": 0.0,
        "primacy_decay": 0.0,
        "encoding_drift_decrease": 1.0,
        "item_sensitivity_max": 0.0,
        "item_sensitivity_decrease": 1.0,
        "allow_repeated_recalls": 1.0
    },
    "free": {
        "item_sensitivity_max": [
            1e-12,
            20.0
        ],
        "item_sensitivity_decrease": [
            1e-12,
            0.999999
        ],
        "encoding_drift_rate": [
            2.220446049250313e-16,
            0.9999999999999998
        ],
        "recall_drift_rate": [
            2.220446049250313e-16,
            0.9999999999999998
        ],
        "choice_sensitivity": [
            2.220446049250313e-16,
            100.0
        ],
        "shared_support": [
            2.220446049250313e-16,
            100.0
        ],
        "item_support": [
            2.220446049250313e-16,
            100.0
        ],
        "primacy_scale": [
            2.220446049250313e-16,
            100.0
        ],
        "primacy_decay": [
            2.220446049250313e-16,
            100.0
        ],
        "start_drift_rate": [
            2.220446049250313e-16,
            0.9999999999999998
        ],
        "encoding_drift_decrease": [
            2.220446049250313e-16,
            0.9999999999999998
        ]
    },
    "fitness": [
        1078.9276123046875,
        1641.4932861328125,
        1056.510986328125,
        746.3681640625,
        1024.5225830078125,
        1681.0762939453125,
        1585.7674560546875,
        1697.89990234375,
        1671.2740478515625,
        1570.584716796875,
        1332.4473876953125,
        923.3006591796875,
        1330.0555419921875,
        1659.040771484375,
        1309.8634033203125,
        1585.96044921875,
        1717.8050537109375,
        1598.4747314453125,
        1754.7830810546875,
        620.5925903320312,
        643.7890014648438,
        3001.040771484375,
        2177.626220703125,
        904.1677856445312
    ],
    "fits": {
        "item_sensitivity_max": [
            6.712793267034279,
            7.138113695645689,
            7.651875569229762,
            7.063031994486868,
            7.377687891243543,
            7.881270901968673,
            6.315461587221808,
            7.719180464427064,
            7.676190512080105,
            6.5022860604594594,
            7.43466121548071,
            8.206033763790987,
            8.965146786410257,
            6.134030172091949,
            7.321811262717015,
            8.29986348837678,
            6.853489096915984,
            6.0277522888615,
            7.277600796691701,
            10.32560597446974,
            9.250903837132622,
            5.704093681922601,
            7.395256071655487,
            6.681516633828036
        ],
        "item_sensitivity_decrease": [
            0.917317283225664,
            0.8642175954250778,
            0.8837243788516904,
            0.9444325544218805,
            0.9147221840241375,
            0.8343762622232448,
            0.8950982911190313,
            0.842094101616627,
            0.8251006954999867,
            0.9035536990453996,
            0.8762602336720479,
            0.8969834929069938,
            0.8402728260592272,
            0.8981289542006865,
            0.8933922040875637,
            0.8153784896764616,
            0.8924666559234682,
            0.9116731206653883,
            0.8364617065910045,
            0.9930256729590887,
            0.8990363041380138,
            0.939949762319694,
            0.8291563759250434,
            0.9382534568738303
        ],
        "encoding_drift_rate": [
            0.3459376248548758,
            0.23365416115852944,
            0.38371655850026126,
            0.5779259395869546,
            0.6581599824400554,
            0.3701224515589409,
            0.40887450681058013,
            0.3292838628258614,
            0.5983520105642821,
            0.26934878687385894,
            0.8307930271831471,
            0.4909161540413507,
            0.2041260724847306,
            0.2129912499463945,
            0.3627461113666022,
            0.4226914169465723,
            0.3809528808999158,
            0.16026912113821074,
            0.6989278222337489,
            0.7130582988108082,
            0.580001278217417,
            0.8109597030828123,
            0.6643208004780105,
            0.715138271879583
        ],
        "recall_drift_rate": [
            0.3681472212891349,
            0.19368809566194323,
            0.42538753490762726,
            0.6542767224769298,
            0.4937025044386969,
            0.6651844221485069,
            0.3228407846320015,
            0.6271863373955615,
            0.4989747828127845,
            0.6752405165932811,
            0.5647556211484361,
            0.6741349209204084,
            0.5963721657442843,
            0.6664380285630466,
            0.6096852494632472,
            0.47490744263567475,
            0.7063875373917723,
            0.712007380247759,
            0.4900955116763522,
            0.6828211723271219,
            0.689624862721981,
            0.5864644496530528,
            0.6897307575171807,
            0.5339831520512692
        ],
        "choice_sensitivity": [
            42.52358886185777,
            94.54919133231905,
            34.4601692104589,
            21.189116244884755,
            52.22975186459852,
            54.666205681804804,
            47.41204248995328,
            57.07515568078036,
            43.912023429855054,
            41.18904568860636,
            36.21559323214058,
            50.246035126451794,
            47.58169835140658,
            40.97292728116216,
            23.29240327995954,
            63.408762737741064,
            49.51244742387074,
            36.03893706232121,
            22.277968066160724,
            39.60992284996659,
            60.53515464109246,
            10.210628086616602,
            32.088608066553746,
            58.98731519508189
        ],
        "shared_support": [
            16.195774163978662,
            39.92215897524923,
            22.63258239255438,
            18.64794792984036,
            95.06558638327864,
            28.603405974883888,
            13.750799682013778,
            19.53933597975649,
            9.606395909205226,
            1.2363915870836522,
            19.11289406298865,
            64.81266699535628,
            29.204361466579144,
            10.892606518556434,
            22.783555620427027,
            21.58811225078221,
            66.53568526312688,
            17.009633066230798,
            49.96590959178593,
            92.99432923931441,
            95.99457609934291,
            42.27186536981642,
            56.24180280842222,
            31.22445250056448
        ],
        "item_support": [
            0.6264446058619555,
            28.266699579081557,
            1.5315160294746377,
            6.768989450428066,
            62.00580751578843,
            27.388997290801942,
            8.996286477829798,
            17.544776706585978,
            2.5357598502100984,
            0.15744972676727542,
            9.3988328183178,
            59.64387133668826,
            18.58318862295857,
            7.449519804228075,
            10.244244907399711,
            19.84746695601065,
            60.30806191879837,
            10.442902165242543,
            9.81286748352295,
            45.66646550588535,
            81.64969256766852,
            3.0453500024509665,
            46.68805446064116,
            21.03938450705861
        ],