{
    "fixed": {
        "allow_repeated_recalls": 1.0
    },
    "free": {
        "encoding_drift_rate": [
            2.220446049250313e-16,
            0.9999999999999998
        ],
        "start_drift_rate": [
            2.220446049250313e-16,
            0.9999999999999998
        ],
        "recall_drift_rate": [
            2.220446049250313e-16,
            0.9999999999999998
        ],
        "shared_support": [
            2.220446049250313e-16,
            100.0
        ],
        "item_support": [
            2.220446049250313e-16,
            100.0
        ],
        "learning_rate": [
            2.220446049250313e-16,
            0.9999999999999998
        ],
        "primacy_scale": [
            2.220446049250313e-16,
            100.0
        ],
        "primacy_decay": [
            2.220446049250313e-16,
            100.0
        ],
        "stop_probability_scale": [
            2.220446049250313e-16,
            0.9999999999999998
        ],
        "stop_probability_growth": [
            2.220446049250313e-16,
            10.0
        ],
        "choice_sensitivity": [
            2.220446049250313e-16,
            100.0
        ]
    },
    "fitness": [
        678.824951171875,
        904.8079223632812,
        742.23583984375,
        625.7174682617188,
        716.375244140625,
        873.0982055664062,
        938.5345458984375,
        855.1727294921875,
        859.65576171875,
        897.5433959960938,
        755.60546875,
        676.4551391601562,
        853.2545776367188,
        1013.7107543945312,
        821.6331176757812,
        757.2611694335938,
        802.6959228515625,
        1021.1326904296875,
        868.8699951171875,
        512.700439453125,
        562.4284057617188,
        1150.298583984375,
        930.0010986328125,
        625.2459716796875
    ],
    "fits": {
        "encoding_drift_rate": [
            0.8321860990430086,
            0.5702930232483997,
            0.5159205917427845,
            0.7531696521156646,
            0.791827774928401,
            0.7272075515198091,
            0.47023837296156323,
            0.4496716633631465,
            0.5796412275814993,
            0.6496971803626483,
            0.6509576888651336,
            0.4394660791938705,
            0.5759324316928098,
            0.5405925658405939,
            0.6586681495742757,
            0.6427234510922561,
            0.49873235434589885,
            0.5594319647436856,
            0.7337407397343161,
            0.8391110869169596,
            0.6684085649524242,
            0.5615248153858192,
            0.6576576798487317,
            0.5992402448815846
        ],
        "start_drift_rate": [
            0.3976987658463837,
            0.7379317114269608,
            0.11948091039056258,
            0.35226592342486635,
            0.6535544485209934,
            0.5803768678552413,
            0.8617262338118745,
            0.28913799508711996,
            0.6044278331051491,
            0.7910586801590267,
            0.24052959596955875,
            0.6416652838445275,
            0.6460885350103633,
            0.7421701004742128,
            0.6377081878537811,
            0.6548010021328987,
            0.24008675312889582,
            0.7252000347758415,
            0.8799794414043542,
            0.6054464693962277,
            0.6393637608906493,
            0.4942923084934943,
            0.44249575773466987,
            0.3401080675289365
        ],
        "recall_drift_rate": [
            0.8213022222433655,
            0.5713581181597694,
            0.7577841323211888,
            0.6012654738997536,
            0.7842517299594822,
            0.8581825128336213,
            0.515229006099416,
            0.8516017907455333,
            0.8613088714382495,
            0.767485238638865,
            0.7157771704063299,
            0.45672660178973334,
            0.6388853840501911,
            0.8053339118516536,
            0.8008943638247529,
            0.7959095906556473,
            0.8652485599010672,
            0.8688566280081498,
            0.6963867710442405,
            0.7496082239982677,
            0.2999228691633119,
            0.8174518775700347,
            0.8462883803527348,
            0.6260298053329815
        ],
        "shared_support": [
            15.241417246509286,
            11.021214181482762,
            12.830542174834193,
            6.712747715302555,
            56.873799439831195,
            26.623491396275362,
            84.18468327142772,
            26.683673203465368,
            23.588385166252035,
            55.25786834979212,
            10.144927837602005,
            10.089195100095438,
            16.20039116183152,
            12.959856766399454,
            85.71174370387146,
            58.02463917981514,
            2.0428481320976104,
            82.01465086057134,
            77.73931672028976,
            40.28790847673923,
            4.591412955379091,
            11.540566840036838,
            12.73825880397807,
            5.681645129009304
        ],
        "item_support": [
            12.21097185083569,
            8.93735875578286,
            10.605532240064782,
            5.140721857550723,
            48.60211281133039,
            23.834560187082786,
            62.27179609211196,
            24.34988695348521,
            21.96937761404232,
            43.57358061059886,
            8.722002262799123,
            3.867563136549599,
            13.869448995076993,
            11.423891152953956,
            69.74938704268624,
            50.360592147309525,
            0.08209089948598347,
            69.22034059276643,
            64.34100982545522,
            17.15867354438791,
            1.958425708127841,
            10.417064525565088,
            11.028035736110716,
            4.687902423046459
        ],
        "learning_rate": [
            5.52919938018235e-05,
            0.1862085860153328,
            0.0027423215641768496,
            0.2393781053707269,
            0.005614874774033911,
            0.026691874028688445,
            0.4996442137213775,
            0.0009736347388727172,
            2.220446049250313e-16,
            0.023717048657069056,
            0.003052991266428773,
            0.5616428659184954,
            0.01578077927719562,
            0.0004320233585012878,
            0.016310313781234532,
            0.0063966294570876325,
            3.985159784746099e-05,
            0.002164746654392702,
            0.05715037079889317,
            0.0007974605980247445,
            0.4054492066807876,
            0.020908947324450703,
            0.0059537038700533396,
            0.15376716526804915
        ],
        "primacy_scale": [
            1.7507879614548116,
            1.3936838153981626,
            4.715669031203156,
            0.9632519814427667,
            9.374450092397993,
            3.937321914416472,
            12.405842121915903,
            9.103285883847668,
            4.563197632619968,
            10.002801100004824,
            3.1348746869125534,
            4.7638456209875955,
            2.818707148159305,
            3.608494701975495,
            24.81380499873054,
            14.652511725326654,
            8.46121700255167,
            35.66630351199389,
            11.309179739799255,
            14.788858067233804,
            0.07351446867335198,
            2.149567312215126,
            4.529676936956385,
            1.817010006644395
        ],