{
    "fixed": {
        "start_drift_rate": 1.0,
        "shared_support": 0.0,
        "item_support": 0.0,
        "learning_rate": 0.0,
        "primacy_scale": 0.0,
        "primacy_decay": 0.0,
        "encoding_drift_decrease": 1.0,
        "item_sensitivity_max": 0.0,
        "item_sensitivity_decrease": 1.0,
        "allow_repeated_recalls": 1.0
    },
    "free": {
        "item_sensitivity_max": [
            1e-12,
            20.0
        ],
        "item_sensitivity_decrease": [
            1e-12,
            0.999999
        ],
        "encoding_drift_rate": [
            2.220446049250313e-16,
            0.9999999999999998
        ],
        "recall_drift_rate": [
            2.220446049250313e-16,
            0.9999999999999998
        ],
        "stop_probability_scale": [
            2.220446049250313e-16,
            0.9999999999999998
        ],
        "stop_probability_growth": [
            2.220446049250313e-16,
            10.0
        ],
        "choice_sensitivity": [
            2.220446049250313e-16,
            100.0
        ],
        "shared_support": [
            2.220446049250313e-16,
            100.0
        ],
        "item_support": [
            2.220446049250313e-16,
            100.0
        ],
        "primacy_scale": [
            2.220446049250313e-16,
            100.0
        ],
        "primacy_decay": [
            2.220446049250313e-16,
            100.0
        ],
        "encoding_drift_decrease": [
            2.220446049250313e-16,
            0.9999999999999998
        ]
    },
    "fitness": [
        1196.0511474609375,
        1738.68505859375,
        1187.377685546875,
        939.0618286132812,
        1077.252685546875,
        1755.26708984375,
        1713.4498291015625,
        1748.7623291015625,
        1755.7718505859375,
        1671.324951171875,
        1462.1978759765625,
        1065.025634765625,
        1408.3062744140625,
        1744.2353515625,
        1411.1766357421875,
        1629.751220703125,
        1946.0098876953125,
        1682.594482421875,
        1811.93115234375,
        701.109375,
        827.010498046875,
        2988.666259765625,
        2195.986083984375,
        930.0491943359375
    ],
    "fits": {
        "item_sensitivity_max": [
            6.462985272579701,
            6.409469826281313,
            7.6651540861514285,
            6.586816564486008,
            6.699720911968589,
            6.3469620956542405,
            7.534155523455128,
            7.330548775965938,
            7.865196166406079,
            5.980552757332321,
            7.419139509107203,
            6.8641250492794,
            7.549861065979974,
            6.740123489335858,
            6.740442502806343,
            7.696685660079968,
            6.87288789530791,
            6.1475568978558135,
            7.894907975840681,
            7.7838562688847865,
            9.618819277700544,
            5.892693291968388,
            5.855500278122578,
            7.387122423182909
        ],
        "item_sensitivity_decrease": [
            0.9950844556816716,
            0.9717707832992863,
            0.8911435298713688,
            0.9981328776526275,
            0.9450203423978485,
            0.9858355099228671,
            0.8746327177471889,
            0.9480233971942144,
            0.8681189007025959,
            0.9995529015443718,
            0.9971804461606474,
            0.9906444252624985,
            0.9324376390375846,
            0.9579407949991379,
            0.9938427729108795,
            0.9668046580013978,
            0.8739630087835257,
            0.9230889749194608,
            0.9922045767940313,
            0.9995240328745901,
            0.8918585682211846,
            0.9598222849447577,
            0.9789972699887525,
            0.906757752718095
        ],
        "encoding_drift_rate": [
            0.8022548113754926,
            0.6392349468858165,
            0.4476190821660291,
            0.7724549149986869,
            0.5245351755987414,
            0.7413165234312622,
            0.5786944896885436,
            0.8541111422743306,
            0.6538796012573509,
            0.7024582521097653,
            0.8007187259611654,
            0.7837217834488398,
            0.7117132588695935,
            0.7421401989263875,
            0.6259972188310874,
            0.8157162476253568,
            0.33970726702839266,
            0.25503400256307457,
            0.8113768089992021,
            0.7595323480017424,
            0.13176235723508126,
            0.8376878540166623,
            0.7150196912656208,
            0.14090242656015367
        ],
        "recall_drift_rate": [
            0.6947592453845093,
            0.7465281796978417,
            0.31984471306174767,
            0.7038530986611555,
            0.7704970158500687,
            0.8543115410125104,
            0.7900376657404088,
            0.690511410182487,
            0.8844898169860815,
            0.6862582280254239,
            0.7036102172988498,
            0.7615086308683867,
            0.5927777775441356,
            0.7216266766286017,
            0.7963012185763111,
            0.7120200535458497,
            0.012433048552388583,
            0.8228775000222017,
            0.7397167952193265,
            0.6015528471221195,
            0.669246670183578,
            0.724439017602159,
            0.818200628666345,
            0.651404112867914
        ],
        "stop_probability_scale": [
            0.000669932541686065,
            0.0005221430210398115,
            0.0005088943177626315,
            0.0007820894569686764,
            0.004842036638538438,
            0.0012766533056463025,
            0.0004800562350937459,
            0.00029664048637407625,
            0.0006808526044823187,
            0.00045247423939142825,
            0.0003449170693781396,
            0.0004645719531112853,
            0.00035222172063514856,
            0.0008464347278976381,
            0.00022823960651410075,
            0.0003684578822151841,
            0.0005943413433004873,
            0.0007566222904033494,
            0.0007790781539397117,
            0.0009935860925414733,
            0.0004529104808937801,
            0.0006368874183247386,
            0.0003412332951832485,
            0.005995902838048452
        ],
        "stop_probability_growth": [
            1.1709438835882011,
            1.195358555695071,
            1.2271705517541793,
            1.1263761124362883,
            0.8572338059380638,
            1.044483010718038,
            1.2035977649411644,
            1.2743959226625727,
            1.166806519898545,
            1.2253796674621253,
            1.2607376057978104,
            1.2108068650885278,
            1.277630338174193,
            1.1213213578332182,
            1.3336959710496221,
            1.2602475055346423,
            1.1668418132366112,
            1.159599543610316,
            1.132062633593525,
            1.116845980592633,
            1.226884195818188,
            1.067095585983286,
            1.239905402394248,
            0.8391244997156964
        ],
        "choice_sensitivity": [
            15.828978238318783,
            11.693191375980653,
            41.05584053615627,
            19.64542378165891,
            12.282465623671378,
            7.992548423108033,
            16.88448593783241,
            21.567507324208968,
            8.705425822136462,
            11.164672985204739,
            95.21552257913828,
            37.40078160960332,
            15.102976309052494,
            8.467616384269448,
            10.621381816703753,
            11.447919634546366,
            65.79007860045982,
            22.461761124730206,
            13.908431983539657,
            17.218325228525508,
            87.37429092353257,
            7.277614203231906,
            8.018993871630208,
            69.97875740511014
        ],