{
    "fixed": {
        "start_drift_rate": 1.0,
        "shared_support": 0.0,
        "item_support": 0.0,
        "learning_rate": 0.0,
        "primacy_scale": 0.0,
        "primacy_decay": 0.0,
        "encoding_drift_decrease": 1.0,
        "item_sensitivity_max": 0.0,
        "item_sensitivity_decrease": 1.0,
        "allow_repeated_recalls": 1.0
    },
    "free": {
        "item_sensitivity_max": [
            1e-12,
            20.0
        ],
        "item_sensitivity_decrease": [
            1e-12,
            0.999999
        ],
        "encoding_drift_rate": [
            2.220446049250313e-16,
            0.9999999999999998
        ],
        "recall_drift_rate": [
            2.220446049250313e-16,
            0.9999999999999998
        ],
        "choice_sensitivity": [
            2.220446049250313e-16,
            100.0
        ],
        "learning_rate": [
            2.220446049250313e-16,
            0.9999999999999998
        ],
        "start_drift_rate": [
            2.220446049250313e-16,
            0.9999999999999998
        ],
        "encoding_drift_decrease": [
            2.220446049250313e-16,
            0.9999999999999998
        ]
    },
    "fitness": [
        1106.05615234375,
        1713.0760498046875,
        1106.582275390625,
        773.2941284179688,
        1094.2237548828125,
        1723.4893798828125,
        1627.786376953125,
        1765.60107421875,
        1735.7498779296875,
        1604.55029296875,
        1396.2874755859375,
        924.4405517578125,
        1400.2059326171875,
        1718.5126953125,
        1379.4813232421875,
        1620.0517578125,
        1755.7159423828125,
        1682.996337890625,
        1826.4423828125,
        660.8462524414062,
        653.1317138671875,
        3128.162353515625,
        2251.645263671875,
        945.1800537109375
    ],
    "fits": {
        "item_sensitivity_max": [
            6.733169029889338,
            7.746475934192725,
            7.163760956583442,
            7.667604881412821,
            6.986671881651522,
            7.199112661366412,
            6.741569419016296,
            8.229075270284048,
            7.9094829967234315,
            6.724926801523252,
            7.343722058667312,
            8.042142188337266,
            7.660854289674314,
            5.985147536093019,
            7.247267310693814,
            9.923181106356703,
            7.158066543402429,
            6.283539151237487,
            8.106326596738612,
            8.748532671659113,
            9.929030962899006,
            5.476848522163564,
            7.341555467879296,
            7.356219714531731
        ],
        "item_sensitivity_decrease": [
            0.923834382533176,
            0.8448208224764531,
            0.9084520799720637,
            0.9185974185665556,
            0.9161751594413647,
            0.8434450964659044,
            0.876924082079624,
            0.8252350723746074,
            0.8216509863867557,
            0.8951479669069287,
            0.8776893146531967,
            0.8983834456653582,
            0.8588197147673361,
            0.8989308500951557,
            0.8957066962426605,
            0.7854514074160744,
            0.8681350834054371,
            0.9038148552478338,
            0.8020610547152077,
            0.8983541475177956,
            0.8863799927741021,
            0.8675012997227809,
            0.8152671852495038,
            0.9065616840113394
        ],
        "encoding_drift_rate": [
            0.3468248179418848,
            0.28198859010669897,
            0.3017932957375987,
            0.29039011485613386,
            0.33322479616065614,
            0.41302352428950706,
            0.3174421373445311,
            0.43871057531186924,
            0.34081166118521933,
            0.2498915406751077,
            0.34351403956429283,
            0.3132491898451255,
            0.33029696353229704,
            0.27449146265167784,
            0.3783928636096594,
            0.4414623573691836,
            0.38462698231818626,
            0.3285143260769059,
            0.40886684975635945,
            0.4516757348177335,
            0.2679027293421952,
            0.595729290905781,
            0.5712694504138571,
            0.347013475932493
        ],
        "recall_drift_rate": [
            0.2633325193598231,
            0.20191374791654054,
            0.25215831512400705,
            0.2643853737720453,
            0.26028733549241023,
            0.32929550399732,
            0.2532405141564552,
            0.3468723493446262,
            0.2717596747948371,
            0.21584595669114792,
            0.27162097719116846,
            0.32122894581204714,
            0.2645868902985624,
            0.21613785224844054,
            0.30056580133641675,
            0.38000773329611476,
            0.2940308506435249,
            0.229852883418441,
            0.3337604021994416,
            0.296985742370681,
            0.25359481328421607,
            0.5299077421096449,
            0.47109064322417377,
            0.2997156933193506
        ],
        "choice_sensitivity": [
            90.93825544317095,
            99.92104175446255,
            98.76439040495433,
            96.86928568908459,
            95.87192111527501,
            47.44507422033448,
            81.4884610443891,
            46.66550103773402,
            67.70746198604813,
            99.95802250819735,
            76.6151412421776,
            74.18073579699822,
            81.16609612392199,
            97.06783221967201,
            51.488292555600914,
            38.58528357203261,
            50.84325287629583,
            74.97608100667479,
            51.49412339231224,
            82.04035067822116,
            99.66042432739641,
            13.336846896293117,
            18.284972988404526,
            85.85300770412584
        ],
        "learning_rate": [
            0.006395169857182914,
            0.019205075940730565,
            0.002356469198264954,
            0.15811599500434353,
            0.0023348917893705745,
            0.13940361373583382,
            0.12961102367589444,
            0.316937223828999,
            0.104209100427535,
            0.014778321876341162,
            0.12146517347436708,
            0.3000829781311126,
            0.012124261887060285,
            0.07351709197427539,
            0.01725061578943826,
            0.26878353086873785,
            0.04179640927292015,
            0.03206113024536791,
            0.045245823323283973,
            0.012877799054402006,
            0.0022743631129972467,
            0.38975250473851214,
            0.24458078372746145,
            0.0026470582407284726
        ],
        "start_drift_rate": [
            0.9984984837122977,
            0.9959306345525674,
            0.9998278524983658,
            0.9982300568357779,
            0.9995448564897864,
            0.9968411262748404,
            0.9997028592290904,
            0.9968781227416791,
            0.9984281747055835,
            0.999146066886524,
            0.9992056976674285,
            0.9999899386641409,
            0.9998876180388154,
            0.9994019977407999,
            0.9998188928660887,
            0.9982475591615889,
            0.9996527871671905,
            0.9946990634188504,
            0.9999603514024454,
            0.9988751731914958,
            0.998938627337705,
            0.9942836325463419,
            0.9993505619345485,
            0.9998521596049594
        ],