{
    "fixed": {
        "start_drift_rate": 1.0,
        "shared_support": 0.0,
        "item_support": 0.0,
        "learning_rate": 0.0,
        "primacy_scale": 0.0,
        "primacy_decay": 0.0,
        "encoding_drift_decrease": 1.0,
        "item_sensitivity_max": 0.0,
        "item_sensitivity_decrease": 1.0,
        "allow_repeated_recalls": 1.0
    },
    "free": {
        "item_sensitivity_max": [
            1e-12,
            20.0
        ],
        "item_sensitivity_decrease": [
            1e-12,
            0.999999
        ],
        "encoding_drift_rate": [
            2.220446049250313e-16,
            0.9999999999999998
        ],
        "recall_drift_rate": [
            2.220446049250313e-16,
            0.9999999999999998
        ],
        "choice_sensitivity": [
            2.220446049250313e-16,
            100.0
        ],
        "learning_rate": [
            2.220446049250313e-16,
            0.9999999999999998
        ],
        "shared_support": [
            2.220446049250313e-16,
            100.0
        ],
        "item_support": [
            2.220446049250313e-16,
            100.0
        ],
        "primacy_scale": [
            2.220446049250313e-16,
            100.0
        ],
        "primacy_decay": [
            2.220446049250313e-16,
            100.0
        ],
        "encoding_drift_decrease": [
            2.220446049250313e-16,
            0.9999999999999998
        ]
    },
    "fitness": [
        1078.9622802734375,
        1640.883544921875,
        1054.458251953125,
        736.7168579101562,
        1041.416015625,
        1678.4718017578125,
        1582.388427734375,
        1692.0009765625,
        1664.539306640625,
        1568.3399658203125,
        1345.6968994140625,
        910.1934814453125,
        1322.2213134765625,
        1671.809326171875,
        1313.542724609375,
        1585.3419189453125,
        1720.1767578125,
        1597.6859130859375,
        1744.2803955078125,
        635.750732421875,
        623.335693359375,
        3028.84228515625,
        2176.60107421875,
        912.6431884765625
    ],
    "fits": {
        "item_sensitivity_max": [
            6.768992573317071,
            7.178809187882147,
            7.872389644381243,
            6.806890219890458,
            7.912626550390611,
            7.424944527491736,
            6.960330093983512,
            7.4970610301698795,
            7.996860259907484,
            6.811883262391013,
            7.292102291205176,
            6.758824575025353,
            9.660246887430327,
            6.636616098893211,
            7.966115456585014,
            9.520920700334303,
            6.71561145227331,
            6.015462169015506,
            7.593604679395698,
            8.275931708354724,
            7.258856838234147,
            5.109422250890525,
            7.12776945856538,
            7.754915401339728
        ],
        "item_sensitivity_decrease": [
            0.9169416186976465,
            0.857575228242808,
            0.8814541872054876,
            0.9533254983574063,
            0.8999139147290276,
            0.8484271739209419,
            0.869668408530801,
            0.8417900797830256,
            0.8144548322487148,
            0.8957195763597507,
            0.8789160062877801,
            0.9303046769354619,
            0.8172023761883153,
            0.8974160449381461,
            0.8737598793464307,
            0.7952508909200373,
            0.8952945159568217,
            0.9113134150595169,
            0.818259042498779,
            0.9106721021725477,
            0.9507962894203386,
            0.882444622451511,
            0.8253064757529712,
            0.9074607491076563
        ],
        "encoding_drift_rate": [
            0.29297352149446243,
            0.2592417481075259,
            0.2714104895322163,
            0.36552819133211195,
            0.19975106266428205,
            0.33082505487365427,
            0.4043250105162718,
            0.3033154434594517,
            0.26758266293628724,
            0.288884567460188,
            0.3107412043950666,
            0.4438959670555417,
            0.14367968205622197,
            0.2516588834156002,
            0.2626407029615757,
            0.2808074546056088,
            0.18539477667527382,
            0.2680632126169731,
            0.4330229404670387,
            0.3544289410237509,
            0.34273188095990925,
            0.29958952533482297,
            0.3463018731440126,
            0.1565711323178085
        ],
        "recall_drift_rate": [
            0.24157377187193896,
            0.18665361032684363,
            0.2756936855418467,
            0.25701579939668107,
            0.7666256275277646,
            0.2426642517378846,
            0.31698927540164856,
            0.1378956143152691,
            0.25410591306833236,
            0.21394902343538075,
            0.23264165655315983,
            0.2549671203704486,
            0.35757525177136024,
            0.26535160376624894,
            0.027075001119396258,
            0.17180722746192212,
            0.18431466894669202,
            0.708360550819816,
            0.2807565617552094,
            0.018010579828194633,
            0.2676607814730408,
            0.17341750838142128,
            0.3445138029378795,
            0.7635189724467198
        ],
        "choice_sensitivity": [
            83.88006195694173,
            88.97596214789745,
            66.12233631252467,
            55.70746392691686,
            23.934560047959728,
            52.109185960332006,
            42.9117121693978,
            79.32572192394416,
            61.41143392285332,
            65.39560731027649,
            66.58444547866422,
            54.78162639561097,
            91.00175394031045,
            55.6532331094251,
            96.2311409964364,
            70.78361034125943,
            79.11138250854995,
            20.900778791526147,
            37.58991931771856,
            97.62884581657869,
            58.583507019812075,
            75.17024444952028,
            36.639352190079244,
            35.341811741512814
        ],
        "learning_rate": [
            0.05709911345515084,
            0.050245225496605005,
            0.29125474156978254,
            0.30230650552323945,
            0.00686941940190951,
            0.5327536610275524,
            0.20188568043267213,
            0.4467642580960431,
            0.34350514684960276,
            0.3851608369722619,
            0.09062477993976613,
            0.3363224844026328,
            0.581351639143743,
            0.3003127212113351,
            0.6705552857464767,
            0.665342735060833,
            0.7411611231326617,
            0.007257315079839843,
            0.11708655089316733,
            0.580697289741855,
            0.07404394881600003,
            0.518572515536218,
            0.1939348762203662,
            0.00019953097644809237
        ],
        "shared_support": [
            30.31118463565593,
            73.8664194385815,
            40.58533619340522,
            46.81548400702319,
            10.943424932310535,
            96.70090084881994,
            36.928691381605574,
            83.69845776083574,
            41.489092523368164,
            0.5226784391231547,
            33.1078412330514,
            46.70517974846369,
            72.31063416600817,
            38.854151306481214,
            6.994264519693239,
            75.08624900196193,
            11.530214073534765,
            10.926298498690286,
            70.31084122306564,
            11.4200482975276,
            30.88922728909573,
            97.58706082210645,
            30.734677579394926,
            21.47857561279346
        ],