{
    "fixed": {
        "start_drift_rate": 1.0,
        "shared_support": 0.0,
        "item_support": 0.0,
        "learning_rate": 0.0,
        "primacy_scale": 0.0,
        "primacy_decay": 0.0,
        "encoding_drift_decrease": 1.0,
        "item_sensitivity_max": 0.0,
        "item_sensitivity_decrease": 1.0,
        "allow_repeated_recalls": 1.0
    },
    "free": {
        "item_sensitivity_max": [
            1e-12,
            20.0
        ],
        "item_sensitivity_decrease": [
            1e-12,
            0.999999
        ],
        "encoding_drift_rate": [
            2.220446049250313e-16,
            0.9999999999999998
        ],
        "start_drift_rate": [
            2.220446049250313e-16,
            0.9999999999999998
        ],
        "recall_drift_rate": [
            2.220446049250313e-16,
            0.9999999999999998
        ],
        "shared_support": [
            2.220446049250313e-16,
            100.0
        ],
        "item_support": [
            2.220446049250313e-16,
            100.0
        ],
        "learning_rate": [
            2.220446049250313e-16,
            0.9999999999999998
        ],
        "primacy_scale": [
            2.220446049250313e-16,
            100.0
        ],
        "primacy_decay": [
            2.220446049250313e-16,
            100.0
        ],
        "stop_probability_scale": [
            2.220446049250313e-16,
            0.9999999999999998
        ],
        "stop_probability_growth": [
            2.220446049250313e-16,
            10.0
        ],
        "choice_sensitivity": [
            2.220446049250313e-16,
            100.0
        ],
        "encoding_drift_decrease": [
            2.220446049250313e-16,
            0.9999999999999998
        ]
    },
    "fitness": [
        1196.777099609375,
        1730.6519775390625,
        1178.494873046875,
        932.82568359375,
        1045.1351318359375,
        1739.6385498046875,
        1698.6837158203125,
        1737.8524169921875,
        1742.53564453125,
        1633.0302734375,
        1418.3577880859375,
        1045.9625244140625,
        1396.3116455078125,
        1732.251953125,
        1403.8067626953125,
        1616.1412353515625,
        1686.72021484375,
        1686.079833984375,
        1805.3756103515625,
        690.5048217773438,
        805.7404174804688,
        2971.48046875,
        2168.23291015625,
        910.4780883789062
    ],
    "fits": {
        "item_sensitivity_max": [
            6.335253379751615,
            7.2902644421568485,
            6.957817033516494,
            7.121844301287293,
            7.530577240622037,
            6.467136572181776,
            8.19323048939734,
            8.109707161224788,
            7.7494295445894155,
            7.013068438524924,
            8.236312297712521,
            9.775877870500807,
            9.476003422570301,
            7.160444103495413,
            7.610905807671963,
            8.433202394906985,
            6.933291782990226,
            5.814376443947882,
            11.294136769054498,
            9.30909036452716,
            8.931727001472186,
            5.695692656620399,
            7.217469309421248,
            10.423572065750813
        ],
        "item_sensitivity_decrease": [
            0.9754857433957523,
            0.8999627941755481,
            0.9374900763886532,
            0.9878824830958233,
            0.9480258045442382,
            0.9696725386307974,
            0.9239693278459322,
            0.9081042890171815,
            0.8671178070398429,
            0.955776686568259,
            0.9417554195837605,
            0.9150080209321294,
            0.8887142669047439,
            0.9470787867947237,
            0.971995664779131,
            0.9464232564189858,
            0.9982004607827042,
            0.9697281657403123,
            0.9823972446676328,
            0.9993527483081077,
            0.9353255301128443,
            0.9544595433923245,
            0.9280702439179332,
            0.8736764415191616
        ],
        "encoding_drift_rate": [
            0.28077563869058175,
            0.1236963939800878,
            0.483700935283484,
            0.7046578639998776,
            0.810493704471084,
            0.4858114397776712,
            0.8402242483861162,
            0.8692888843595387,
            0.710655540314357,
            0.8117322471035967,
            0.8926503571166378,
            0.8319235534026101,
            0.6527619766568857,
            0.737556935320352,
            0.75815714345918,
            0.7564114260737212,
            0.8606136955639823,
            0.4379913428718115,
            0.7581962411983852,
            0.7224633174124555,
            0.5129004081633188,
            0.8189058880139748,
            0.8082646885427552,
            0.7751746131477911
        ],
        "start_drift_rate": [
            0.4426445881281514,
            0.3263769087740034,
            0.657005449375098,
            0.5442526667165775,
            0.48734327273566075,
            0.33708502760880066,
            0.8051653940334336,
            0.8975088147075185,
            0.7729931413145537,
            0.6967267730260953,
            0.6311413835185585,
            0.7143407782218277,
            0.7948559117494856,
            0.8588598714285802,
            0.6032091429505949,
            0.6955337868573653,
            0.6522809095157482,
            0.7870050478123541,
            0.8522300790417698,
            0.6558402593970682,
            0.3626263732618241,
            0.8999238734186161,
            0.7170397451301435,
            0.5220897360704934
        ],
        "recall_drift_rate": [
            0.35933246975594096,
            0.4609471482564563,
            0.7095916141310085,
            0.4089309147786834,
            0.6624696096433036,
            0.5384497456025169,
            0.6429049489053746,
            0.7153470698850035,
            0.8062315418959527,
            0.6085354983237359,
            0.7312057706315023,
            0.6917271569777922,
            0.5660424097909342,
            0.6992270410524148,
            0.7332210264906244,
            0.7166727729481774,
            0.7446736604359092,
            0.710099765071227,
            0.8056001472836551,
            0.6040096600916931,
            0.3051753515912211,
            0.40102438986455863,
            0.7855386740550979,
            0.7378850716460804
        ],
        "shared_support": [
            61.453750725068076,
            56.37282484216878,
            57.10493345666548,
            91.57669106482098,
            84.85227060973165,
            39.57608669748976,
            84.38242549521134,
            98.33965619897381,
            87.0504331250578,
            49.50004426123818,
            91.73337286080377,
            97.03952641637989,
            50.34967168050022,
            66.17560468674755,
            97.34071761878855,
            91.63702790437941,
            39.00737114566945,
            91.36881960813764,
            94.99342836715559,
            90.2161237070232,
            98.72260721316701,
            46.926291697774545,
            79.60973343530816,
            90.72528195404385
        ],