{
    "fixed": {
        "start_drift_rate": 1.0,
        "shared_support": 0.0,
        "item_support": 0.0,
        "learning_rate": 0.0,
        "primacy_scale": 0.0,
        "primacy_decay": 0.0,
        "encoding_drift_decrease": 1.0,
        "item_sensitivity_max": 0.0,
        "item_sensitivity_decrease": 1.0,
        "allow_repeated_recalls": 1.0
    },
    "free": {
        "encoding_drift_rate": [
            2.220446049250313e-16,
            0.9999999999999998
        ],
        "start_drift_rate": [
            2.220446049250313e-16,
            0.9999999999999998
        ],
        "recall_drift_rate": [
            2.220446049250313e-16,
            0.9999999999999998
        ],
        "shared_support": [
            2.220446049250313e-16,
            100.0
        ],
        "item_support": [
            2.220446049250313e-16,
            100.0
        ],
        "learning_rate": [
            2.220446049250313e-16,
            0.9999999999999998
        ],
        "primacy_scale": [
            2.220446049250313e-16,
            100.0
        ],
        "primacy_decay": [
            2.220446049250313e-16,
            100.0
        ],
        "stop_probability_scale": [
            2.220446049250313e-16,
            0.9999999999999998
        ],
        "stop_probability_growth": [
            2.220446049250313e-16,
            10.0
        ],
        "choice_sensitivity": [
            2.220446049250313e-16,
            100.0
        ],
        "encoding_drift_decrease": [
            2.220446049250313e-16,
            0.9999999999999998
        ]
    },
    "fitness": [
        3884.6025390625,
        4033.09521484375,
        3860.8271484375,
        4006.622802734375,
        3601.310546875,
        4058.925048828125,
        4086.059326171875,
        4146.78955078125,
        3925.05810546875,
        4024.48486328125,
        4063.333984375,
        4071.298828125,
        3934.46533203125,
        4000.459716796875,
        4069.78564453125,
        4043.673828125,
        4082.000244140625,
        3837.968505859375,
        4010.153076171875,
        3801.20751953125,
        3988.9853515625,
        4653.7529296875,
        4254.216796875,
        3457.189697265625
    ],
    "fits": {
        "encoding_drift_rate": [
            0.41407267879267967,
            0.13992685509048736,
            0.018073530428905915,
            0.8535125738607381,
            0.46566007232167966,
            0.4228053467672094,
            0.4052062343811143,
            0.09871576566774115,
            0.0800081531068908,
            0.49547626620227453,
            0.9012420103348258,
            0.5282829081005691,
            0.6243791201393465,
            0.43760787830027603,
            0.5202331083257579,
            0.0872931858337807,
            0.5308436603384123,
            0.9053337319857311,
            0.5323626507133912,
            0.6712392228417793,
            0.6560954738417408,
            0.09844571112284978,
            0.7064754986191881,
            0.6848502239753914
        ],
        "start_drift_rate": [
            0.5682462676821504,
            0.708883593014872,
            0.8106181873885426,
            0.16467540691397692,
            0.4501673032440626,
            0.9349011055147558,
            0.884032871690702,
            0.94387206677796,
            0.6769048475132197,
            0.787544467256245,
            0.7515397829972245,
            0.16434613785383306,
            0.2304248224781399,
            0.810398704926096,
            0.842090043029569,
            0.5679482010948873,
            0.8547007923045067,
            0.5592303806453792,
            0.3677977953054018,
            0.16070966688726995,
            0.9982655449390925,
            0.5039283632385896,
            0.7771432594875269,
            0.3853278407053398
        ],
        "recall_drift_rate": [
            0.8178935202424087,
            0.7645629627070358,
            0.31023561774291386,
            0.997010130439905,
            0.9562122463420366,
            0.06106303225579013,
            0.23015716383567497,
            0.15732626971108704,
            0.25654546272878276,
            0.8843382770713288,
            0.8015993209195921,
            0.33319637352780174,
            0.4155984725035897,
            0.43034600705005366,
            0.5854455994984142,
            0.47698609615197624,
            0.6644191025608255,
            0.8114621947117817,
            0.03779435073447812,
            0.1946606351277288,
            0.7431446315720758,
            0.8334282472902381,
            0.7397950637041143,
            0.5405550841358586
        ],
        "shared_support": [
            70.02026861366176,
            38.09017188899799,
            30.211965855531776,
            27.831633251282362,
            30.854255029997613,
            39.40615818866085,
            26.823381350104537,
            58.906890320559654,
            33.29399796883828,
            72.22425265176528,
            42.82669896310822,
            5.071338090617068,
            40.48737655911644,
            77.28652083862524,
            61.54071146979362,
            2.085325514852258,
            39.836435913181035,
            28.75443735321114,
            5.638351338008931,
            4.403885580959077,
            78.70310654152271,
            45.082370048817616,
            39.10385300906135,
            21.89737468313323
        ],
        "item_support": [
            99.96545352416169,
            61.900404272283126,
            75.3248022794772,
            84.64168974289979,
            72.30302702040252,
            34.53082661750251,
            99.5380375141651,
            79.77641481534326,
            46.162194896621685,
            99.96656222044784,
            81.78294768552668,
            66.3174855653155,
            42.99006374755051,
            93.6628993237783,
            25.726744942932456,
            92.92053194245068,
            58.86819674591067,
            22.267813890916067,
            77.78356534546458,
            70.73095628748997,
            98.08949746526883,
            11.370934915633356,
            25.851794482816455,
            56.03290864775785
        ],
        "learning_rate": [
            0.42334607537664304,
            0.6395168855116018,
            0.9981949194284019,
            0.6513309962614815,
            0.7165371897650081,
            0.43353813216394577,
            0.14532419224132342,
            0.0538162500648427,
            0.6060298849289412,
            0.40229588920067416,
            0.511164857570451,
            0.34129424011176657,
            0.2704826111003429,
            0.2893743212910126,
            0.5940228163316044,
            0.9346525981743945,
            0.025658275726869573,
            0.17776860899561736,
            0.4032847375589654,
            0.32357070084780715,
            0.40558008960760694,
            0.7561790840811067,
            0.5975911981141464,
            0.8429309045778091
        ],
        "primacy_scale": [
            88.15321012702852,
            35.0892457307033,
            73.93811522834962,
            42.17782758355235,
            92.33581245855461,
            57.36706366437158,
            62.94301148919861,
            49.72922296028655,
            46.880570605159654,
            80.01084945320338,
            25.442403935016927,
            18.187137681196653,
            24.169440178830847,
            30.21780293736694,
            56.270406644107936,
            93.92137177135538,
            15.925166817924733,
            69.12084255184857,
            44.26624461487753,
            42.48736358493947,
            36.76996591111228,
            61.955110651174294,
            49.66211555984602,
            66.1810573766015
        ],