{
    "fixed": {
        "start_drift_rate": 1.0,
        "shared_support": 0.0,
        "item_support": 0.0,
        "learning_rate": 0.0,
        "primacy_scale": 0.0,
        "primacy_decay": 0.0,
        "encoding_drift_decrease": 1.0,
        "allow_repeated_recalls": 1.0
    },
    "free": {
        "encoding_drift_rate": [
            2.220446049250313e-16,
            0.9999999999999998
        ],
        "recall_drift_rate": [
            2.220446049250313e-16,
            0.9999999999999998
        ],
        "choice_sensitivity": [
            2.220446049250313e-16,
            100.0
        ],
        "learning_rate": [
            2.220446049250313e-16,
            0.9999999999999998
        ]
    },
    "fitness": [
        1813.1470947265625,
        1885.283203125,
        1854.439208984375,
        1831.848388671875,
        1771.86474609375,
        1837.056396484375,
        1923.4990234375,
        1895.6737060546875,
        1789.505126953125,
        1891.095947265625,
        1875.0596923828125,
        1810.8018798828125,
        1943.814208984375,
        1929.87060546875,
        1901.916748046875,
        1825.53515625,
        1823.2374267578125,
        1907.9293212890625,
        1825.35693359375,
        1766.655517578125,
        1815.7862548828125,
        1931.1533203125,
        1835.623046875,
        1640.291015625
    ],
    "fits": {
        "encoding_drift_rate": [
            0.22590609717050816,
            0.15232632528611345,
            0.1250987735356133,
            0.34157663065204735,
            0.2936553375218218,
            0.3212879608815008,
            0.11466605195440216,
            0.1348021296848611,
            0.11674099675507274,
            0.1511811632526669,
            0.3351654671066805,
            0.25675823298221395,
            0.2744137038596422,
            0.16464512673047932,
            0.3153598247466529,
            0.36712898839314784,
            0.22632202761255651,
            0.1982096059664678,
            0.13883050548912995,
            0.1286722753076025,
            0.25003235545042307,
            0.1269561794078817,
            0.11527632246788345,
            0.2354211464296314
        ],
        "recall_drift_rate": [
            0.8014880136141391,
            0.24191397095241052,
            0.22167500523132902,
            0.8448183332867385,
            0.8233413402759113,
            0.7299431086175968,
            0.18712905640248467,
            0.21130570471932775,
            0.19538800727668584,
            0.2588745652499316,
            0.777262579679166,
            0.663042834740903,
            0.6460532581978553,
            0.2627251110822921,
            0.7729535659652081,
            0.7469813385879599,
            0.5309545123698192,
            0.3497130148155616,
            0.21790453246777797,
            0.8624787033686794,
            0.714057416530561,
            0.19503627716096952,
            0.18481325404539514,
            0.4855568430361775
        ],
        "choice_sensitivity": [
            25.95118017013749,
            53.01266178779549,
            84.88559323260864,
            11.47556210435836,
            14.112811132687483,
            11.851492512848742,
            95.21240946972827,
            70.49486019002941,
            90.69465415849203,
            54.26863498702593,
            11.335188236424067,
            21.31985728299891,
            16.63604089545749,
            44.40036530342563,
            13.047592562056295,
            8.980370118366231,
            25.077607723818794,
            30.45745823593521,
            63.83141765806691,
            86.3430703917966,
            22.570974858091635,
            66.31645378107962,
            90.48752497740278,
            23.37554468260501
        ],
        "learning_rate": [
            0.6639429208606544,
            0.0159235799153847,
            0.05461264597140859,
            0.42452235936259985,
            0.6034923702620253,
            0.5028476145868981,
            0.048881826435946296,
            0.04243458847334551,
            0.03528948308388791,
            0.011955679539341735,
            0.47968463845055104,
            0.4275180122982819,
            0.5735786136024599,
            0.1535366433432473,
            0.5424868440335675,
            0.40514303908344146,
            0.4922446776711985,
            0.4162895315969358,
            0.011862537816073604,
            0.812513320283351,
            0.4981786752811732,
            0.22988831576520938,
            0.015459271304070266,
            0.003173297186699342
        ],
        "start_drift_rate": [
            1.0,
            1.0,
            1.0,
            1.0,
            1.0,
            1.0,
            1.0,
            1.0,
            1.0,
            1.0,
            1.0,
            1.0,
            1.0,
            1.0,
            1.0,
            1.0,
            1.0,
            1.0,
            1.0,
            1.0,
            1.0,
            1.0,
            1.0,
            1.0
        ],
        "shared_support": [
            0.0,
            0.0,
            0.0,
            0.0,
            0.0,
            0.0,
            0.0,
            0.0,
            0.0,
            0.0,
            0.0,
            0.0,
            0.0,
            0.0,
            0.0,
            0.0,
            0.0,
            0.0,
            0.0,
            0.0,
            0.0,
            0.0,
            0.0,
            0.0
        ],
        "item_support": [
            0.0,
            0.0,
            0.0,
            0.0,
            0.0,
            0.0,
            0.0,
            0.0,
            0.0,
            0.0,
            0.0,
            0.0,
            0.0,
            0.0,
            0.0,
            0.0,
            0.0,
            0.0,
            0.0,
            0.0,
            0.0,
            0.0,
            0.0,
            0.0
        ],
        "primacy_scale": [
            0.0,
            0.0,
            0.0,
            0.0,
            0.0,
            0.0,
            0.0,
            0.0,
            0.0,
            0.0,
            0.0,
            0.0,
            0.0,
            0.0,
            0.0,
            0.0,
            0.0,
            0.0,
            0.0,
            0.0,
            0.0,
            0.0,
            0.0,
            0.0
        ],
        "primacy_decay": [
            0.0,
            0.0,
            0.0,
            0.0,
            0.0,
            0.0,
            0.0,
            0.0,
            0.0,
            0.0,
            0.0,
            0.0,
            0.0,
            0.0,
            0.0,
            0.0,
            0.0,
            0.0,
            0.0,
            0.0,
            0.0,
            0.0,
            0.0,
            0.0
        ],
        "encoding_drift_decrease": [
            1.0,
            1.0,
            1.0,
            1.0,
            1.0,
            1.0,
            1.0,
            1.0,
            1.0,
            1.0,
            1.0,
            1.0,
            1.0,
            1.0,
            1.0,
            1.0,
            1.0,
            1.0,
            1.0,
            1.0,
            1.0,
            1.0,
            1.0,
            1.0
        ],
        "allow_repeated_recalls": [
            1.0,
            1.0,
            1.0,
            1.0,
            1.0,
            1.0,
            1.0,
            1.0,
            1.0,
            1.0,
            1.0,
            1.0,
            1.0,
            1.0,
            1.0,
            1.0,
            1.0,
            1.0,
            1.0,
            1.0,
            1.0,
            1.0,
            1.0,
            1.0
        ],