{
    "fixed": {
        "start_drift_rate": 1.0,
        "shared_support": 0.0,
        "item_support": 0.0,
        "learning_rate": 0.0,
        "primacy_scale": 0.0,
        "primacy_decay": 0.0,
        "encoding_drift_decrease": 1.0,
        "allow_repeated_recalls": 1.0
    },
    "free": {
        "encoding_drift_rate": [
            2.220446049250313e-16,
            0.9999999999999998
        ],
        "recall_drift_rate": [
            2.220446049250313e-16,
            0.9999999999999998
        ],
        "stop_probability_scale": [
            2.220446049250313e-16,
            0.9999999999999998
        ],
        "stop_probability_growth": [
            2.220446049250313e-16,
            10.0
        ],
        "choice_sensitivity": [
            2.220446049250313e-16,
            100.0
        ],
        "shared_support": [
            2.220446049250313e-16,
            100.0
        ],
        "item_support": [
            2.220446049250313e-16,
            100.0
        ],
        "primacy_scale": [
            2.220446049250313e-16,
            100.0
        ],
        "primacy_decay": [
            2.220446049250313e-16,
            100.0
        ],
        "start_drift_rate": [
            2.220446049250313e-16,
            0.9999999999999998
        ]
    },
    "fitness": [
        684.6512451171875,
        911.5107421875,
        748.4691162109375,
        628.4608764648438,
        719.4481201171875,
        880.5732421875,
        942.7965087890625,
        866.9677734375,
        868.713134765625,
        899.2310791015625,
        772.2174682617188,
        676.5599365234375,
        857.4754638671875,
        1014.9384765625,
        823.868896484375,
        765.3818359375,
        815.7035522460938,
        1027.64599609375,
        870.428466796875,
        513.3379516601562,
        566.2037963867188,
        1155.7344970703125,
        943.3135986328125,
        635.5595703125
    ],
    "fits": {
        "encoding_drift_rate": [
            0.9327893174735047,
            0.7391001453231094,
            0.49786859747602985,
            0.6816341356844707,
            0.8973359341572018,
            0.7615265167665878,
            0.7732784035481948,
            0.5733665365964256,
            0.6068120173050502,
            0.7828831632679558,
            0.7690578002555502,
            0.6090338910803627,
            0.7172027817701977,
            0.807423457486118,
            0.6003466945795672,
            0.7380640594413992,
            0.3928155550988933,
            0.6874669048104297,
            0.791946705677247,
            0.7825976177880917,
            0.3455121748995151,
            0.6097985035026338,
            0.7104665309190139,
            0.6909036827362447
        ],
        "recall_drift_rate": [
            0.8373308611698476,
            0.6512846298512249,
            0.7873109342254339,
            0.7772359128519212,
            0.7444895535796394,
            0.8673421507400996,
            0.6698351422585314,
            0.8148747268027949,
            0.8327093522895823,
            0.6930725380027735,
            0.6988279595336246,
            0.7044787296116373,
            0.6408685305674394,
            0.7398012898459132,
            0.7862249055312543,
            0.7393361273382709,
            0.863423872857684,
            0.8550125792134928,
            0.7436678953627581,
            0.7152915729342625,
            0.6096873285943774,
            0.826969044151573,
            0.8615582372183779,
            0.6710750020694177
        ],
        "stop_probability_scale": [
            0.0030994255937274863,
            0.006123358927654494,
            0.0022572189534215497,
            0.0009724495720199511,
            0.009704157741652135,
            0.006427659709057569,
            0.0028697602763860797,
            0.004623853734132769,
            0.010506268186662837,
            0.0036185682829680604,
            0.0023918390930636473,
            0.000989424984976545,
            0.0028385896979552226,
            0.003453947036347372,
            0.0024812791668104017,
            0.004701154883714439,
            0.005361540143773829,
            0.006500665459378617,
            0.00997093666055699,
            0.0019859638209301597,
            0.0007839957559430781,
            0.00986859730025235,
            0.008695308802339076,
            0.0108728881403774
        ],
        "stop_probability_growth": [
            0.9383340987748445,
            0.8259446005086524,
            0.9985106078309212,
            1.1085518620208679,
            0.7478991644761317,
            0.817915211537235,
            0.9499776514637945,
            0.867194012253318,
            0.749241380317156,
            0.9134153351256504,
            0.9780423480995619,
            1.1062423260075422,
            0.9605158382398287,
            0.9234876431302084,
            0.9609086826782454,
            0.8778048892782122,
            0.8428828337883232,
            0.8242987006791047,
            0.7420554717556902,
            1.006757774124059,
            1.1442470785601278,
            0.7477113927330779,
            0.7763469790266724,
            0.7458716465243773
        ],
        "choice_sensitivity": [
            72.78773140366452,
            89.8662535169357,
            94.79254817817493,
            89.1166399855472,
            40.887345981355715,
            78.88127508716312,
            78.64421351236963,
            88.87390915720594,
            96.43852938936396,
            83.36533798201978,
            78.39815696163171,
            87.23329793163089,
            95.26161967822529,
            71.56361768597752,
            96.62010736582963,
            71.21675780450498,
            27.464469953810404,
            38.19081375132758,
            41.74225159704885,
            89.21019077671562,
            99.70180058810465,
            82.85091013583707,
            96.5962035170806,
            89.52956113442829
        ],
        "shared_support": [
            79.12132040586555,
            47.04044180919769,
            11.395581674108335,
            93.52743369767174,
            64.59538101460217,
            91.34676951932681,
            58.294264537449294,
            96.13651689631817,
            95.04591853932166,
            6.82839440717887,
            92.76409548317858,
            88.73685316738359,
            17.43596842194067,
            6.26165067435106,
            20.22235660021276,
            92.44216663498794,
            42.54462613130144,
            48.228244879091314,
            86.75336705843512,
            86.75212032911486,
            82.14559691676453,
            11.745645581911155,
            91.99687851846033,
            68.8029434238923
        ],
        "item_support": [
            38.296528159382625,
            36.313049043627736,
            7.92395512798813,
            65.51505734173675,
            19.445601586194,
            70.16288682169183,
            44.908883623532624,
            78.31646049309575,
            79.43613325876976,
            4.915659151876682,
            63.811558152859874,
            63.87335848253459,
            13.267059299764725,
            4.798498354114933,
            15.581745659934086,
            64.40073861834125,
            8.626920731719522,
            29.773156277590452,
            47.74368321344648,
            50.232487743027065,
            54.420966055170354,
            9.807811801379941,
            77.31292556515697,
            46.844069662693414
        ],