{
    "fixed": {
        "start_drift_rate": 1.0,
        "shared_support": 0.0,
        "item_support": 0.0,
        "learning_rate": 0.0,
        "primacy_scale": 0.0,
        "primacy_decay": 0.0,
        "encoding_drift_decrease": 1.0,
        "allow_repeated_recalls": 1.0
    },
    "free": {
        "encoding_drift_rate": [
            2.220446049250313e-16,
            0.9999999999999998
        ],
        "start_drift_rate": [
            2.220446049250313e-16,
            0.9999999999999998
        ],
        "recall_drift_rate": [
            2.220446049250313e-16,
            0.9999999999999998
        ],
        "shared_support": [
            2.220446049250313e-16,
            100.0
        ],
        "item_support": [
            2.220446049250313e-16,
            100.0
        ],
        "learning_rate": [
            2.220446049250313e-16,
            0.9999999999999998
        ],
        "primacy_scale": [
            2.220446049250313e-16,
            100.0
        ],
        "primacy_decay": [
            2.220446049250313e-16,
            100.0
        ],
        "stop_probability_scale": [
            2.220446049250313e-16,
            0.9999999999999998
        ],
        "stop_probability_growth": [
            2.220446049250313e-16,
            10.0
        ],
        "choice_sensitivity": [
            2.220446049250313e-16,
            100.0
        ],
        "encoding_drift_decrease": [
            2.220446049250313e-16,
            0.9999999999999998
        ]
    },
    "fitness": [
        682.5885620117188,
        906.4479370117188,
        748.224365234375,
        623.7969360351562,
        719.5219116210938,
        888.1407470703125,
        936.0369873046875,
        854.656982421875,
        843.8118286132812,
        895.0736083984375,
        758.6163330078125,
        671.893798828125,
        856.5153198242188,
        1054.5936279296875,
        823.5810546875,
        770.4359130859375,
        812.0820922851562,
        1037.759765625,
        869.4678955078125,
        513.22509765625,
        561.6448974609375,
        1153.849609375,
        943.044677734375,
        627.5816650390625
    ],
    "fits": {
        "encoding_drift_rate": [
            0.9109962759589374,
            0.6419069145870104,
            0.8150811893783709,
            0.8268055725393075,
            0.8794474604008806,
            0.8803237529187089,
            0.5368495348742787,
            0.9266728630614711,
            0.956197061157075,
            0.6278856368743853,
            0.9554220830614566,
            0.6353942886813755,
            0.7904523223013604,
            0.5929239227595906,
            0.8012831178947873,
            0.8358587943951503,
            0.44853930915191,
            0.6036561354281543,
            0.738287208972745,
            0.852991646945831,
            0.5377476787097207,
            0.7376801176855081,
            0.7626512433352914,
            0.4902301371908326
        ],
        "start_drift_rate": [
            0.586374707919497,
            0.7674944698553631,
            0.7171723318768648,
            0.33960520275395156,
            0.7623169403196383,
            0.7658125966261273,
            0.7142004137657949,
            0.9005645591158868,
            0.9237858158837156,
            0.607855325703226,
            0.8288904483211335,
            0.6025785022786545,
            0.842140114782717,
            0.5862489386301196,
            0.7185631548828219,
            0.912139064276309,
            0.065700814382948,
            0.7308705643056811,
            0.9264800892312759,
            0.6771565727870287,
            0.5199241851438233,
            0.7004140376086604,
            0.7829988497567378,
            0.23776959961968747
        ],
        "recall_drift_rate": [
            0.8121497205288124,
            0.5319604477784001,
            0.7628532599583452,
            0.41476468886479306,
            0.7421387045050718,
            0.7514458483552476,
            0.4768596324359852,
            0.5589946860402173,
            0.5849097453955406,
            0.38296013099780446,
            0.39608108620395044,
            0.44882776035321903,
            0.5759760637651054,
            0.1697274083523132,
            0.7802303479867839,
            0.6155308142715185,
            0.8454964239709835,
            0.5517203735326018,
            0.6374883631082303,
            0.7062591200367918,
            0.2911060647367708,
            0.5118182392657733,
            0.7821025777740119,
            0.41751169747871997
        ],
        "shared_support": [
            12.641361919442978,
            10.6962050694029,
            52.10272206239883,
            79.9296294370775,
            24.083112250750915,
            4.895542394645872,
            89.74885158523,
            58.92709044942595,
            78.62161583070218,
            89.63331641282147,
            75.85509385056024,
            6.027437315491277,
            95.22089049953053,
            66.05069210466614,
            62.48839329560209,
            5.791795917588864,
            11.142401402360733,
            48.70283944980911,
            19.20113061860701,
            92.2602654225025,
            75.1698365296229,
            85.89078785797696,
            94.19556051119406,
            3.5878030899431934
        ],
        "item_support": [
            7.923137194703557,
            7.304516653566196,
            35.726102292373646,
            5.826555884759038,
            16.4374412104063,
            3.3634244625343896,
            48.49896837758858,
            35.05500211190366,
            27.75607270033259,
            39.033283622604934,
            26.588425223173523,
            2.0462073950010407,
            68.68279337830278,
            14.510704642186916,
            44.11798938799669,
            4.125712548944044,
            4.727908904247599,
            2.9285339376968125,
            14.104684770461354,
            42.698235074500715,
            2.226298657309549,
            29.603872764639576,
            72.10778923205723,
            0.4714067962959163
        ],
        "learning_rate": [
            0.0003042075651973883,
            0.3659460183856711,
            0.00872133785649384,
            0.7814235119227149,
            0.008176898214662831,
            0.18612596551512167,
            0.7904122461612931,
            0.7018112022415569,
            0.6964105967391246,
            0.6451660195102318,
            0.6822853322199807,
            0.683545483543777,
            0.13065069993282724,
            0.733465006945623,
            0.021208181236849317,
            0.04053155166073977,
            0.0014486130092364767,
            0.7754685989630344,
            0.15529898035537226,
            0.006454665389531267,
            0.72290612675996,
            0.7202332583363484,
            0.10986688547079257,
            0.7986841223552722
        ],
        "primacy_scale": [
            2.322206351575531,
            1.5293045172210782,
            13.653754574067875,
            60.76554938867178,
            3.934048078926203,
            0.0278924152447928,
            24.48390258364356,
            18.703497734388634,
            41.10195777511109,
            30.767353762167076,
            40.30015176060623,
            2.8379518647207718,
            16.63331721224491,
            1.32692849760398,
            16.913346213681038,
            0.015608844466356686,
            12.646224166305586,
            28.706527202213238,
            2.4048384148494435,
            32.07522286784514,
            44.57574870005578,
            36.397299851637776,
            21.48203734953864,
            2.0817755192393363
        ],