{
    "fixed": {
        "start_drift_rate": 1.0,
        "shared_support": 0.0,
        "item_support": 0.0,
        "learning_rate": 0.0,
        "primacy_scale": 0.0,
        "primacy_decay": 0.0,
        "encoding_drift_decrease": 1.0,
        "allow_repeated_recalls": 1.0
    },
    "free": {
        "encoding_drift_rate": [
            2.220446049250313e-16,
            0.9999999999999998
        ],
        "recall_drift_rate": [
            2.220446049250313e-16,
            0.9999999999999998
        ],
        "stop_probability_scale": [
            2.220446049250313e-16,
            0.9999999999999998
        ],
        "stop_probability_growth": [
            2.220446049250313e-16,
            10.0
        ],
        "choice_sensitivity": [
            2.220446049250313e-16,
            100.0
        ],
        "learning_rate": [
            2.220446049250313e-16,
            0.9999999999999998
        ]
    },
    "fitness": [
        1692.687744140625,
        1746.815185546875,
        1719.1722412109375,
        1731.2451171875,
        1636.03076171875,
        1709.6376953125,
        1785.385986328125,
        1762.498291015625,
        1647.20556640625,
        1771.009033203125,
        1745.110595703125,
        1712.0013427734375,
        1773.05615234375,
        1780.4278564453125,
        1788.11376953125,
        1687.9727783203125,
        1714.576416015625,
        1756.509765625,
        1703.70458984375,
        1646.677001953125,
        1701.2794189453125,
        1800.6689453125,
        1701.1876220703125,
        1513.4212646484375
    ],
    "fits": {
        "encoding_drift_rate": [
            0.18917995373134633,
            0.3316244549441163,
            0.16717326405733873,
            0.300542372314477,
            0.32046831768274053,
            0.3565612709689528,
            0.3335338644995325,
            0.3262570515634067,
            0.3526810671540758,
            0.09590137339884416,
            0.2800471079114855,
            0.2471132527679822,
            0.27664802897666535,
            0.2750669358502265,
            0.2957755614970805,
            0.42961326488696416,
            0.24575308774454424,
            0.3080538442555728,
            0.40262343970313114,
            0.16157945588648348,
            0.2504354928798835,
            0.2723033169987784,
            0.2901849457054366,
            0.12346259424157657
        ],
        "recall_drift_rate": [
            0.8671518878749545,
            0.9397505784937128,
            0.7169871224159262,
            0.8937019514556772,
            0.8865163269796219,
            0.9201379047258705,
            0.8209131697860625,
            0.8383381454649146,
            0.8576408650458407,
            0.19120556986150516,
            0.8485698160645991,
            0.8854182023101697,
            0.8442396276625257,
            0.7728028218370364,
            0.83260396761457,
            0.9433937751039804,
            0.8267804427070508,
            0.8077495218449959,
            0.9403727404047861,
            0.911021645730125,
            0.7702478216123881,
            0.7510109963259577,
            0.6099502403395329,
            0.2754952013441921
        ],
        "stop_probability_scale": [
            0.0032197445019522364,
            0.005981805963303943,
            0.0021582976651473573,
            0.0010436167480272207,
            0.008484847022261766,
            0.007958482099548407,
            0.0034407922156640125,
            0.004514725299488154,
            0.009463435605243627,
            0.0036605216440896613,
            0.0021065059551800824,
            0.0009051123812480353,
            0.002244192605685692,
            0.0036928812723953488,
            0.003070608766808316,
            0.004978822009420219,
            0.006241100023882913,
            0.0072054728418351095,
            0.009345068986589003,
            0.001961185260567945,
            0.001226403290505297,
            0.010358196512515298,
            0.009526473116188075,
            0.009995166746225009
        ],
        "stop_probability_growth": [
            0.9333228590249734,
            0.8270402124345368,
            1.0060551442568877,
            1.0993078997201176,
            0.7728375324548855,
            0.777759046286608,
            0.9174011092007452,
            0.8719352743786404,
            0.7686395732417193,
            0.9113417069309859,
            1.0007916151682665,
            1.1236780371008588,
            1.001265189231849,
            0.9130479938211362,
            0.9236829833784803,
            0.8676093832253997,
            0.82009321028562,
            0.8039276409722431,
            0.7526862729311246,
            1.01034373101235,
            1.072588926998609,
            0.7366696376378341,
            0.7593328727738227,
            0.7586211996456722
        ],
        "choice_sensitivity": [
            27.152675992476528,
            8.47451994997315,
            34.722102190721934,
            11.19500432887591,
            10.417956543266001,
            7.363324086810252,
            8.04768799782282,
            8.916579728534217,
            7.6419459249665564,
            98.78036666198109,
            12.295077677472001,
            17.6275051849656,
            11.952498081613356,
            11.78103528430951,
            10.788028904057683,
            5.434712002292557,
            16.73782993184868,
            10.24537992562827,
            5.881520177052366,
            43.081363769247254,
            17.161377108371667,
            10.222121840945974,
            11.709560960522417,
            80.29071398695787
        ],
        "learning_rate": [
            0.6763228266501257,
            0.63751420409828,
            0.6820582579593127,
            0.4414692038101927,
            0.56621239950882,
            0.5367717409435669,
            0.47822020414826866,
            0.5576544271247205,
            0.5327138249050395,
            0.023889758920009663,
            0.5512252633840695,
            0.5413175956064854,
            0.6400534444549588,
            0.596731156749223,
            0.5247443914236988,
            0.4991855123666378,
            0.6398292354944701,
            0.627266056839398,
            0.5859142311810172,
            0.7342664898260478,
            0.44177097014507544,
            0.6052064061771554,
            0.46043747084909237,
            0.06718024035490118
        ],
        "start_drift_rate": [
            1.0,
            1.0,
            1.0,
            1.0,
            1.0,
            1.0,
            1.0,
            1.0,
            1.0,
            1.0,
            1.0,
            1.0,
            1.0,
            1.0,
            1.0,
            1.0,
            1.0,
            1.0,
            1.0,
            1.0,
            1.0,
            1.0,
            1.0,
            1.0
        ],
        "shared_support": [
            0.0,
            0.0,
            0.0,
            0.0,
            0.0,
            0.0,
            0.0,
            0.0,
            0.0,
            0.0,
            0.0,
            0.0,
            0.0,
            0.0,
            0.0,
            0.0,
            0.0,
            0.0,
            0.0,
            0.0,
            0.0,
            0.0,
            0.0,
            0.0
        ],
        "item_support": [
            0.0,
            0.0,
            0.0,
            0.0,
            0.0,
            0.0,
            0.0,
            0.0,
            0.0,
            0.0,
            0.0,
            0.0,
            0.0,
            0.0,
            0.0,
            0.0,
            0.0,
            0.0,
            0.0,
            0.0,
            0.0,
            0.0,
            0.0,
            0.0
        ],