{
    "fixed": {
        "start_drift_rate": 1.0,
        "shared_support": 0.0,
        "item_support": 0.0,
        "learning_rate": 0.0,
        "primacy_scale": 0.0,
        "primacy_decay": 0.0,
        "encoding_drift_decrease": 1.0,
        "allow_repeated_recalls": 1.0
    },
    "free": {
        "encoding_drift_rate": [
            2.220446049250313e-16,
            0.9999999999999998
        ],
        "recall_drift_rate": [
            2.220446049250313e-16,
            0.9999999999999998
        ],
        "stop_probability_scale": [
            2.220446049250313e-16,
            0.9999999999999998
        ],
        "stop_probability_growth": [
            2.220446049250313e-16,
            10.0
        ],
        "choice_sensitivity": [
            2.220446049250313e-16,
            100.0
        ],
        "learning_rate": [
            2.220446049250313e-16,
            0.9999999999999998
        ],
        "shared_support": [
            2.220446049250313e-16,
            100.0
        ],
        "item_support": [
            2.220446049250313e-16,
            100.0
        ],
        "primacy_scale": [
            2.220446049250313e-16,
            100.0
        ],
        "primacy_decay": [
            2.220446049250313e-16,
            100.0
        ]
    },
    "fitness": [
        721.8543090820312,
        917.2086791992188,
        786.19287109375,
        641.9273681640625,
        735.7528076171875,
        895.4273681640625,
        949.921142578125,
        873.9832153320312,
        869.982666015625,
        934.6949462890625,
        795.5233154296875,
        680.683837890625,
        885.8728637695312,
        1039.5924072265625,
        850.2200927734375,
        771.164306640625,
        835.8496704101562,
        1045.0050048828125,
        888.3740844726562,
        525.5262451171875,
        569.2879638671875,
        1168.6090087890625,
        979.3162841796875,
        644.0552368164062
    ],
    "fits": {
        "encoding_drift_rate": [
            0.11419443082778032,
            0.11494862633361738,
            0.42739935758435066,
            0.1296357422425416,
            0.12864922841869214,
            0.10746784125632046,
            0.34999262727402525,
            0.32187893104371224,
            0.22605417206281897,
            0.3416364549121048,
            0.10686641602446766,
            0.14666818189289477,
            0.4282651737001759,
            0.5921648842297943,
            0.13962262071211187,
            0.1969691904700554,
            0.1731251121660311,
            0.18907329204512263,
            0.6222281863146413,
            0.12797111815719073,
            0.1333323093131775,
            0.1422002285565252,
            0.18104965458307573,
            0.12442871714715849
        ],
        "recall_drift_rate": [
            0.6680424037288104,
            0.5630102786094142,
            0.2577933966150282,
            0.7127111577976333,
            0.7104506905533812,
            0.7947622088313477,
            0.5806309549944819,
            0.5547672765118273,
            0.6626651048138157,
            0.2220699184243196,
            0.5876599488117363,
            0.6698874768285729,
            0.22048823149684177,
            0.6252500425396951,
            0.703789822118867,
            0.5819147751693631,
            0.7870050027682167,
            0.7486127920401343,
            0.44428932863214177,
            0.5856572004697069,
            0.584276866091247,
            0.7066276205714285,
            0.684385643521558,
            0.6774437629888591
        ],
        "stop_probability_scale": [
            0.0023395173555062787,
            0.0055500494751888,
            0.0025110714529137565,
            0.0010557441188380756,
            0.008623885566048768,
            0.007138635803073616,
            0.0028457816482299293,
            0.005279404697209389,
            0.009241682085287584,
            0.004262577563025227,
            0.0020026069320488167,
            0.0010977585827977698,
            0.002604584502981566,
            0.0035365277581731877,
            0.0030533239981765953,
            0.00501502347755387,
            0.006319107716430794,
            0.006661074353797369,
            0.008474909309779288,
            0.0019470099695071388,
            0.0008386178413177913,
            0.010525724681724136,
            0.009884170770900843,
            0.011064417779856365
        ],
        "stop_probability_growth": [
            0.986633455712167,
            0.8434811873451391,
            0.9810875991853321,
            1.0931156525857166,
            0.7698435778247061,
            0.7997525602578456,
            0.9528852555561196,
            0.841793679361114,
            0.7744521924766854,
            0.8865741471316753,
            1.009118802164155,
            1.0888120603538989,
            0.9731815732621376,
            0.9190646002121712,
            0.928095788561378,
            0.8689869764467897,
            0.8165916561392939,
            0.816457690712312,
            0.7724127185296332,
            1.0113285870066369,
            1.1368811858323455,
            0.7355693349047607,
            0.7529648358624963,
            0.7421891847134612
        ],
        "choice_sensitivity": [
            86.14163805764903,
            69.26877818220872,
            35.28614756239136,
            99.63742985480147,
            79.87922102838384,
            99.84966538975753,
            25.63413163649543,
            28.621417806817266,
            32.25069763718723,
            37.600753457427274,
            94.98918827847288,
            96.44719076160843,
            30.84537625007251,
            15.354033636445116,
            64.64534759029672,
            39.001883753566275,
            26.134198714565287,
            39.83433073466812,
            19.50249142352768,
            95.78761407861359,
            94.96993367516257,
            41.116189239513474,
            38.09353566554807,
            99.62272175246346
        ],
        "learning_rate": [
            0.7709490196069585,
            0.7939748945097578,
            0.31212120463636284,
            0.8525560408912303,
            0.7419560738251451,
            0.8509315232584562,
            0.5392969442252741,
            0.514709953600061,
            0.7725541294845242,
            0.37173020491225084,
            0.8534658687861849,
            0.8162148616097387,
            0.26853499376381895,
            0.009574287008303317,
            0.7594300312738032,
            0.7526688994617267,
            0.0936827134311618,
            0.6799155103394937,
            0.04926927102393314,
            0.6982340063222074,
            0.5060198940997774,
            0.6983038689816694,
            0.7106693866680935,
            0.8796507591455358
        ],
        "shared_support": [
            37.67864879508326,
            56.936246075481044,
            1.569414442855895,
            43.00080667643839,
            29.426025000652515,
            79.56322967898917,
            32.26525269016922,
            36.45829019292316,
            84.68861637986562,
            1.399922194673067,
            53.87142474443757,
            24.669058437689095,
            1.6332912791553937,
            1.1116379181279399,
            50.38334684591322,
            35.87870824721874,
            23.94215940990401,
            61.015503316892165,
            1.4890989887503068,
            10.184556131453299,
            17.83976677478615,
            0.6082899264748605,
            45.380555154111256,
            33.75398357026586
        ],