{
    "fixed": {
        "start_drift_rate": 1.0,
        "shared_support": 0.0,
        "item_support": 0.0,
        "learning_rate": 0.0,
        "primacy_scale": 0.0,
        "primacy_decay": 0.0,
        "encoding_drift_decrease": 1.0,
        "allow_repeated_recalls": 1.0
    },
    "free": {
        "encoding_drift_rate": [
            2.220446049250313e-16,
            0.9999999999999998
        ],
        "recall_drift_rate": [
            2.220446049250313e-16,
            0.9999999999999998
        ],
        "choice_sensitivity": [
            2.220446049250313e-16,
            100.0
        ],
        "learning_rate": [
            2.220446049250313e-16,
            0.9999999999999998
        ],
        "shared_support": [
            2.220446049250313e-16,
            100.0
        ],
        "item_support": [
            2.220446049250313e-16,
            100.0
        ],
        "primacy_scale": [
            2.220446049250313e-16,
            100.0
        ],
        "primacy_decay": [
            2.220446049250313e-16,
            100.0
        ]
    },
    "fitness": [
        686.54150390625,
        941.8812255859375,
        754.0904541015625,
        570.9617309570312,
        787.6669921875,
        923.675048828125,
        963.0509033203125,
        909.3849487304688,
        923.3701171875,
        900.595703125,
        779.0707397460938,
        592.1138305664062,
        898.4927978515625,
        1065.835693359375,
        801.322021484375,
        791.6380615234375,
        836.1443481445312,
        1093.5767822265625,
        920.7806396484375,
        470.4646301269531,
        496.69146728515625,
        1259.507080078125,
        1031.8709716796875,
        690.8157348632812
    ],
    "fits": {
        "encoding_drift_rate": [
            0.10223327200179472,
            0.04724276267855293,
            0.09204929303144649,
            0.0879994305254449,
            0.07985985044025927,
            0.11920147672636773,
            0.055011535941057454,
            0.08760363381153653,
            0.043033599695370565,
            0.055141972479712455,
            0.05775779588491958,
            0.09976043474483903,
            0.08498584271722764,
            0.07970095952955857,
            0.10797958997905582,
            0.09649340321005095,
            0.14369080611745536,
            0.11754013051995005,
            0.34701574838438304,
            0.07715143338875792,
            0.10284415398902896,
            0.07516188895191767,
            0.15188142226118428,
            0.01717636240278496
        ],
        "recall_drift_rate": [
            0.6484143568161163,
            0.5382125032981817,
            0.5848058827833451,
            0.6350729846136736,
            0.623150745473805,
            0.7038799872475328,
            0.5900801397113609,
            0.4969128650683634,
            0.6069874693584227,
            0.6214842642991742,
            0.5990736389233796,
            0.6265506338811548,
            0.5351267365437417,
            0.64157202553118,
            0.6962417074640671,
            0.6092370100763639,
            0.7021742745264336,
            0.7278790785307776,
            0.6396759627194062,
            0.5800920787146729,
            0.5761371256172703,
            0.6513305116428794,
            0.7056326945978536,
            0.6030690667219016
        ],
        "choice_sensitivity": [
            99.25681581132103,
            68.69163936361613,
            97.9254864477378,
            98.29506588706488,
            72.83681645656442,
            76.08266870425936,
            94.02025311092663,
            60.262935823885066,
            48.34287084832724,
            99.43126877863905,
            99.99021097913271,
            99.83649985993654,
            96.65644143564008,
            96.27036993020536,
            99.59981152815061,
            90.66269265064969,
            36.481793105879674,
            34.17886123601631,
            22.034609333491073,
            95.70925373429228,
            99.55823940905753,
            96.22009197739848,
            27.096053813825073,
            75.24075741835617
        ],
        "learning_rate": [
            0.6906904961723344,
            0.9437551654627789,
            0.8503911493716352,
            0.35558223797721833,
            0.9019028019353978,
            0.818114531294921,
            0.9613158082394685,
            0.9030562795757167,
            0.9653931118608928,
            0.9376092989824957,
            0.9479076279670882,
            0.41580613831430674,
            0.8551182235207968,
            0.9150354927683242,
            0.814465603762256,
            0.883802540635487,
            0.1399889908239283,
            0.1087802852458013,
            0.037269516896616395,
            0.16422563143754104,
            0.3837876791784663,
            0.8277663732975815,
            0.10344488389110418,
            0.9906102316574907
        ],
        "shared_support": [
            30.82493816912545,
            52.52881721641069,
            49.47723172988784,
            13.473508531104073,
            78.83450747103994,
            74.05208429557949,
            68.74691578936041,
            34.14832819539368,
            87.67811378110474,
            89.31918719846529,
            77.29363452104441,
            8.262388397750783,
            64.11672417537491,
            60.588998946305416,
            38.920380490263,
            1.5094549811898261,
            20.525921101695598,
            26.37070776798839,
            25.70026488190711,
            15.228798949206734,
            13.744273286143802,
            0.4120858240146532,
            27.09992547584925,
            60.02689148730964
        ],
        "item_support": [
            0.07307826909872261,
            10.005054495506563,
            6.654574623652174,
            0.17379035240569607,
            17.840370442167988,
            22.119034774115633,
            23.244137179786932,
            10.565416498911382,
            17.14951468486472,
            1.0403638099562116,
            7.584275772816184,
            0.03151061581982617,
            17.959318350182762,
            2.2578028151219343,
            0.103070393009709,
            0.4487592491767032,
            1.2391662910189183,
            9.920542177892706,
            1.3684202408931583,
            4.6520484077598425,
            0.19083905658698797,
            0.04823854886804213,
            1.968516504737181,
            0.22627623772059025
        ],
        "primacy_scale": [
            91.14250441015443,
            16.805359885352274,
            61.581884144481656,
            96.47127238696416,
            43.372413272238454,
            97.60413220813572,
            27.525640119081444,
            11.379224636858623,
            14.331838221433607,
            74.24675576575063,
            50.94631745580126,
            63.97077807970146,
            65.08296885857766,
            91.14519380285367,
            98.22407544433845,
            0.3533435701365377,
            76.2258596793243,
            82.4690137759429,
            35.21447598854305,
            62.00307802655512,
            80.76819569076918,
            0.13549609606955443,
            93.83283812177596,
            6.717404827191601
        ],