{
    "fixed": {
        "start_drift_rate": 1.0,
        "shared_support": 0.0,
        "item_support": 0.0,
        "learning_rate": 0.0,
        "primacy_scale": 0.0,
        "primacy_decay": 0.0,
        "encoding_drift_decrease": 1.0,
        "allow_repeated_recalls": 1.0
    },
    "free": {
        "encoding_drift_rate": [
            2.220446049250313e-16,
            0.9999999999999998
        ],
        "recall_drift_rate": [
            2.220446049250313e-16,
            0.9999999999999998
        ],
        "stop_probability_scale": [
            2.220446049250313e-16,
            0.9999999999999998
        ],
        "stop_probability_growth": [
            2.220446049250313e-16,
            10.0
        ],
        "choice_sensitivity": [
            2.220446049250313e-16,
            100.0
        ],
        "primacy_scale": [
            2.220446049250313e-16,
            100.0
        ],
        "primacy_decay": [
            2.220446049250313e-16,
            100.0
        ]
    },
    "fitness": [
        1692.779541015625,
        1760.4586181640625,
        1724.3336181640625,
        1746.788330078125,
        1647.801025390625,
        1725.26025390625,
        1796.7855224609375,
        1774.7174072265625,
        1658.6605224609375,
        1772.9542236328125,
        1758.5216064453125,
        1718.423828125,
        1788.927978515625,
        1787.9844970703125,
        1797.7984619140625,
        1707.981689453125,
        1724.336669921875,
        1767.085205078125,
        1717.6123046875,
        1656.6641845703125,
        1712.86376953125,
        1810.1810302734375,
        1701.781005859375,
        1508.1622314453125
    ],
    "fits": {
        "encoding_drift_rate": [
            0.2346555542898786,
            0.275952677478344,
            0.216067711551179,
            0.26046154421896606,
            0.2915228822370076,
            0.23359732418617724,
            0.19240228840759355,
            0.23440587080816466,
            0.2584044307724471,
            0.20266762410425623,
            0.2269862955367406,
            0.16290930885157773,
            0.27511620859924557,
            0.1691469026013543,
            0.292807387081082,
            0.29066720486768904,
            0.22653019886981507,
            0.1972180834984928,
            0.25543904995010247,
            0.2497504453838979,
            0.3380711314226368,
            0.31207335005362147,
            0.15862551484758708,
            0.16563860757797905
        ],
        "recall_drift_rate": [
            0.8451482247303996,
            0.7497569383777357,
            0.43416699311150597,
            0.5798905073013843,
            0.511282195813929,
            0.4030403078976361,
            0.3667306667775601,
            0.3753178677890309,
            0.43692967671215976,
            0.39093509380100866,
            0.47644310799199824,
            0.3929051115611017,
            0.44077351211371163,
            0.3388278817931918,
            0.7835172871154087,
            0.4842963154309991,
            0.4285520260715382,
            0.3267289639547041,
            0.3940400547587121,
            0.5400053515596422,
            0.682126449995168,
            0.5236566074346707,
            0.9970039754480348,
            0.8229734143571745
        ],
        "stop_probability_scale": [
            0.0024063579356897735,
            0.00547107196177582,
            0.003243699280671808,
            0.001178991500622617,
            0.009394176664053946,
            0.006530092161394715,
            0.002913550717422164,
            0.004569678795409014,
            0.009986766243746241,
            0.0036007365977507788,
            0.0026353283542737446,
            0.0007717815798588774,
            0.002663357451060138,
            0.004483315016047595,
            0.002110192095741814,
            0.0049727544967498455,
            0.0061956856747480415,
            0.006192293402815087,
            0.01072819766095201,
            0.0022064859015480704,
            0.000959344173730392,
            0.008594130655370432,
            0.008881381689872125,
            0.010596121278825286
        ],
        "stop_probability_growth": [
            0.9789424541949368,
            0.8435877501234854,
            0.9352874594717644,
            1.077249481918816,
            0.755085577112987,
            0.8133515589637712,
            0.9492747629425144,
            0.8635969078642933,
            0.7619660444908778,
            0.9155015180344312,
            0.9564800787702374,
            1.1514320677872334,
            0.9700594784831571,
            0.8814007394536896,
            0.9902534447113673,
            0.8688332986522438,
            0.8153935921409916,
            0.8279101034572793,
            0.7330723356747146,
            0.9881163771471906,
            1.1166777313051575,
            0.7674027796836316,
            0.7708345528801184,
            0.7497735934324297
        ],
        "choice_sensitivity": [
            4.560090479244302,
            4.469583205736676,
            18.920108787022627,
            13.294255511490235,
            11.873441766322607,
            17.421299528369907,
            21.457767508365315,
            18.1003293140521,
            14.207309074785293,
            20.4758150284689,
            16.718891363078264,
            39.109576417550244,
            12.422176626598876,
            27.746576622794176,
            4.6843760297790595,
            11.792744747821153,
            18.369195425181527,
            22.557084286944978,
            15.500629350525642,
            16.685761007966036,
            8.46718974184013,
            6.477125957090365,
            0.7146243717320573,
            7.989919088823726
        ],
        "primacy_scale": [
            0.8846583626936777,
            0.9405670898583054,
            0.010541095964214224,
            0.020625805439934197,
            0.006444220309795412,
            0.006162281780305534,
            0.011037292797134057,
            0.004091416232085976,
            0.007503371064458975,
            0.011615118610031061,
            0.017949643196516263,
            0.0032553146090492646,
            0.005344776239516854,
            0.009546193222604415,
            66.20249156545036,
            0.0007813373625467079,
            0.004528579288248125,
            0.0055326892714619115,
            0.004723625733880965,
            0.013117387453966955,
            0.011548709969773086,
            0.05088356724044729,
            64.35149305345378,
            86.87005092482977
        ],
        "primacy_decay": [
            0.23528318086262345,
            0.17730241737795893,
            39.72231912435742,
            1.6735762843287247,
            34.0424353390558,
            0.9600849155993885,
            0.6763223440294439,
            79.36295853984019,
            12.23588331902554,
            85.12743867550944,
            0.8273657172310607,
            79.47402016832545,
            29.730069257804853,
            92.51457196468755,
            0.06438878702868323,
            55.27045399785071,
            49.43664073044722,
            11.311188587993179,
            26.68692300978658,
            1.7282985335994283,
            66.67294237405437,
            48.26518283278099,
            0.7742265833437116,
            0.0628302774799465
        ],
        "start_drift_rate": [
            1.0,
            1.0,
            1.0,
            1.0,
            1.0,
            1.0,
            1.0,
            1.0,
            1.0,
            1.0,
            1.0,
            1.0,
            1.0,
            1.0,
            1.0,
            1.0,
            1.0,
            1.0,
            1.0,
            1.0,
            1.0,
            1.0,
            1.0,
            1.0
        ],