{
    "fixed": {
        "start_drift_rate": 1.0,
        "shared_support": 0.0,
        "item_support": 0.0,
        "learning_rate": 0.0,
        "primacy_scale": 0.0,
        "primacy_decay": 0.0,
        "encoding_drift_decrease": 1.0,
        "allow_repeated_recalls": 1.0
    },
    "free": {
        "encoding_drift_rate": [
            2.220446049250313e-16,
            0.9999999999999998
        ],
        "start_drift_rate": [
            2.220446049250313e-16,
            0.9999999999999998
        ],
        "recall_drift_rate": [
            2.220446049250313e-16,
            0.9999999999999998
        ],
        "shared_support": [
            2.220446049250313e-16,
            100.0
        ],
        "item_support": [
            2.220446049250313e-16,
            100.0
        ],
        "learning_rate": [
            2.220446049250313e-16,
            0.9999999999999998
        ],
        "primacy_scale": [
            2.220446049250313e-16,
            100.0
        ],
        "primacy_decay": [
            2.220446049250313e-16,
            100.0
        ],
        "stop_probability_scale": [
            2.220446049250313e-16,
            0.9999999999999998
        ],
        "stop_probability_growth": [
            2.220446049250313e-16,
            10.0
        ],
        "choice_sensitivity": [
            2.220446049250313e-16,
            100.0
        ],
        "encoding_drift_decrease": [
            2.220446049250313e-16,
            0.9999999999999998
        ]
    },
    "fitness": [
        683.1451416015625,
        906.7701416015625,
        748.776611328125,
        623.746337890625,
        719.6109619140625,
        881.749267578125,
        938.493896484375,
        854.6580810546875,
        843.830322265625,
        895.2705688476562,
        758.3629150390625,
        671.8358764648438,
        847.409912109375,
        1015.0906982421875,
        823.665771484375,
        759.1405029296875,
        812.8109130859375,
        1102.3096923828125,
        870.2467651367188,
        512.857177734375,
        562.138916015625,
        1153.3734130859375,
        942.4522094726562,
        628.250244140625
    ],
    "fits": {
        "encoding_drift_rate": [
            0.9485874095857277,
            0.5052697770874063,
            0.8605705577645035,
            0.8012257756286624,
            0.8962871989457124,
            0.7158172863346882,
            0.6650680367554862,
            0.908792256392724,
            0.9466974288842432,
            0.5478747594894762,
            0.9500809174015403,
            0.5877655137313265,
            0.8168398500736547,
            0.8139329133391446,
            0.825553100966685,
            0.3928834153371019,
            0.42255892303961007,
            0.7014039730484738,
            0.7977863577384174,
            0.853748324910794,
            0.7230705555046124,
            0.8181362832443844,
            0.7665599983157196,
            0.5687226780824616
        ],
        "start_drift_rate": [
            0.7031662682142182,
            0.7514563668984932,
            0.7489278689986956,
            0.42375123676505433,
            0.7702033897856366,
            0.6130584153021132,
            0.9006327950239978,
            0.8864591611408994,
            0.8847492734849463,
            0.5517783801955436,
            0.8257665111002168,
            0.5716023373271876,
            0.7392980010624841,
            0.8929443120064893,
            0.7121549430172598,
            0.5126374664603002,
            0.06831550062213293,
            0.14900706974567102,
            0.9155646864621527,
            0.6334613734251129,
            0.5020434728786808,
            0.7707608236618383,
            0.7556250693650084,
            0.17029890171973316
        ],
        "recall_drift_rate": [
            0.8327162791849341,
            0.40892308818511125,
            0.753756795626057,
            0.4565819840543525,
            0.7289837500675869,
            0.6239804542149225,
            0.5248587217657915,
            0.5414060998767828,
            0.5986124976957817,
            0.4170639516041044,
            0.41834061665213756,
            0.44071977258065065,
            0.36542178769891803,
            0.7347917742784981,
            0.7704069594507049,
            0.5231387440314011,
            0.860538516073625,
            0.24437199813169497,
            0.681311801968208,
            0.7258728543058165,
            0.2837262952661942,
            0.5221354447094848,
            0.8134162261029492,
            0.3960234491272955
        ],
        "shared_support": [
            86.55484109053589,
            39.934435903281106,
            64.34855277576035,
            80.46105269799776,
            47.60765074522415,
            81.8433689733519,
            21.5568371454112,
            67.67342293500852,
            63.52388433850026,
            87.45175395801638,
            75.97946060957986,
            4.5886750293011715,
            92.32536563436418,
            8.472618361277519,
            54.607640594982,
            74.62871756197528,
            48.74641162803607,
            95.02416607760003,
            31.598689616775705,
            17.27073581927514,
            2.7484847643311525,
            35.66355603525201,
            96.35600225019176,
            11.00663434679251
        ],
        "item_support": [
            54.31651001699106,
            23.56071141627843,
            39.81786429939453,
            13.135499658579086,
            10.926591172265923,
            46.17634447485197,
            11.427142136728826,
            35.0020929838137,
            19.610721375229907,
            4.840468011897606,
            22.36345977793005,
            1.6131539390513225,
            32.4825842430067,
            6.9788892912089935,
            32.77615752082556,
            31.075818241100862,
            20.5949687163839,
            29.79576110879474,
            12.393651689815414,
            9.554274600031768,
            0.34282569257611095,
            10.926650942812202,
            72.28733961225475,
            1.160011023532462
        ],
        "learning_rate": [
            0.0007474273040489003,
            0.5677129690972306,
            0.02484381936591725,
            0.7494516092041861,
            0.0015177329917191687,
            0.7367382085665461,
            0.623807011817374,
            0.701660175770918,
            0.737219374312248,
            0.6740328443547783,
            0.6906047283129298,
            0.732821543106622,
            0.6500812845202062,
            0.02893635578191108,
            0.003985184499319666,
            0.8090512201975865,
            0.0009078366219161249,
            0.7696358236408846,
            0.11995453475694651,
            0.0012613986814382638,
            0.6637107173577029,
            0.7007864297687122,
            0.007709937432974168,
            0.8290512754168606
        ],
        "primacy_scale": [
            18.128166066533336,
            9.496989334572675,
            20.712171331638423,
            56.0854847692197,
            22.888471760633905,
            28.936756816944154,
            6.0688322281423766,
            25.035172416797515,
            35.461844754359916,
            47.214190332779204,
            43.70851281618172,
            2.2144991047242684,
            42.47539094291828,
            0.062210409044183734,
            18.676289842089023,
            24.758622962135114,
            67.79610640007009,
            0.7140662475144381,
            13.108676448836,
            4.519459428321895,
            0.08107137032980205,
            16.708315496959287,
            26.183677032442965,
            6.337874416840798
        ],