{
    "fixed": {
        "start_drift_rate": 1.0,
        "shared_support": 0.0,
        "item_support": 0.0,
        "learning_rate": 0.0,
        "primacy_scale": 0.0,
        "primacy_decay": 0.0,
        "encoding_drift_decrease": 1.0,
        "allow_repeated_recalls": 1.0
    },
    "free": {
        "encoding_drift_rate": [
            2.220446049250313e-16,
            0.9999999999999998
        ],
        "recall_drift_rate": [
            2.220446049250313e-16,
            0.9999999999999998
        ],
        "stop_probability_scale": [
            2.220446049250313e-16,
            0.9999999999999998
        ],
        "stop_probability_growth": [
            2.220446049250313e-16,
            10.0
        ],
        "choice_sensitivity": [
            2.220446049250313e-16,
            100.0
        ]
    },
    "fitness": [
        1701.89794921875,
        1760.345458984375,
        1722.36083984375,
        1746.537109375,
        1644.9703369140625,
        1724.365966796875,
        1795.5921630859375,
        1771.368408203125,
        1656.439697265625,
        1771.36328125,
        1757.6280517578125,
        1718.68994140625,
        1786.3583984375,
        1787.7373046875,
        1799.82421875,
        1705.9478759765625,
        1722.1929931640625,
        1765.695556640625,
        1714.8182373046875,
        1655.2723388671875,
        1708.3575439453125,
        1807.1446533203125,
        1703.308837890625,
        1513.2484130859375
    ],
    "fits": {
        "encoding_drift_rate": [
            0.18429274092724518,
            0.11386867547269665,
            0.11040284516013806,
            0.16769348875287798,
            0.12833349461513588,
            0.14326984088142075,
            0.12801811537138558,
            0.11166559983892697,
            0.14435116281856125,
            0.11259318380624334,
            0.13476777400403706,
            0.14514272766024294,
            0.13804228049158035,
            0.09882524155240868,
            0.1265006485715688,
            0.12224395151017778,
            0.1101931331361209,
            0.10609100837646307,
            0.11529065172546782,
            0.1419802718624683,
            0.12402065771555842,
            0.1001490973767406,
            0.1235086139043116,
            0.11520417568219454
        ],
        "recall_drift_rate": [
            0.3773690656750769,
            0.1983835024598317,
            0.23225019720670637,
            0.37078946954376973,
            0.2294869029999339,
            0.24686643568054223,
            0.23073911378334466,
            0.19334102569199516,
            0.24482681970337783,
            0.21618070094449943,
            0.2637470000083749,
            0.3458443491680266,
            0.2312286653294737,
            0.18246929010383767,
            0.2435830658328213,
            0.21555381722507033,
            0.2147750972379169,
            0.1756707421719768,
            0.18380279163882135,
            0.3240559060174799,
            0.3071936352984037,
            0.16754015700562314,
            0.20747503111121,
            0.2620889131690448
        ],
        "stop_probability_scale": [
            0.0026620283784392668,
            0.006747139269914947,
            0.002540451484633306,
            0.0009352244386595654,
            0.008205778225498736,
            0.007772587492409111,
            0.0034899772513112166,
            0.004415532251262099,
            0.010124570367854616,
            0.0038028721023634637,
            0.0021835489669123193,
            0.0011362028789045312,
            0.0023761333437582683,
            0.0038513588170380197,
            0.002735316003209509,
            0.004042728813449124,
            0.005477690743784919,
            0.006909847035245842,
            0.010342113592956245,
            0.0019392235475876483,
            0.0006509595456931083,
            0.009233902287986873,
            0.008998738879761839,
            0.009625443059659823
        ],
        "stop_probability_growth": [
            0.9631306087237642,
            0.8086616472078436,
            0.9782200598780557,
            1.1142759783917384,
            0.7787520659420188,
            0.7865633658232118,
            0.916553062341861,
            0.8758543407503669,
            0.7559715453907625,
            0.9006651780224946,
            0.9938964429735542,
            1.0829515264861793,
            0.9901618311571179,
            0.9044829078880259,
            0.9480495202488726,
            0.9036705282431576,
            0.8404927236806516,
            0.8093976138772305,
            0.735792461316203,
            1.0130213564746353,
            1.1785729279479047,
            0.7538368919479748,
            0.7682659103708724,
            0.7649614771372217
        ],
        "choice_sensitivity": [
            30.293986471977806,
            74.16203156823448,
            81.81078062907854,
            37.93020361961324,
            67.23798712995199,
            50.0977084913391,
            59.161998111944804,
            82.69030306949722,
            50.65066578246022,
            74.37594358778394,
            54.570820073969,
            52.32265383756371,
            51.413885866227616,
            92.74262606295511,
            63.4141642864674,
            70.37130236320638,
            84.95567773068322,
            84.55432138292876,
            78.72390303611463,
            56.56425818724337,
            68.78132382666621,
            77.55861525950793,
            64.64595365663443,
            89.79630506306015
        ],
        "start_drift_rate": [
            1.0,
            1.0,
            1.0,
            1.0,
            1.0,
            1.0,
            1.0,
            1.0,
            1.0,
            1.0,
            1.0,
            1.0,
            1.0,
            1.0,
            1.0,
            1.0,
            1.0,
            1.0,
            1.0,
            1.0,
            1.0,
            1.0,
            1.0,
            1.0
        ],
        "shared_support": [
            0.0,
            0.0,
            0.0,
            0.0,
            0.0,
            0.0,
            0.0,
            0.0,
            0.0,
            0.0,
            0.0,
            0.0,
            0.0,
            0.0,
            0.0,
            0.0,
            0.0,
            0.0,
            0.0,
            0.0,
            0.0,
            0.0,
            0.0,
            0.0
        ],
        "item_support": [
            0.0,
            0.0,
            0.0,
            0.0,
            0.0,
            0.0,
            0.0,
            0.0,
            0.0,
            0.0,
            0.0,
            0.0,
            0.0,
            0.0,
            0.0,
            0.0,
            0.0,
            0.0,
            0.0,
            0.0,
            0.0,
            0.0,
            0.0,
            0.0
        ],
        "learning_rate": [
            0.0,
            0.0,
            0.0,
            0.0,
            0.0,
            0.0,
            0.0,
            0.0,
            0.0,
            0.0,
            0.0,
            0.0,
            0.0,
            0.0,
            0.0,
            0.0,
            0.0,
            0.0,
            0.0,
            0.0,
            0.0,
            0.0,
            0.0,
            0.0
        ],
        "primacy_scale": [
            0.0,
            0.0,
            0.0,
            0.0,
            0.0,
            0.0,
            0.0,
            0.0,
            0.0,
            0.0,
            0.0,
            0.0,
            0.0,
            0.0,
            0.0,
            0.0,
            0.0,
            0.0,
            0.0,
            0.0,
            0.0,
            0.0,
            0.0,
            0.0
        ],