{
    "fixed": {
        "start_drift_rate": 1.0,
        "shared_support": 0.0,
        "item_support": 0.0,
        "learning_rate": 0.0,
        "primacy_scale": 0.0,
        "primacy_decay": 0.0,
        "encoding_drift_decrease": 1.0,
        "allow_repeated_recalls": 1.0
    },
    "free": {
        "encoding_drift_rate": [
            2.220446049250313e-16,
            0.9999999999999998
        ],
        "start_drift_rate": [
            2.220446049250313e-16,
            0.9999999999999998
        ],
        "recall_drift_rate": [
            2.220446049250313e-16,
            0.9999999999999998
        ],
        "shared_support": [
            2.220446049250313e-16,
            100.0
        ],
        "item_support": [
            2.220446049250313e-16,
            100.0
        ],
        "learning_rate": [
            2.220446049250313e-16,
            0.9999999999999998
        ],
        "primacy_scale": [
            2.220446049250313e-16,
            100.0
        ],
        "primacy_decay": [
            2.220446049250313e-16,
            100.0
        ],
        "choice_sensitivity": [
            2.220446049250313e-16,
            100.0
        ]
    },
    "fitness": [
        689.1985473632812,
        940.5641479492188,
        756.353515625,
        571.1986083984375,
        776.9901123046875,
        923.0264892578125,
        968.350341796875,
        909.0951538085938,
        932.5269775390625,
        902.2579345703125,
        785.1346435546875,
        592.4437866210938,
        900.6594848632812,
        1067.290771484375,
        805.8806762695312,
        798.917724609375,
        834.9891357421875,
        1092.7872314453125,
        920.5452270507812,
        470.52996826171875,
        496.998046875,
        1272.40185546875,
        1017.9373779296875,
        669.770751953125
    ],
    "fits": {
        "encoding_drift_rate": [
            0.31634978054374263,
            0.05780851617934485,
            0.10226821992360663,
            0.0914265016106855,
            0.27444302632693074,
            0.29047663673051327,
            0.10156981733044423,
            0.09004045765820184,
            0.18450524042796407,
            0.06144923713327749,
            0.08742715674930729,
            0.09850024074116662,
            0.07987408042502918,
            0.05431485009050373,
            0.12310713653372113,
            0.14134956782968117,
            0.2782330192525485,
            0.16245158001744137,
            0.26999013658036847,
            0.08022559192621403,
            0.09835590377554293,
            0.2949840773356003,
            0.3262126373592611,
            0.34208306736834015
        ],
        "start_drift_rate": [
            0.014280928609632926,
            0.9972257087745229,
            0.9999474828885395,
            0.999963500564426,
            0.005694854117733028,
            0.034710651529726744,
            0.9997052546163993,
            0.9998643725542677,
            0.99994325836572,
            0.9984391383670822,
            0.9999026715918474,
            0.9997913976142399,
            0.9984942669743788,
            0.9761758338328214,
            0.9997652817930603,
            0.9797129259388081,
            0.030430432777438454,
            0.9984099263964827,
            0.9815745211996572,
            0.9997869748102572,
            0.9996318902829611,
            0.04434523238915772,
            0.016123402543221532,
            2.220446049250313e-16
        ],
        "recall_drift_rate": [
            0.8076645052261433,
            0.6384277831556384,
            0.5672410321529003,
            0.6416948562121394,
            0.7540200176121199,
            0.7771055553494075,
            0.5962843717955589,
            0.5870987001323112,
            0.6539523803446421,
            0.633161992308277,
            0.5525235225069135,
            0.6265722301115566,
            0.552549524196201,
            0.6262014074381719,
            0.6499195425745572,
            0.6623478393703195,
            0.7953987351825769,
            0.7639387154723075,
            0.6540654104519681,
            0.5977966358592586,
            0.5810886844505838,
            0.8051949300651342,
            0.7978622026381262,
            0.7331453067337935
        ],
        "shared_support": [
            44.112878644586914,
            34.2005738787015,
            33.38963951142878,
            12.992024778941534,
            92.49613490809318,
            89.6422122168025,
            54.143070965236284,
            60.30415043772253,
            14.101532948886046,
            15.731191869256108,
            7.893021052380938,
            11.159055671840797,
            39.306801554104666,
            25.2963071956492,
            7.706026717762519,
            49.474070195414605,
            38.02833931710885,
            24.431659212752123,
            56.75305350439892,
            24.71016830709854,
            15.254489257695063,
            92.30926029912298,
            94.00527327482126,
            95.77972715511581
        ],
        "item_support": [
            2.759119421192757,
            23.032252538343005,
            11.137395844323322,
            0.1947406296060663,
            68.62211811484639,
            69.3421478908877,
            36.26232104282006,
            45.78996355151864,
            6.097547753064106,
            4.251827184849546,
            3.52040467442869,
            0.6684399232413227,
            23.796403198316384,
            16.362912028972545,
            0.009374373280458315,
            25.68760032305823,
            3.183772041358445,
            3.7559489636750527,
            26.81260783690994,
            8.432509048423661,
            0.13425299038964056,
            70.10586896968148,
            71.33882841245342,
            73.28102110049454
        ],
        "learning_rate": [
            0.04929121977768269,
            0.1434404739286252,
            0.25640159780920735,
            0.3667432535668738,
            0.057590990439908514,
            0.07248745018174693,
            0.4153658970497708,
            0.17065001787113526,
            0.21238685704755855,
            0.3445636197308668,
            0.37157861345498994,
            0.4008658814611821,
            0.18280097276628593,
            0.23972844955192232,
            0.312586976850489,
            0.09252109479437122,
            0.023891832092360066,
            0.11161267638527961,
            0.033198105097282646,
            0.16711101721005556,
            0.3527117261490766,
            0.02025158545425554,
            0.00017609778858228243,
            2.220446049250313e-16
        ],
        "primacy_scale": [
            98.58240053804718,
            88.16976108057324,
            98.54708040082917,
            93.71636638815752,
            59.67328475421567,
            55.127854642788066,
            96.56041355259998,
            78.78362792991756,
            21.79483305511646,
            86.35002891606452,
            24.484080112383253,
            84.10805872183954,
            84.24704846038065,
            97.97470968776415,
            36.7744155915982,
            88.38743655170528,
            96.77849303344993,
            79.29454315549766,
            57.82712219265446,
            95.12594806718502,
            97.66260056797643,
            55.13275795258191,
            56.198856803892504,
            56.640090605370744
        ],