{
    "fixed": {
        "start_drift_rate": 1.0,
        "shared_support": 0.0,
        "item_support": 0.0,
        "learning_rate": 0.0,
        "primacy_scale": 0.0,
        "primacy_decay": 0.0,
        "encoding_drift_decrease": 1.0,
        "allow_repeated_recalls": 1.0
    },
    "free": {
        "encoding_drift_rate": [
            2.220446049250313e-16,
            0.9999999999999998
        ],
        "start_drift_rate": [
            2.220446049250313e-16,
            0.9999999999999998
        ],
        "recall_drift_rate": [
            2.220446049250313e-16,
            0.9999999999999998
        ],
        "shared_support": [
            2.220446049250313e-16,
            100.0
        ],
        "item_support": [
            2.220446049250313e-16,
            100.0
        ],
        "learning_rate": [
            2.220446049250313e-16,
            0.9999999999999998
        ],
        "primacy_scale": [
            2.220446049250313e-16,
            100.0
        ],
        "primacy_decay": [
            2.220446049250313e-16,
            100.0
        ],
        "stop_probability_scale": [
            2.220446049250313e-16,
            0.9999999999999998
        ],
        "stop_probability_growth": [
            2.220446049250313e-16,
            10.0
        ],
        "choice_sensitivity": [
            2.220446049250313e-16,
            100.0
        ]
    },
    "fitness": [
        684.59375,
        907.1259155273438,
        748.8861694335938,
        628.6260375976562,
        719.4501953125,
        880.7774047851562,
        939.90234375,
        867.97119140625,
        865.973876953125,
        899.7752075195312,
        772.0621948242188,
        673.0614624023438,
        859.0299072265625,
        1015.6923828125,
        825.1848754882812,
        764.2283935546875,
        815.752197265625,
        1027.672119140625,
        869.677978515625,
        513.1768798828125,
        562.1959228515625,
        1175.028076171875,
        943.20947265625,
        630.7216796875
    ],
    "fits": {
        "encoding_drift_rate": [
            0.9186397126828914,
            0.44141081356764833,
            0.4722164724748161,
            0.722524003742435,
            0.8779100641645212,
            0.7361425610030021,
            0.6578683046191691,
            0.583042353501252,
            0.5147338586753483,
            0.7718292979670328,
            0.7772372338863796,
            0.5615619169758277,
            0.6472610564537657,
            0.815661230503852,
            0.7048670724576296,
            0.6668588107756221,
            0.48506828822900744,
            0.76170716022946,
            0.7139641696191493,
            0.734365198639745,
            0.4877334025849043,
            0.27840174442625454,
            0.7094239977902846,
            0.45885760026502054
        ],
        "start_drift_rate": [
            0.7192901591260513,
            0.7913057864752195,
            0.21979829412838225,
            0.6706972912448768,
            0.7462248599333997,
            0.7009539169406757,
            0.9240796034306105,
            0.9436050635709059,
            0.9120702368872917,
            0.8694332975877299,
            0.8030633736253492,
            0.6684211428509983,
            0.8312017252148534,
            0.9066854685053556,
            0.7541600368930997,
            0.8821329665157462,
            0.28641285800691396,
            0.8318666279158637,
            0.9044214862785287,
            0.5738361775667198,
            0.6144541067097276,
            0.7865905892841891,
            0.7143983084803119,
            0.41636037633499096
        ],
        "recall_drift_rate": [
            0.8393902610979391,
            0.4442496558299568,
            0.7812944095965846,
            0.7695122414194255,
            0.7366293633855739,
            0.8491425813148255,
            0.562578650654829,
            0.5870166175771953,
            0.6028631592812272,
            0.7134508916254264,
            0.7157787824031225,
            0.5032592975224672,
            0.631886881246569,
            0.7460522677832577,
            0.7987487045473655,
            0.6501465272203739,
            0.8541732879482189,
            0.8414914638641878,
            0.687478831533644,
            0.7204756257849658,
            0.3051275649281555,
            0.5407001451660299,
            0.8533616590529929,
            0.4893172892639782
        ],
        "shared_support": [
            72.36040253255152,
            9.53427229337462,
            12.983285195271073,
            89.20328053523019,
            21.03055508768318,
            94.52720307844149,
            64.69298751703802,
            97.98775446460759,
            96.97750577725684,
            55.27065415465869,
            71.07431647931992,
            3.6941207275493753,
            83.53322586960775,
            58.44712660489901,
            80.59523324132624,
            98.15451765660367,
            7.4473389383824795,
            90.4582627879818,
            84.85423828367107,
            10.541531621354807,
            72.45999966814122,
            63.875261561123,
            81.31346793591031,
            3.490163819943703
        ],
        "item_support": [
            33.02354754303059,
            6.129170392742708,
            9.094996530662904,
            61.404535564160945,
            13.087935348536575,
            65.79958775370275,
            49.43218968898361,
            71.85141146746709,
            74.48214799275445,
            40.948933930742754,
            52.185884446111075,
            2.0330440464184676,
            57.13828724177344,
            46.52258392534295,
            58.71381112702188,
            66.99332854297148,
            1.8778851583609182,
            71.36303685956702,
            66.76607600946821,
            5.8560816247874214,
            5.105188277516454,
            41.873988449094455,
            67.87022719174514,
            1.5566383268107487
        ],
        "learning_rate": [
            0.0009398316239357672,
            0.5077765111019482,
            0.0007715007733429879,
            0.037089934346693686,
            0.0163987439573951,
            0.07122768158930359,
            0.40510837340615724,
            0.32631522726530937,
            0.5384983982532657,
            0.008683628744587859,
            0.039757469909518055,
            0.6163103504840308,
            0.0946372123673505,
            0.020799941746332106,
            0.001675221217880446,
            0.2129852298075571,
            0.0005294695879482012,
            0.005745300713326364,
            0.12154588801235477,
            0.0050422630541842985,
            0.7825529511352414,
            0.7801062960775073,
            0.0023722986114276257,
            0.6616624146520476
        ],
        "primacy_scale": [
            17.811845486015578,
            1.5077724849729257,
            4.432539662706361,
            28.244152039234383,
            4.2621571044928785,
            27.737353433743984,
            9.114138225572653,
            18.944184797163583,
            15.207493595190826,
            7.408400997401522,
            13.196421091453587,
            0.6466688447772881,
            20.038754299211682,
            6.997791953791889,
            19.73913503139358,
            23.263265644308227,
            8.703570156646776,
            16.16952394597638,
            12.49695617428619,
            3.084027694601005,
            29.23763552615825,
            6.722511770537061,
            14.050879778809872,
            1.0171054242372222
        ],