{
    "fixed": {
        "start_drift_rate": 1.0,
        "shared_support": 0.0,
        "item_support": 0.0,
        "learning_rate": 0.0,
        "primacy_scale": 0.0,
        "primacy_decay": 0.0,
        "encoding_drift_decrease": 1.0,
        "allow_repeated_recalls": 1.0
    },
    "free": {
        "encoding_drift_rate": [
            2.220446049250313e-16,
            0.9999999999999998
        ],
        "recall_drift_rate": [
            2.220446049250313e-16,
            0.9999999999999998
        ],
        "choice_sensitivity": [
            2.220446049250313e-16,
            100.0
        ],
        "shared_support": [
            2.220446049250313e-16,
            100.0
        ],
        "item_support": [
            2.220446049250313e-16,
            100.0
        ],
        "primacy_scale": [
            2.220446049250313e-16,
            100.0
        ],
        "primacy_decay": [
            2.220446049250313e-16,
            100.0
        ]
    },
    "fitness": [
        705.9177856445312,
        946.1491088867188,
        764.5548095703125,
        608.6066284179688,
        798.3568115234375,
        947.6355590820312,
        988.5987548828125,
        914.85888671875,
        937.3485107421875,
        929.2719116210938,
        802.705810546875,
        619.3494262695312,
        905.6231079101562,
        1083.014892578125,
        834.6463623046875,
        802.8236694335938,
        845.4541015625,
        1099.549072265625,
        921.1377563476562,
        475.21875,
        520.77587890625,
        1281.0205078125,
        1036.686279296875,
        695.7022705078125
    ],
    "fits": {
        "encoding_drift_rate": [
            0.07564119322127072,
            0.06500858082620936,
            0.1565877065072437,
            0.0999553060457844,
            0.21601287055750035,
            0.23779954959615873,
            0.10490536873925979,
            0.17246346270866508,
            0.2738300773713356,
            0.06619797779851515,
            0.11128903892430633,
            0.10970479498345355,
            0.07670923243454311,
            0.07187638951883013,
            0.18607856263055228,
            0.1947537890729793,
            0.22800776859351662,
            0.23237504586453625,
            0.33068725271356525,
            0.0825650653361691,
            0.11145626998473274,
            0.10706208313372201,
            0.16724941871080257,
            0.16180990773608764
        ],
        "recall_drift_rate": [
            0.5583812945796509,
            0.5573635789937804,
            0.63768595451588,
            0.419021667146016,
            0.6693989219103429,
            0.6841016771224675,
            0.5113489102124534,
            0.5804862682470552,
            0.7123766650090823,
            0.4700144346426071,
            0.4890356591035189,
            0.39232773152908357,
            0.5135102878777261,
            0.5326412670516543,
            0.6566735998921928,
            0.6437504226256436,
            0.6900857683160517,
            0.7449890122848715,
            0.6403959986410203,
            0.5253396074936133,
            0.4024133355845779,
            0.6511175405493228,
            0.678165657127325,
            0.6942818235880874
        ],
        "choice_sensitivity": [
            65.5729748337481,
            77.20587751732478,
            35.50929236664229,
            99.03074028132642,
            25.93096904632755,
            22.453587863955686,
            73.93962082755756,
            45.20263139082386,
            21.385175619664132,
            97.63070643861519,
            59.9015428365538,
            99.22644078741476,
            80.72550508925953,
            71.41644094881327,
            30.10023737774499,
            36.2521225345195,
            25.591562594795942,
            18.304947981846176,
            23.478041482096096,
            89.16612613724931,
            99.84204243832403,
            25.637324592158738,
            22.689963924045138,
            33.82372758345346
        ],
        "shared_support": [
            11.829050833979636,
            43.72541418184679,
            30.416557661836364,
            18.330339108006083,
            35.58236398031752,
            38.3446776446657,
            59.55010359324477,
            65.6727645415036,
            34.7531977543845,
            33.24203696201032,
            26.15722181682518,
            14.550639955557877,
            49.18489412192961,
            31.937018618022627,
            27.22802454420154,
            43.319404630632526,
            35.45823685341808,
            35.3072849685563,
            47.039645011142596,
            22.73764573848127,
            17.82480139442648,
            21.684910271292786,
            26.063101862967127,
            25.597161220004338
        ],
        "item_support": [
            0.21495912632677516,
            28.666903382941566,
            0.0016316251966017603,
            2.552108384901132,
            0.2873146708820613,
            0.5740675339474706,
            40.80127377105186,
            35.23769956036969,
            3.5699721124173323,
            19.057730872301548,
            7.854152441587317,
            0.015799736532471798,
            31.417732621776278,
            20.09859896044004,
            0.07778526194488222,
            15.145550233689399,
            0.19298155653792293,
            0.3423918793679732,
            7.109424172021306,
            7.543955395651736,
            0.5578989446244691,
            3.439649273822461,
            0.24504662762761598,
            2.464468798787671
        ],
        "primacy_scale": [
            68.02378161160178,
            91.96225330579973,
            95.36047128788962,
            90.71601948294438,
            85.77039812958976,
            99.57336342743338,
            91.86519505441365,
            89.96911921903978,
            68.56708898284407,
            99.57518009327997,
            77.39576894551126,
            90.63342770392833,
            92.7918561232668,
            79.27728599170649,
            89.39396705850004,
            79.36084893132363,
            96.29087652586148,
            95.39214841504423,
            63.26090055156223,
            85.63795876416182,
            91.78971462917895,
            75.7387707988945,
            82.24712113593469,
            90.47867343488674
        ],
        "primacy_decay": [
            0.03622822659983882,
            0.03298037027863643,
            0.08313654830963373,
            0.026848457193061392,
            0.10529086422529521,
            0.10320572248539982,
            0.03597997515921151,
            0.07146424745456414,
            0.11716792472142856,
            0.020817915303505814,
            0.04069343432770188,
            0.02394992256977214,
            0.03537635085592421,
            0.02943054791027322,
            0.09103664240441844,
            0.09563252353180901,
            0.10454451788874053,
            0.12673201752973284,
            0.11455448637947263,
            0.03946629439353444,
            0.027543631229847612,
            0.05957261718684877,
            0.08884063785192967,
            0.07840373481144271
        ],
        "start_drift_rate": [
            1.0,
            1.0,
            1.0,
            1.0,
            1.0,
            1.0,
            1.0,
            1.0,
            1.0,
            1.0,
            1.0,
            1.0,
            1.0,
            1.0,
            1.0,
            1.0,
            1.0,
            1.0,
            1.0,
            1.0,
            1.0,
            1.0,
            1.0,
            1.0
        ],