{
    "fixed": {
        "start_drift_rate": 1.0,
        "shared_support": 0.0,
        "item_support": 0.0,
        "learning_rate": 0.0,
        "primacy_scale": 0.0,
        "primacy_decay": 0.0,
        "encoding_drift_decrease": 1.0,
        "allow_repeated_recalls": 1.0
    },
    "free": {
        "encoding_drift_rate": [
            2.220446049250313e-16,
            0.9999999999999998
        ],
        "recall_drift_rate": [
            2.220446049250313e-16,
            0.9999999999999998
        ],
        "choice_sensitivity": [
            2.220446049250313e-16,
            100.0
        ],
        "shared_support": [
            2.220446049250313e-16,
            100.0
        ],
        "item_support": [
            2.220446049250313e-16,
            100.0
        ]
    },
    "fitness": [
        823.2906494140625,
        1019.3719482421875,
        867.014892578125,
        734.230712890625,
        876.0933837890625,
        1011.235595703125,
        1059.286865234375,
        981.6300659179688,
        984.47216796875,
        1026.477783203125,
        891.1144409179688,
        739.7910766601562,
        987.1021118164062,
        1171.14501953125,
        944.8300170898438,
        846.3635864257812,
        925.630859375,
        1169.5985107421875,
        943.727783203125,
        607.2346801757812,
        664.0941162109375,
        1344.7607421875,
        1099.544921875,
        770.7164306640625
    ],
    "fits": {
        "encoding_drift_rate": [
            0.3141072022250236,
            0.44290443896455944,
            0.47443932150594414,
            0.290647988157118,
            0.4779060347847428,
            0.45206998551426153,
            0.5287651898631802,
            0.5682976561727097,
            0.5014533450745634,
            0.3560914720790273,
            0.35904421464769287,
            0.27063071173475683,
            0.438276014604442,
            0.45718808576190423,
            0.44703234475779907,
            0.5569048901832061,
            0.41350900978777017,
            0.48733316660264026,
            0.6037739394731059,
            0.40629250283507407,
            0.2700384134029564,
            0.35840633854681286,
            0.4285832039692634,
            0.362259082776161
        ],
        "recall_drift_rate": [
            0.24224550479315488,
            0.29317237626368187,
            0.34327770186818296,
            0.22180346517477956,
            0.33661598631350487,
            0.36172105935010646,
            0.40551870088922526,
            0.3795224405821667,
            0.378713451796447,
            0.2872850044155887,
            0.24753935636891583,
            0.21729565667835601,
            0.27732208587985796,
            0.36289255984846785,
            0.3438002793368588,
            0.3667349389596696,
            0.31554305691110507,
            0.3920711567840854,
            0.39516479218294426,
            0.2726786006041843,
            0.20619515509686048,
            0.29551454538752386,
            0.3260048310425468,
            0.32001569573824196
        ],
        "choice_sensitivity": [
            52.48252642673135,
            27.34360456935871,
            30.96467981338033,
            73.02188842623079,
            26.61234081016957,
            25.15305296823781,
            21.71560960787057,
            21.986254005107853,
            22.093399290819992,
            34.95898358805328,
            42.39635931651491,
            81.88192407279274,
            30.358023336516705,
            22.331695464223234,
            30.32116018841276,
            24.80267567652904,
            31.115857618194585,
            20.029577671102576,
            21.1279209732815,
            48.17848895570227,
            89.10221214249742,
            23.563266651823568,
            24.296571942956085,
            42.31355428465653
        ],
        "shared_support": [
            0.7145668571447814,
            1.223445080784785,
            1.1078960770185518,
            0.5273548304293811,
            1.1757498112144162,
            0.8674608328018607,
            1.0705100557689065,
            1.2983790381533993,
            1.1555832647099047,
            0.8727324387693329,
            0.8311561267491854,
            0.45911613368638626,
            1.1398171028037396,
            0.9730764148043392,
            0.8504162928475978,
            1.2204501274457868,
            0.8677393183069242,
            0.9548262192542367,
            1.5152622880590911,
            0.9343684042730445,
            0.5506224591478457,
            0.8010462262884843,
            0.8904292761515862,
            0.7682278685505421
        ],
        "item_support": [
            0.010011365009120254,
            0.06780923265158378,
            0.006187436162697679,
            0.014944267256908006,
            0.008595832748930832,
            0.0025165846194710184,
            0.025957844322206824,
            0.03203636835934276,
            0.03481201219966579,
            0.025198424329545333,
            0.02533824849703592,
            0.047619425708965935,
            0.02614602527253851,
            0.006209324527823412,
            0.013680959722904618,
            0.0005564024513660115,
            0.0005922268196485447,
            0.006716279308690787,
            0.05448011682970133,
            0.01178103052281898,
            0.074845085063032,
            0.013502092995956616,
            0.002458747198311073,
            0.10042059195595954
        ],
        "start_drift_rate": [
            1.0,
            1.0,
            1.0,
            1.0,
            1.0,
            1.0,
            1.0,
            1.0,
            1.0,
            1.0,
            1.0,
            1.0,
            1.0,
            1.0,
            1.0,
            1.0,
            1.0,
            1.0,
            1.0,
            1.0,
            1.0,
            1.0,
            1.0,
            1.0
        ],
        "learning_rate": [
            0.0,
            0.0,
            0.0,
            0.0,
            0.0,
            0.0,
            0.0,
            0.0,
            0.0,
            0.0,
            0.0,
            0.0,
            0.0,
            0.0,
            0.0,
            0.0,
            0.0,
            0.0,
            0.0,
            0.0,
            0.0,
            0.0,
            0.0,
            0.0
        ],
        "primacy_scale": [
            0.0,
            0.0,
            0.0,
            0.0,
            0.0,
            0.0,
            0.0,
            0.0,
            0.0,
            0.0,
            0.0,
            0.0,
            0.0,
            0.0,
            0.0,
            0.0,
            0.0,
            0.0,
            0.0,
            0.0,
            0.0,
            0.0,
            0.0,
            0.0
        ],
        "primacy_decay": [
            0.0,
            0.0,
            0.0,
            0.0,
            0.0,
            0.0,
            0.0,
            0.0,
            0.0,
            0.0,
            0.0,
            0.0,
            0.0,
            0.0,
            0.0,
            0.0,
            0.0,
            0.0,
            0.0,
            0.0,
            0.0,
            0.0,
            0.0,
            0.0
        ],
        "encoding_drift_decrease": [
            1.0,
            1.0,
            1.0,
            1.0,
            1.0,
            1.0,
            1.0,
            1.0,
            1.0,
            1.0,
            1.0,
            1.0,
            1.0,
            1.0,
            1.0,
            1.0,
            1.0,
            1.0,
            1.0,
            1.0,
            1.0,
            1.0,
            1.0,
            1.0
        ],