{
    "fixed": {
        "start_drift_rate": 1.0,
        "shared_support": 0.0,
        "item_support": 0.0,
        "learning_rate": 0.0,
        "primacy_scale": 0.0,
        "primacy_decay": 0.0,
        "encoding_drift_decrease": 1.0,
        "allow_repeated_recalls": 1.0
    },
    "free": {
        "encoding_drift_rate": [
            2.220446049250313e-16,
            0.9999999999999998
        ],
        "recall_drift_rate": [
            2.220446049250313e-16,
            0.9999999999999998
        ],
        "choice_sensitivity": [
            2.220446049250313e-16,
            100.0
        ],
        "primacy_scale": [
            2.220446049250313e-16,
            100.0
        ],
        "primacy_decay": [
            2.220446049250313e-16,
            100.0
        ],
        "start_drift_rate": [
            2.220446049250313e-16,
            0.9999999999999998
        ]
    },
    "fitness": [
        1798.703857421875,
        1875.47314453125,
        1845.515625,
        1832.071044921875,
        1764.418212890625,
        1837.857666015625,
        1917.1064453125,
        1894.1788330078125,
        1791.094970703125,
        1873.4119873046875,
        1869.5101318359375,
        1805.6505126953125,
        1936.025390625,
        1913.069580078125,
        1892.364013671875,
        1831.14697265625,
        1821.34423828125,
        1904.8895263671875,
        1827.66943359375,
        1761.93310546875,
        1814.0791015625,
        1926.22509765625,
        1827.94677734375,
        1632.2464599609375
    ],
    "fits": {
        "encoding_drift_rate": [
            0.16643013779198862,
            0.09563848896732646,
            0.16224073040404724,
            0.16280617135320924,
            0.15822440121951742,
            0.14873975244345683,
            0.12634684258971285,
            0.15245230099629398,
            0.1861961646591646,
            0.08777306436038523,
            0.19001921526530874,
            0.2302352202225061,
            0.11104979380988106,
            0.07047736993041986,
            0.16189693885838036,
            0.21383709679195173,
            0.17556132598038893,
            0.1088654626179284,
            0.18881972290504945,
            0.17281079646137149,
            0.19775136931253243,
            0.09743408755531642,
            0.10223706942834074,
            0.07963971066367742
        ],
        "recall_drift_rate": [
            0.8009945477514039,
            0.6247262065574337,
            0.5786267895894077,
            0.5441970813347401,
            0.6886837672104403,
            0.5377936756788941,
            0.5260871444030207,
            0.3826577366654462,
            0.4288572824094522,
            0.6071700472872948,
            0.6902521248850833,
            0.683950209705874,
            0.5373837223230473,
            0.6374899196373431,
            0.6928479969561551,
            0.45804455295356167,
            0.5119835048815214,
            0.4564127656171759,
            0.3280214693644792,
            0.708629923201762,
            0.7064861468479139,
            0.5225322266666483,
            0.5688888849938347,
            0.9888680698426147
        ],
        "choice_sensitivity": [
            7.590933887636261,
            17.86953287719242,
            17.448022501965717,
            22.839517313130823,
            11.473261131915137,
            17.97828240316315,
            21.911008562351398,
            31.898299687183613,
            21.778291391856513,
            22.328484041390652,
            10.19771998929113,
            11.93833512053343,
            21.86236717729978,
            21.73524289008405,
            10.93516516743577,
            19.58961655649064,
            19.85576215975662,
            28.796088803704812,
            29.334401036672453,
            12.871907073834535,
            12.561742766865258,
            21.739223156783304,
            21.731543886787897,
            2.0239505988259765
        ],
        "primacy_scale": [
            15.551128156754487,
            68.58807283850209,
            61.03037466238912,
            96.16759835447976,
            39.76612165749549,
            48.74775862944896,
            4.248682773603515,
            74.92027854545181,
            80.16866399589055,
            23.089589680391732,
            61.35237480799944,
            28.35419657142133,
            36.191724415970796,
            50.42625241858818,
            54.09752397513138,
            97.64698583871545,
            56.31921925077849,
            40.94114192251335,
            37.957721526836465,
            78.62767540559419,
            27.563061685995343,
            73.95100028443302,
            0.31522404558463657,
            10.218871256227082
        ],
        "primacy_decay": [
            0.07364020949870564,
            0.02757528308703172,
            0.022268274288599343,
            0.0163907134187653,
            0.041543689271314375,
            0.02229817649435092,
            0.023210955784257362,
            0.008814887302273453,
            0.009326616335044946,
            0.022916137220609617,
            0.045212972027883325,
            0.033467713124970544,
            0.02138450317813168,
            0.0243226807386705,
            0.04611004563052769,
            0.0102171393609245,
            0.016221622246803236,
            0.014204504577104001,
            0.003143804891443866,
            0.03918080602205265,
            0.03636971057786553,
            0.01872162789871435,
            0.10794947388971075,
            0.3837297356794236
        ],
        "start_drift_rate": [
            0.9997291266169607,
            0.99970473047332,
            0.9999633426623631,
            0.9999848984490507,
            0.9998435921206603,
            0.9994993268938905,
            0.9998341286037009,
            0.9996902608957765,
            0.9999464003780821,
            0.9998323353336263,
            0.9999825667998031,
            0.9999079911526556,
            0.9995221274867312,
            0.9917514723615759,
            0.9998878383366773,
            0.9999732521491526,
            0.9994141785541049,
            0.9992383079613745,
            0.9999078482851362,
            0.9994671244397694,
            0.9999237826300362,
            0.9970613870463082,
            0.9997493197927078,
            0.9750548861235268
        ],
        "shared_support": [
            0.0,
            0.0,
            0.0,
            0.0,
            0.0,
            0.0,
            0.0,
            0.0,
            0.0,
            0.0,
            0.0,
            0.0,
            0.0,
            0.0,
            0.0,
            0.0,
            0.0,
            0.0,
            0.0,
            0.0,
            0.0,
            0.0,
            0.0,
            0.0
        ],
        "item_support": [
            0.0,
            0.0,
            0.0,
            0.0,
            0.0,
            0.0,
            0.0,
            0.0,
            0.0,
            0.0,
            0.0,
            0.0,
            0.0,
            0.0,
            0.0,
            0.0,
            0.0,
            0.0,
            0.0,
            0.0,
            0.0,
            0.0,
            0.0,
            0.0
        ],
        "learning_rate": [
            0.0,
            0.0,
            0.0,
            0.0,
            0.0,
            0.0,
            0.0,
            0.0,
            0.0,
            0.0,
            0.0,
            0.0,
            0.0,
            0.0,
            0.0,
            0.0,
            0.0,
            0.0,
            0.0,
            0.0,
            0.0,
            0.0,
            0.0,
            0.0
        ],