{
    "fixed": {
        "start_drift_rate": 1.0,
        "shared_support": 0.0,
        "item_support": 0.0,
        "learning_rate": 0.0,
        "primacy_scale": 0.0,
        "primacy_decay": 0.0,
        "encoding_drift_decrease": 1.0,
        "allow_repeated_recalls": 1.0
    },
    "free": {
        "encoding_drift_rate": [
            2.220446049250313e-16,
            0.9999999999999998
        ],
        "start_drift_rate": [
            2.220446049250313e-16,
            0.9999999999999998
        ],
        "recall_drift_rate": [
            2.220446049250313e-16,
            0.9999999999999998
        ],
        "shared_support": [
            2.220446049250313e-16,
            100.0
        ],
        "item_support": [
            2.220446049250313e-16,
            100.0
        ],
        "learning_rate": [
            2.220446049250313e-16,
            0.9999999999999998
        ],
        "primacy_scale": [
            2.220446049250313e-16,
            100.0
        ],
        "primacy_decay": [
            2.220446049250313e-16,
            100.0
        ],
        "choice_sensitivity": [
            2.220446049250313e-16,
            100.0
        ],
        "encoding_drift_decrease": [
            2.220446049250313e-16,
            0.9999999999999998
        ]
    },
    "fitness": [
        686.6646118164062,
        940.9124145507812,
        754.5512084960938,
        564.1907348632812,
        774.795166015625,
        919.9530029296875,
        967.6793212890625,
        907.698486328125,
        924.2689208984375,
        897.6282958984375,
        775.0506591796875,
        590.90673828125,
        900.7806396484375,
        1067.3546142578125,
        806.296630859375,
        796.9088134765625,
        825.2899169921875,
        1092.9625244140625,
        920.8955078125,
        464.7944030761719,
        482.1387634277344,
        1273.4671630859375,
        1017.2371826171875,
        668.755615234375
    ],
    "fits": {
        "encoding_drift_rate": [
            0.32160244949364813,
            0.05861922179639468,
            0.11285023148671242,
            0.10822156064872131,
            0.3223717648854021,
            0.314102173937186,
            0.09863268811022509,
            0.15882530180762072,
            0.9625398045450428,
            0.04202494012575534,
            0.04841970624316963,
            0.11217753345567308,
            0.09385177526376906,
            0.05682342876531944,
            0.2500117302600826,
            0.04104403731581932,
            0.26890959393221814,
            0.2187909091462223,
            0.2775518327282089,
            0.1604050236563,
            0.15854335983538537,
            0.5241358507483571,
            0.33915854187638717,
            0.3444576520423229
        ],
        "start_drift_rate": [
            0.014081995741945129,
            0.9956279423815468,
            0.9992872646514719,
            0.9973494161161998,
            0.016378889383298068,
            0.02641834282225401,
            0.9994252445027377,
            0.9977778410937328,
            0.925708701636456,
            0.9999915337256562,
            0.9998562335088083,
            0.9991388443644468,
            0.9998945484285126,
            0.9806713285276761,
            0.013164455701668222,
            0.999402272949437,
            0.30460649365711967,
            0.9755248385489067,
            0.9833134511690621,
            0.5336765493614858,
            0.9576609098674913,
            0.7440778896554007,
            0.14825229268054613,
            0.017341801378669086
        ],
        "recall_drift_rate": [
            0.7730672810442398,
            0.5996677976944288,
            0.6584922573654862,
            0.6489395638675071,
            0.7611146861584686,
            0.7668944996101691,
            0.6052570726554395,
            0.6271024162840331,
            0.5512713203968226,
            0.66195136990565,
            0.6413386610179583,
            0.6435190303765548,
            0.5405084458892249,
            0.6058837874448999,
            0.730298254765703,
            0.6023125000282294,
            0.7713416585501233,
            0.7559908541754029,
            0.6535829853852693,
            0.7010528828163153,
            0.6011749850332642,
            0.7711871282154275,
            0.7754633041131096,
            0.7178358809806564
        ],
        "shared_support": [
            29.74990342181063,
            40.188583190357015,
            7.51397187226776,
            10.361098972544895,
            95.54804748159245,
            88.89224390564098,
            49.84319365366579,
            51.86036021654995,
            55.39624498438496,
            47.606671108045845,
            63.64726009787297,
            8.838453303334695,
            35.47639302890636,
            23.4094675081149,
            43.640292875322565,
            13.274127683021426,
            34.141616247863865,
            31.63327334180422,
            88.43955012003863,
            19.583179216985226,
            11.792558065710054,
            66.43498402341461,
            78.98896257092171,
            63.983684998443934
        ],
        "item_support": [
            0.26853692480071345,
            27.32100653988151,
            1.0169895177765582,
            0.2596938611104065,
            73.23219023096904,
            69.72703445223975,
            35.26502227477878,
            31.282065490285166,
            5.041566838254127,
            0.5080432741598244,
            3.06113266355613,
            0.041129157713427844,
            19.147852473544795,
            14.448690121159714,
            15.53358406846592,
            0.17966102639289971,
            5.398101805639946,
            2.7095045673359337,
            46.59207070285001,
            2.1664418653782676,
            0.02258929158865186,
            47.03454575326179,
            60.25495433621238,
            48.5154369608018
        ],
        "learning_rate": [
            0.06530691192465345,
            0.11200345174966782,
            0.1505217902463038,
            0.2511933115956319,
            0.03692510761616363,
            0.047809525097082355,
            0.34757581032119067,
            0.13489075484049512,
            0.7053890937432222,
            0.9575525688796958,
            0.9629581590007601,
            0.39399108525086624,
            0.19952737428185216,
            0.24589740858458087,
            0.0911302937594885,
            0.964396821701783,
            0.02643030551526386,
            0.07650473001880453,
            0.04841823194851331,
            0.029262318454533746,
            0.24034487405362198,
            0.027779253390628256,
            0.003343930199684708,
            0.0028513747574250487
        ],
        "primacy_scale": [
            75.46944804155916,
            92.36872699113252,
            33.37925351428869,
            89.11821889209533,
            56.43939622052573,
            54.599764711197274,
            98.62918337857053,
            81.86863046824502,
            40.920865166399274,
            25.31736984571893,
            28.87706587274113,
            72.20242400644827,
            78.27530914005503,
            93.4993096890833,
            98.50244658554007,
            2.0654196335209676,
            96.47115469597921,
            93.11025413562133,
            81.2380932844624,
            95.71589689724465,
            92.14347247728563,
            32.50104193331959,
            46.8640710191189,
            39.51489539114304
        ],