{
    "fixed": {
        "start_drift_rate": 1.0,
        "shared_support": 0.0,
        "item_support": 0.0,
        "learning_rate": 0.0,
        "primacy_scale": 0.0,
        "primacy_decay": 0.0,
        "encoding_drift_decrease": 1.0,
        "allow_repeated_recalls": 1.0
    },
    "free": {
        "encoding_drift_rate": [
            2.220446049250313e-16,
            0.9999999999999998
        ],
        "start_drift_rate": [
            2.220446049250313e-16,
            0.9999999999999998
        ],
        "recall_drift_rate": [
            2.220446049250313e-16,
            0.9999999999999998
        ],
        "shared_support": [
            2.220446049250313e-16,
            100.0
        ],
        "item_support": [
            2.220446049250313e-16,
            100.0
        ],
        "learning_rate": [
            2.220446049250313e-16,
            0.9999999999999998
        ],
        "primacy_scale": [
            2.220446049250313e-16,
            100.0
        ],
        "primacy_decay": [
            2.220446049250313e-16,
            100.0
        ],
        "choice_sensitivity": [
            2.220446049250313e-16,
            100.0
        ],
        "encoding_drift_decrease": [
            2.220446049250313e-16,
            0.9999999999999998
        ]
    },
    "fitness": [
        686.579833984375,
        940.4586181640625,
        754.7034912109375,
        564.0748291015625,
        774.66796875,
        920.41650390625,
        962.3809814453125,
        907.6538696289062,
        923.91650390625,
        901.3258056640625,
        780.6251220703125,
        590.9671630859375,
        900.5980834960938,
        1067.52783203125,
        806.2264404296875,
        799.209716796875,
        825.2529296875,
        1093.284912109375,
        921.0992431640625,
        464.7310791015625,
        482.3192138671875,
        1274.531494140625,
        1017.2371826171875,
        669.778564453125
    ],
    "fits": {
        "encoding_drift_rate": [
            0.2962965001633394,
            0.05574185619243824,
            0.12106707256830301,
            0.09971203432285439,
            0.2945382920820121,
            0.33064916659184884,
            0.03932591146086227,
            0.16620268981688363,
            0.9706055966588408,
            0.10894342203615165,
            0.1385583881813851,
            0.11988656552007337,
            0.0754650772021851,
            0.06085689583744203,
            0.22898293713753404,
            0.14012595695720578,
            0.3072875073663255,
            0.20103173008291195,
            0.29564448357844875,
            0.16500969150537292,
            0.15301468062165546,
            0.8467583734517299,
            0.33893674817116815,
            0.3492888966038074
        ],
        "start_drift_rate": [
            0.0007217968167604242,
            0.9981869442918029,
            0.9998677167829533,
            0.9993173377044238,
            0.0230279666914045,
            0.16922165246107185,
            0.9999900571528064,
            0.9997585181250432,
            0.9428439354062536,
            0.9986884034432688,
            0.9975047894722219,
            0.9987133906608953,
            0.999981531174152,
            0.9913745814897819,
            0.045529454303607164,
            0.9727402985816342,
            0.1689553637593341,
            0.8773388091695804,
            0.9402832198680686,
            0.5788904088158715,
            0.9392047845277635,
            0.9150286198321556,
            0.1096495993835307,
            0.005488754070068333
        ],
        "recall_drift_rate": [
            0.7539011875770755,
            0.6024734852501179,
            0.6598011978835595,
            0.6574763734069717,
            0.7342548848298834,
            0.7482178719469396,
            0.668193950392242,
            0.6319547698270362,
            0.5662758804020966,
            0.6426911780691738,
            0.5698302980443114,
            0.6216262222480722,
            0.5355899386849182,
            0.6401649544092981,
            0.7433771952608201,
            0.6629460217830859,
            0.7715872461981236,
            0.7571587310231713,
            0.648509596340481,
            0.6954177480862205,
            0.6080814413241671,
            0.6511612627773231,
            0.7829754216424661,
            0.7337597842440742
        ],
        "shared_support": [
            27.689410777475455,
            40.34400136449267,
            15.699399745570965,
            10.374646963510443,
            92.40857721059685,
            85.44152814353481,
            60.45897120116172,
            55.922645599287854,
            93.17454225644772,
            15.648067143150627,
            4.295876707704423,
            12.786673438372006,
            38.002194475371205,
            26.552187874999788,
            27.94854999516999,
            62.92298462944787,
            25.6153443091042,
            28.523607833528697,
            62.89415647567957,
            20.047653257279187,
            10.984685474247982,
            69.01292499770828,
            90.96119042759466,
            83.1315899219226
        ],
        "item_support": [
            2.4745427020612425,
            28.38135794237615,
            1.3700988286985805,
            0.013148482088872981,
            70.647203154403,
            62.46948357122481,
            8.732915360998788,
            33.631602550279204,
            12.40500026304889,
            0.23124421369416126,
            0.5677225613261925,
            0.029031744334737652,
            22.781195941826617,
            16.817845961124398,
            10.379761824649556,
            39.421583514791436,
            6.340550669635029,
            8.01936750944975,
            38.6579564452239,
            1.515078051876273,
            0.2202076660400678,
            13.781893095004072,
            66.82087185103802,
            60.688838150886404
        ],
        "learning_rate": [
            0.06645077911114305,
            0.12520025619381864,
            0.1452710251083817,
            0.2656057063456111,
            0.049734754719593925,
            0.04656199313791094,
            0.9773329765967834,
            0.131374544125478,
            0.6991440726178842,
            0.6633984361719096,
            0.44574124275582294,
            0.41347326211994934,
            0.22449917063967884,
            0.23408730431966976,
            0.09918343974929322,
            0.1020499443403637,
            0.019114078490440438,
            0.06897498272586988,
            0.04749009787040568,
            0.037690162546487514,
            0.22913385182828408,
            0.3291728645927957,
            0.0018235714786870028,
            0.010566739413717625
        ],
        "primacy_scale": [
            69.21682175611215,
            94.17947339685219,
            74.00429638330496,
            91.44799513326404,
            54.88375572483511,
            63.03731414877931,
            19.3390552673673,
            86.31374626321455,
            65.95481677064465,
            55.29755040029003,
            15.048651324714015,
            96.90289071381741,
            93.18223107606974,
            96.45455235340481,
            66.2220170853135,
            93.2700163609657,
            58.96732675934805,
            71.55704051514593,
            43.90778474785666,
            95.55398142240603,
            84.54000163790519,
            61.12940070861761,
            60.593974397106756,
            57.273581047991854
        ],