{
    "fixed": {
        "start_drift_rate": 1.0,
        "shared_support": 0.0,
        "item_support": 0.0,
        "learning_rate": 0.0,
        "primacy_scale": 0.0,
        "primacy_decay": 0.0,
        "encoding_drift_decrease": 1.0,
        "allow_repeated_recalls": 1.0
    },
    "free": {
        "encoding_drift_rate": [
            2.220446049250313e-16,
            0.9999999999999998
        ],
        "recall_drift_rate": [
            2.220446049250313e-16,
            0.9999999999999998
        ],
        "choice_sensitivity": [
            2.220446049250313e-16,
            100.0
        ],
        "primacy_scale": [
            2.220446049250313e-16,
            100.0
        ],
        "primacy_decay": [
            2.220446049250313e-16,
            100.0
        ]
    },
    "fitness": [
        1798.24609375,
        1885.90380859375,
        1844.300048828125,
        1832.207763671875,
        1763.7088623046875,
        1836.080078125,
        1925.556640625,
        1898.936279296875,
        1789.59130859375,
        1892.20458984375,
        1869.1375732421875,
        1803.5042724609375,
        1934.9312744140625,
        1912.84033203125,
        1909.2431640625,
        1831.5115966796875,
        1825.57958984375,
        1909.013671875,
        1827.4903564453125,
        1773.5302734375,
        1813.224365234375,
        1932.290771484375,
        1836.8326416015625,
        1625.8668212890625
    ],
    "fits": {
        "encoding_drift_rate": [
            0.1653724249712965,
            0.19027679785486534,
            0.14303589979916356,
            0.19060153766975835,
            0.15690193802698432,
            0.13992851785062851,
            0.22299102994443598,
            0.23358226571112983,
            0.15642618007900727,
            0.19802697980661899,
            0.2110712978999883,
            0.19618361947633467,
            0.09037215737558942,
            0.08322404857674731,
            0.29617522994364565,
            0.24531265712214878,
            0.2317711943746642,
            0.1699127485454049,
            0.22527024786245642,
            0.2976036526161955,
            0.24150469058262886,
            0.22801434615123983,
            0.20574192178774536,
            0.12739737370425863
        ],
        "recall_drift_rate": [
            0.8008252563040814,
            0.3034639360786876,
            0.5576427365702121,
            0.598220581166717,
            0.6805433191856234,
            0.5140462886366883,
            0.3450986428665331,
            0.3672186467260638,
            0.42374423494845737,
            0.322669850669088,
            0.678227187583102,
            0.6173979750795123,
            0.5372154446647458,
            0.6498920125849643,
            0.46612698611889986,
            0.3871189304335605,
            0.3806291385216202,
            0.25638523818093595,
            0.3637751239441504,
            0.5367142852144051,
            0.7082140094302893,
            0.3970001371164274,
            0.3195809982387441,
            0.8010153634429508
        ],
        "choice_sensitivity": [
            7.8930766543264665,
            32.71786686540615,
            21.10410320975789,
            17.698262604643872,
            12.05044279693989,
            21.61371216224697,
            25.208158514563618,
            22.394608340178944,
            27.14482822851958,
            31.639711893473287,
            9.94457079628043,
            16.65504244572486,
            26.89496799274622,
            18.058030072306135,
            14.399253190257845,
            21.280890359270842,
            23.470436555547803,
            40.176243443587,
            21.905178354197254,
            15.444127194656197,
            10.437732238352801,
            16.53587780442033,
            27.51222817662941,
            10.650453802857044
        ],
        "primacy_scale": [
            39.48039103463967,
            0.0015619049415533937,
            45.41387953896332,
            19.4894895494103,
            0.653894448406362,
            26.082218249605937,
            1.5291619426704983e-05,
            0.0020856546543939203,
            85.60400909866502,
            5.115772810171393e-05,
            50.17955393095659,
            67.78246679840238,
            29.53949689404508,
            77.63392730328928,
            0.00025608190571091427,
            0.0013282610523219773,
            0.0005170407077059735,
            0.0017692114262359837,
            5.865063815143024,
            0.0005561245226743949,
            31.267066815052047,
            0.03515099076572881,
            0.0015403503262518825,
            5.523444646087647
        ],
        "primacy_decay": [
            0.06827523401155973,
            17.369931985781292,
            0.020091281428579816,
            0.02224445135348674,
            0.11914518769393112,
            0.01921740445112145,
            16.665585416431632,
            75.09950993820331,
            0.009368380503694596,
            98.4231105156084,
            0.0425313820872546,
            0.023174014564553213,
            0.018897015504873167,
            0.027557106219960676,
            90.77755321248993,
            94.75756636905876,
            73.38682805960386,
            25.075168381338468,
            0.002368980416193267,
            31.257434303288456,
            0.03709074880821106,
            0.4466246201750934,
            35.67692266066277,
            0.062003790976568496
        ],
        "start_drift_rate": [
            1.0,
            1.0,
            1.0,
            1.0,
            1.0,
            1.0,
            1.0,
            1.0,
            1.0,
            1.0,
            1.0,
            1.0,
            1.0,
            1.0,
            1.0,
            1.0,
            1.0,
            1.0,
            1.0,
            1.0,
            1.0,
            1.0,
            1.0,
            1.0
        ],
        "shared_support": [
            0.0,
            0.0,
            0.0,
            0.0,
            0.0,
            0.0,
            0.0,
            0.0,
            0.0,
            0.0,
            0.0,
            0.0,
            0.0,
            0.0,
            0.0,
            0.0,
            0.0,
            0.0,
            0.0,
            0.0,
            0.0,
            0.0,
            0.0,
            0.0
        ],
        "item_support": [
            0.0,
            0.0,
            0.0,
            0.0,
            0.0,
            0.0,
            0.0,
            0.0,
            0.0,
            0.0,
            0.0,
            0.0,
            0.0,
            0.0,
            0.0,
            0.0,
            0.0,
            0.0,
            0.0,
            0.0,
            0.0,
            0.0,
            0.0,
            0.0
        ],
        "learning_rate": [
            0.0,
            0.0,
            0.0,
            0.0,
            0.0,
            0.0,
            0.0,
            0.0,
            0.0,
            0.0,
            0.0,
            0.0,
            0.0,
            0.0,
            0.0,
            0.0,
            0.0,
            0.0,
            0.0,
            0.0,
            0.0,
            0.0,
            0.0,
            0.0
        ],
        "encoding_drift_decrease": [
            1.0,
            1.0,
            1.0,
            1.0,
            1.0,
            1.0,
            1.0,
            1.0,
            1.0,
            1.0,
            1.0,
            1.0,
            1.0,
            1.0,
            1.0,
            1.0,
            1.0,
            1.0,
            1.0,
            1.0,
            1.0,
            1.0,
            1.0,
            1.0
        ],