{
    "fixed": {
        "start_drift_rate": 1.0,
        "shared_support": 0.0,
        "item_support": 0.0,
        "learning_rate": 0.0,
        "primacy_scale": 0.0,
        "primacy_decay": 0.0,
        "encoding_drift_decrease": 1.0,
        "allow_repeated_recalls": 1.0
    },
    "free": {
        "encoding_drift_rate": [
            2.220446049250313e-16,
            0.9999999999999998
        ],
        "recall_drift_rate": [
            2.220446049250313e-16,
            0.9999999999999998
        ],
        "choice_sensitivity": [
            2.220446049250313e-16,
            100.0
        ],
        "learning_rate": [
            2.220446049250313e-16,
            0.9999999999999998
        ],
        "primacy_scale": [
            2.220446049250313e-16,
            100.0
        ],
        "primacy_decay": [
            2.220446049250313e-16,
            100.0
        ],
        "start_drift_rate": [
            2.220446049250313e-16,
            0.9999999999999998
        ]
    },
    "fitness": [
        1815.077880859375,
        1864.283447265625,
        1856.71923828125,
        1811.4306640625,
        1750.17236328125,
        1820.95263671875,
        1901.40673828125,
        1886.7855224609375,
        1782.6162109375,
        1892.8211669921875,
        1853.2445068359375,
        1794.6512451171875,
        1927.0889892578125,
        1902.060302734375,
        1902.6002197265625,
        1811.7059326171875,
        1824.1650390625,
        1908.4869384765625,
        1821.6839599609375,
        1753.83984375,
        1798.5474853515625,
        1932.6212158203125,
        1822.58447265625,
        1641.6092529296875
    ],
    "fits": {
        "encoding_drift_rate": [
            0.3300821718702789,
            0.07245915076673648,
            0.25818271819709626,
            0.13880642776900465,
            0.057734493365317996,
            0.08936124001270246,
            0.06071778045735354,
            0.1192329415481281,
            0.08938407870094495,
            0.19857920188936173,
            0.02961776884450501,
            0.08170710933484829,
            0.06502276544664493,
            0.0426830525621244,
            0.32313393551330927,
            0.0665864822187779,
            0.2730849972808579,
            0.21948776320073787,
            0.2611595412399766,
            0.04719838300162388,
            0.10846417185048723,
            0.2339616526775754,
            0.02861532820222091,
            0.267788400002867
        ],
        "recall_drift_rate": [
            0.7107676345114529,
            0.8096695505833509,
            0.5559873929835758,
            0.8900482426645522,
            0.8680712356652343,
            0.7728385573260533,
            0.764288398613934,
            0.610771393257699,
            0.7103949270957644,
            0.3239894996894075,
            0.7825870624811772,
            0.8314912706511655,
            0.7768260319180909,
            0.7891226442696364,
            0.7177372009822279,
            0.8043649875293057,
            0.5562223775497274,
            0.3693204413410772,
            0.6722515739794742,
            0.8533449122895747,
            0.7412722145231144,
            0.3937413144168303,
            0.7910300795457522,
            0.528952131390536
        ],
        "choice_sensitivity": [
            11.978345495827043,
            17.181495291313666,
            19.13838677497598,
            12.984511892563667,
            17.753098023427462,
            23.07724977253407,
            26.16865737465949,
            28.202621694889494,
            25.73199050190494,
            32.14840495904223,
            63.45398529028674,
            22.58727486575538,
            22.631731114127984,
            24.764055458066547,
            12.104742204376485,
            31.81938415229818,
            16.91146143729589,
            24.534306412693645,
            13.434768413869556,
            27.03635738679478,
            30.5121931363809,
            17.959424001314595,
            46.79552468950527,
            18.116421135384886
        ],
        "learning_rate": [
            0.3801006629686849,
            0.11887256873562152,
            0.4197753389749924,
            0.15875924559319138,
            0.10059136417219028,
            0.24071854827439948,
            0.15763831972640913,
            0.3381474920896267,
            0.226982601499226,
            0.03273633218569072,
            0.20212451969289713,
            0.14788533434776413,
            0.16078892890847968,
            0.09440385868049367,
            0.4723863198570936,
            0.24588368743672503,
            0.3812182419483058,
            0.3665441143800316,
            0.42927524413411056,
            0.10437902124991721,
            0.2759283338375476,
            0.26636363611607694,
            0.1550702006258973,
            0.05428446247429125
        ],
        "primacy_scale": [
            2.220446049250313e-16,
            5.778749464684729,
            0.003944763490991932,
            47.808927482084776,
            2.728259183189884,
            0.3130530679192347,
            24.027105368402914,
            77.81528622077715,
            66.68260272275724,
            0.0004119159831645902,
            0.4169785478899044,
            82.53504825911133,
            75.68666371428606,
            22.255167256945118,
            0.002721307688815955,
            51.781942853260865,
            0.004316110215142999,
            0.001090034342304591,
            0.07748293524043959,
            15.800647219868765,
            0.8311792424959634,
            0.013378687596578231,
            21.83941841366483,
            0.0003148121273213178
        ],
        "primacy_decay": [
            25.662479180200126,
            0.03631953305828972,
            17.76316602894508,
            0.044144562590240355,
            0.0473120657535091,
            0.11247253932541668,
            0.021350032788099327,
            0.014307748351713464,
            0.019058289955758312,
            32.664540952944286,
            0.03463321823561927,
            0.027288213211412723,
            0.02445165188756704,
            0.022969918955695334,
            71.4015926235856,
            0.017897167749291946,
            41.78816967252137,
            23.42526317644069,
            0.3670736395750964,
            0.024926929570895595,
            0.03951901016427486,
            0.4517643263783455,
            0.012476958736121448,
            57.89750342406317
        ],
        "start_drift_rate": [
            0.9999929684362583,
            0.9998377186469513,
            0.9999978261190863,
            0.9997065241131677,
            0.9995159851309781,
            0.9999891478920239,
            0.9992556127942925,
            0.9999136494157237,
            0.9999185720965348,
            0.9999947123558365,
            0.9985579837943527,
            0.9995886423415169,
            0.999601926279035,
            0.9989474060907586,
            0.9999995171931066,
            0.9998886160962807,
            0.9999967332846453,
            0.9999948483585319,
            0.9999998347926206,
            0.9977390304653553,
            0.9998942600646037,
            0.9999697497908823,
            0.9972154231308301,
            0.9999803616807403
        ],
        "shared_support": [
            0.0,
            0.0,
            0.0,
            0.0,
            0.0,
            0.0,
            0.0,
            0.0,
            0.0,
            0.0,
            0.0,
            0.0,
            0.0,
            0.0,
            0.0,
            0.0,
            0.0,
            0.0,
            0.0,
            0.0,
            0.0,
            0.0,
            0.0,
            0.0
        ],