{
    "fixed": {},
    "free": {
        "encoding_drift_rate": [
            2.220446049250313e-16,
            0.9999999999999998
        ],
        "start_drift_rate": [
            2.220446049250313e-16,
            0.9999999999999998
        ],
        "recall_drift_rate": [
            2.220446049250313e-16,
            0.9999999999999998
        ],
        "shared_support": [
            2.220446049250313e-16,
            100.0
        ],
        "item_support": [
            2.220446049250313e-16,
            100.0
        ],
        "learning_rate": [
            2.220446049250313e-16,
            0.9999999999999998
        ],
        "primacy_scale": [
            2.220446049250313e-16,
            100.0
        ],
        "primacy_decay": [
            2.220446049250313e-16,
            100.0
        ],
        "stop_probability_scale": [
            2.220446049250313e-16,
            0.9999999999999998
        ],
        "stop_probability_growth": [
            2.220446049250313e-16,
            10.0
        ],
        "choice_sensitivity": [
            2.220446049250313e-16,
            100.0
        ]
    },
    "fitness": [
        3685.25048828125,
        3589.782958984375,
        3372.87109375,
        4159.21044921875,
        3279.68115234375,
        5604.2138671875,
        3540.5087890625,
        4448.38623046875,
        5342.79150390625,
        2962.8173828125,
        1787.0322265625,
        4191.35107421875,
        5158.90966796875,
        3333.883056640625,
        4705.54052734375,
        4407.1201171875,
        2882.94921875,
        3371.2177734375,
        1618.169921875
    ],
    "fits": {
        "encoding_drift_rate": [
            0.9774513145847658,
            0.9150463743899029,
            0.8885548419798073,
            0.8744527409604594,
            0.8784080021876172,
            0.8330100163861835,
            0.789863205341836,
            0.8357046002348119,
            0.9699626749516076,
            0.8700477696768598,
            0.9451296317153252,
            0.8470573885569017,
            0.9433855727571631,
            0.9203534965847939,
            0.9557220375007613,
            0.9644658327463108,
            0.8266395605293182,
            0.8736366950654602,
            0.8985827415059258
        ],
        "start_drift_rate": [
            0.49179417572207235,
            0.4713732943746666,
            0.5044895457833773,
            0.46771073736460883,
            0.7404299300116611,
            0.7194297771997156,
            0.6767018938223338,
            0.5603799540747323,
            0.7001826197529651,
            0.6904763162961747,
            0.602909130507199,
            0.7720960807674506,
            0.5421314145317484,
            0.27578550285579306,
            0.13095082507383032,
            0.2492557227737246,
            0.5784012303272997,
            0.6539942540869816,
            0.6327129076258176
        ],
        "recall_drift_rate": [
            0.9124493425360909,
            0.7528078346340957,
            0.7740714616957877,
            0.8436711335699718,
            0.7390704217541358,
            0.7560898479160778,
            0.7102180058132507,
            0.7385696000338341,
            0.9841290486230863,
            0.8570977198943412,
            0.8339979112017057,
            0.7881666565111806,
            0.8727605958676217,
            0.7504549754940235,
            0.8885578603296036,
            0.9106800593133271,
            0.7998924230869222,
            0.6799332913215386,
            0.7981162715947515
        ],
        "shared_support": [
            94.66052641403233,
            8.032907914818054,
            8.013910381354101,
            6.492063322881137,
            67.23086128419558,
            94.65696960835118,
            98.23315031477837,
            8.744400464661297,
            77.55313693952851,
            91.84042771511186,
            70.60966374240553,
            8.613837385775035,
            8.285144009567489,
            7.87645183248371,
            14.272971809554136,
            10.578325834615676,
            7.9285771516792565,
            96.3815515667195,
            7.9820520995003506
        ],
        "item_support": [
            85.12116307994567,
            7.001484833724554,
            6.757312052155562,
            5.704829312636583,
            55.31934718675852,
            81.63084606321682,
            83.44536220850642,
            7.7640998514929365,
            76.39669680643027,
            83.24061371449882,
            63.39446089067948,
            7.815627388778566,
            7.499286140410575,
            6.834770308828389,
            13.33118387449386,
            9.533639919500672,
            7.3424403171372035,
            75.5186127139964,
            6.82593867843628
        ],
        "learning_rate": [
            0.056767965488281676,
            0.08142233099945151,
            0.05799822964772087,
            0.23641377920111484,
            0.20538626546004504,
            0.28294953119940214,
            0.06503658726280258,
            0.13141131754201102,
            0.2114874463714932,
            0.0531033189190423,
            0.02535048405799878,
            0.12467821241544547,
            0.31504079692639086,
            0.13077583619017247,
            0.11992938725526338,
            0.06558670521053545,
            0.0482467332658838,
            0.17282825742826438,
            0.10426300404250577
        ],
        "primacy_scale": [
            8.493447235714449,
            0.27162495268309783,
            0.26722772401615913,
            0.33307797946516615,
            10.94759214612462,
            13.278213597360576,
            15.900011068299804,
            0.3973044853284975,
            63.67748948048461,
            15.191163076477125,
            11.721353755529556,
            0.04469326590451317,
            0.31967545802194053,
            1.224287748790573,
            1.5137268798455636,
            1.5483701259478408,
            0.34171372145033274,
            18.782373845420963,
            0.3416022590370602
        ],
        "primacy_decay": [
            0.0005128118302394549,
            76.76815976328697,
            41.24539957182424,
            88.99068979570497,
            0.00047521494338812576,
            0.001989983981623311,
            0.009790594169456705,
            44.906783094090045,
            0.02071586803295844,
            0.06370008310408082,
            0.022983705978688845,
            68.72690330002348,
            37.8085314602338,
            58.49116583287084,
            66.06426416208555,
            80.61104577984487,
            70.28467105941748,
            3.020842007117608e-05,
            54.63125389320436
        ],
        "stop_probability_scale": [
            0.030350695074585543,
            0.0006569580865037339,
            0.002516883366701959,
            0.022599837492502887,
            0.0017646748687486313,
            0.0015045740833000238,
            0.008388709591059952,
            0.004626381561557567,
            0.0006721105410830127,
            0.007274860168678399,
            0.0690287124117539,
            0.00521370519432468,
            0.00010237303530725087,
            6.035394352416068e-05,
            0.030102206394808873,
            0.017102829946251452,
            0.0008130226081899394,
            2.6895329386822697e-05,
            0.008836804281374521
        ],