{
    "fixed": {},
    "free": {
        "encoding_drift_rate": [
            2.220446049250313e-16,
            0.9999999999999998
        ],
        "repetition_drift_rate": [
            2.220446049250313e-16,
            0.9999999999999998
        ],
        "start_drift_rate": [
            2.220446049250313e-16,
            0.9999999999999998
        ],
        "recall_drift_rate": [
            2.220446049250313e-16,
            0.9999999999999998
        ],
        "shared_support": [
            2.220446049250313e-16,
            100.0
        ],
        "item_support": [
            2.220446049250313e-16,
            100.0
        ],
        "learning_rate": [
            2.220446049250313e-16,
            0.9999999999999998
        ],
        "primacy_scale": [
            2.220446049250313e-16,
            100.0
        ],
        "primacy_decay": [
            2.220446049250313e-16,
            100.0
        ],
        "stop_probability_scale": [
            2.220446049250313e-16,
            0.9999999999999998
        ],
        "stop_probability_growth": [
            2.220446049250313e-16,
            10.0
        ],
        "choice_sensitivity": [
            2.220446049250313e-16,
            100.0
        ]
    },
    "fitness": [
        3682.656982421875,
        3593.458740234375,
        3375.089111328125,
        4164.28173828125,
        3274.459716796875,
        5599.94384765625,
        3542.16650390625,
        4450.59033203125,
        5349.79150390625,
        2978.150634765625,
        1788.552734375,
        4183.8134765625,
        5161.47021484375,
        3341.43408203125,
        4705.60791015625,
        4399.64697265625,
        2888.407958984375,
        3361.908447265625,
        1619.0908203125
    ],
    "fits": {
        "encoding_drift_rate": [
            0.9645849236912998,
            0.9185397791430433,
            0.8924651207221093,
            0.8996809016550571,
            0.8966063389273082,
            0.8396062252786434,
            0.8109763179158833,
            0.8288663584864118,
            0.9446470633002404,
            0.882496749127618,
            0.9345260051894746,
            0.8545180328672206,
            0.9295476193988308,
            0.9144035320688952,
            0.9773650930051121,
            0.9789413406633956,
            0.8135961012379767,
            0.8903971075067423,
            0.9027794172424519
        ],
        "repetition_drift_rate": [
            0.9502506931389941,
            0.9169225478671867,
            0.8898151086828535,
            0.8657693320845388,
            0.9098213482239059,
            0.8129468669929525,
            0.8039275271334394,
            0.8236903699238565,
            0.9411540304314222,
            0.8833282997293743,
            0.9462559988030576,
            0.7973673796157625,
            0.9315983673411121,
            0.8867942621214586,
            0.9582674003096852,
            0.9606817779487268,
            0.8308484651383126,
            0.8743268428898396,
            0.8822185332899071
        ],
        "start_drift_rate": [
            0.48492805115361864,
            0.543433700267897,
            0.6431291846257179,
            0.5477245332309386,
            0.616916209550318,
            0.6941099561620953,
            0.6507566402109499,
            0.6303695103359708,
            0.7213880873731245,
            0.7105057807723532,
            0.5760554899227077,
            0.7966535944411216,
            0.6288798192873846,
            0.6036137941656448,
            0.3147159620023362,
            0.5252899075898525,
            0.6591911739306883,
            0.5265728788556333,
            0.8089322849077497
        ],
        "recall_drift_rate": [
            0.9091938823004708,
            0.7533294463159258,
            0.7924507036376142,
            0.8482722185640397,
            0.705353029678993,
            0.7502185207269058,
            0.70067281997217,
            0.7065988530053207,
            0.9746853544411584,
            0.8163198236663718,
            0.7866257718553705,
            0.7798513280240952,
            0.8391833680278427,
            0.7574565420364135,
            0.9079016729544627,
            0.9277470794991799,
            0.7798997551241997,
            0.6628277035117843,
            0.8339212862222996
        ],
        "shared_support": [
            3.5917321073322768,
            2.910462354134445,
            59.51410219293483,
            73.91561986188178,
            3.0162381334855226,
            4.104801720361614,
            87.04077823438276,
            4.6557115045213,
            4.08268869326897,
            87.67521634995715,
            2.5521116552351444,
            4.655721412499034,
            3.781394194305001,
            95.97425926191671,
            96.62385321619968,
            70.93052707217058,
            4.182500996273816,
            2.93466476389559,
            81.82137253616136
        ],
        "item_support": [
            2.384094548626365,
            1.577940815058355,
            32.952507664067795,
            37.97289642943794,
            1.587277226395159,
            2.735195220701975,
            46.34415027570334,
            3.2743326149193663,
            3.12722574167627,
            47.770418275485014,
            1.366183516066826,
            3.2985000651978638,
            2.5826272719102192,
            36.93011737260686,
            33.75401323857945,
            7.623157631710605,
            3.0079524280253764,
            1.5210580139401273,
            38.91469532932018
        ],
        "learning_rate": [
            0.413627016757837,
            0.14252951241868178,
            0.1401251949895746,
            0.5391698546204582,
            0.6458580976658674,
            0.7071996956067329,
            0.062316495156126014,
            0.19687447270159486,
            0.97011719416122,
            0.31707287013213625,
            0.33755537904561517,
            0.3391939037862235,
            0.9639124392172095,
            0.37043237156818276,
            0.9235319502361918,
            0.8137186577480457,
            0.1217405078671896,
            0.5822025327435754,
            0.10608071165003526
        ],
        "primacy_scale": [
            0.02150938300573557,
            0.061297706729732226,
            17.64993869765989,
            28.101128561642717,
            0.08479711553221136,
            0.02866709901663711,
            29.490216085526505,
            0.13964059717940813,
            0.021603468669205483,
            33.846742910512646,
            0.05274801343158231,
            0.011905856678694704,
            0.061404393025100035,
            43.50142129398427,
            52.53232187321909,
            50.83849503045082,
            0.08217799172370377,
            0.18111595717522277,
            31.60587169954851
        ],
        "primacy_decay": [
            24.546697829812057,
            26.388477200777437,
            0.00027335264339195693,
            0.0002265812352248986,
            52.25829551627466,
            76.75370046586171,
            0.0036166638429357923,
            83.84483447710448,
            57.043600163160576,
            0.02125985192095192,
            31.164764262875067,
            35.90581573086881,
            88.24946788675035,
            0.00044700919563072245,
            0.00015604446435446562,
            2.220446049250313e-16,
            78.26473366604031,
            63.38669027136835,
            0.00014017762752733225
        ],