{
    "fixed": {},
    "free": {
        "encoding_drift_rate": [
            2.220446049250313e-16,
            0.9999999999999998
        ],
        "start_drift_rate": [
            2.220446049250313e-16,
            0.9999999999999998
        ],
        "recall_drift_rate": [
            2.220446049250313e-16,
            0.9999999999999998
        ],
        "shared_support": [
            2.220446049250313e-16,
            100.0
        ],
        "item_support": [
            2.220446049250313e-16,
            100.0
        ],
        "learning_rate": [
            2.220446049250313e-16,
            0.9999999999999998
        ],
        "primacy_scale": [
            2.220446049250313e-16,
            100.0
        ],
        "primacy_decay": [
            2.220446049250313e-16,
            100.0
        ],
        "stop_probability_scale": [
            2.220446049250313e-16,
            0.9999999999999998
        ],
        "stop_probability_growth": [
            2.220446049250313e-16,
            10.0
        ],
        "choice_sensitivity": [
            2.220446049250313e-16,
            100.0
        ]
    },
    "fitness": [
        1872.486572265625,
        1419.277587890625,
        2171.380126953125,
        1089.79248046875,
        2046.446044921875,
        2091.25927734375,
        1015.054931640625,
        1979.765625,
        1528.5958251953125,
        2496.96826171875,
        1868.54150390625,
        2152.34521484375,
        2748.652099609375,
        1615.529052734375,
        1929.313720703125,
        1719.5938720703125,
        1712.1807861328125,
        1715.0897216796875,
        1290.4052734375,
        2054.292236328125,
        1174.5322265625,
        1379.05224609375,
        1448.9453125,
        1827.125732421875,
        1081.89697265625,
        1088.436279296875,
        1606.28564453125,
        1251.2843017578125,
        1380.2789306640625,
        2018.486083984375,
        1609.110595703125,
        1733.0106201171875,
        1911.2841796875,
        1615.34130859375,
        860.2684326171875
    ],
    "fits": {
        "encoding_drift_rate": [
            0.7282286316635428,
            0.6506000245301056,
            0.6962356669318478,
            0.823170309188157,
            0.5420687207575917,
            0.7830113698771909,
            0.8233385274282454,
            0.8995594255055144,
            0.7386727696086633,
            0.6940406604557776,
            0.8025798410610869,
            0.8382346893460235,
            0.7966084929088922,
            0.7331180639969404,
            0.41726671179697034,
            0.8849587781201509,
            0.7714497726446881,
            0.7958484903207355,
            0.7034785489425146,
            0.7684141914597612,
            0.7874321283468192,
            0.8485188317240782,
            0.6440529315300301,
            0.9292990099379757,
            0.5224789904906852,
            0.7531821547221877,
            0.769562710970211,
            0.7057892799433325,
            0.9470299674390281,
            0.7970852601036452,
            0.5227524234690715,
            0.7669887640111248,
            0.8622950637555797,
            0.6981297904053623,
            0.730078901622544
        ],
        "start_drift_rate": [
            0.8316053569642348,
            0.30524682384196256,
            0.6344904638614774,
            0.025138666667508414,
            0.9962928478755548,
            0.17973843618663365,
            0.3663181601393084,
            0.3774373041187991,
            0.09675506185986821,
            0.558393463749489,
            0.8754820428165477,
            0.9095385007655281,
            0.2378703048309343,
            0.3332422028735009,
            0.4588391816617745,
            0.5857889199259556,
            0.969656464354509,
            0.9992865835505955,
            0.8278953852190918,
            0.4670786558852404,
            0.8933278380618555,
            0.9047804266081283,
            0.3573029388042582,
            0.1405461585385544,
            0.4435650716811176,
            0.8730645150126803,
            0.26028404530488636,
            0.11643205337192536,
            0.0277054975576862,
            0.14037296008631117,
            0.865227848723642,
            0.6782849794930942,
            0.585576011496595,
            0.8846333925034495,
            0.2686808554497429
        ],
        "recall_drift_rate": [
            0.9268391674735892,
            0.9381410830982708,
            0.9290273280634889,
            0.9495785528938357,
            0.8567257086423599,
            0.9935951767220346,
            0.9210884122101024,
            0.9423904741395657,
            0.9816189890933588,
            0.9426324284735342,
            0.9314713038180902,
            0.9698516029298154,
            0.9441700465613249,
            0.953983834775982,
            0.8561546654780259,
            0.9746880441831475,
            0.9218611302448776,
            0.9181542831826965,
            0.8872613525053239,
            0.9146520298521179,
            0.9939329186167662,
            0.99429541429126,
            0.9037900888751029,
            0.9694567751228116,
            0.8845801778430158,
            0.9794134612880007,
            0.9111075667264346,
            0.8488579300641244,
            0.9057536544106042,
            0.8739016437754967,
            0.9864257162732823,
            0.9487010704493065,
            0.9823580234709909,
            0.9277599909342966,
            0.9622771528151908
        ],
        "shared_support": [
            11.344976380920905,
            0.25707208108723734,
            11.294040335704203,
            0.06736893607644134,
            0.12364007927940251,
            19.070266511282085,
            17.625971971361487,
            0.11788422540680422,
            0.13818709597471468,
            28.624001016347755,
            0.26066023047390985,
            0.17893369087617828,
            31.498715958055374,
            0.13895389944097047,
            0.8607544316396698,
            0.05351650847756417,
            21.53063085025465,
            0.15471705021904997,
            32.334947422534526,
            0.32408474636147844,
            0.4546352090976387,
            25.749487134950904,
            28.670358192724226,
            0.06756131190098813,
            0.7582212590778283,
            0.11090654898838181,
            0.3516696183677084,
            12.467489730932549,
            0.03337917033405802,
            0.21801053150825567,
            21.45928443251598,
            0.13054141319224954,
            0.13240915872909653,
            26.866758238373073,
            0.09473948980917868
        ],
        "item_support": [
            66.77639176158661,
            1.2054216304723937,
            12.493505406108326,
            1.5803996772799778,
            1.1627377289832665,
            19.73286859510235,
            18.33439604349546,
            1.47969250791499,
            1.3559429505569014,
            28.89987273755831,
            3.6792128033731473,
            0.9948869569280561,
            32.63514052378329,
            1.4039764287833947,
            0.8669384946629464,
            1.5166132901753429,
            86.6322357799595,
            3.5821335712411937,
            33.070075198821954,
            1.3554209414551082,
            1.5840999638442597,
            26.374127705692658,
            28.598281156713984,
            1.9365099537641086,
            87.79554178253616,
            2.3770013707215796,
            1.0262812446813356,
            12.365735244707253,
            1.1070503636615214,
            2.168672403084827,
            23.188585635695663,
            2.33546860904125,
            2.236019287444499,
            28.26864951063043,
            0.6523936909077648
        ],