{
    "fixed": {},
    "free": {
        "encoding_drift_rate": [
            2.220446049250313e-16,
            0.9999999999999998
        ],
        "start_drift_rate": [
            2.220446049250313e-16,
            0.9999999999999998
        ],
        "recall_drift_rate": [
            2.220446049250313e-16,
            0.9999999999999998
        ],
        "shared_support": [
            2.220446049250313e-16,
            100.0
        ],
        "item_support": [
            2.220446049250313e-16,
            100.0
        ],
        "learning_rate": [
            2.220446049250313e-16,
            0.9999999999999998
        ],
        "primacy_scale": [
            2.220446049250313e-16,
            100.0
        ],
        "primacy_decay": [
            2.220446049250313e-16,
            100.0
        ],
        "stop_probability_scale": [
            2.220446049250313e-16,
            0.9999999999999998
        ],
        "stop_probability_growth": [
            2.220446049250313e-16,
            10.0
        ],
        "choice_sensitivity": [
            2.220446049250313e-16,
            100.0
        ],
        "mfc_choice_sensitivity": [
            2.220446049250313e-16,
            100.0
        ]
    },
    "fitness": [
        1853.341064453125,
        1408.4140625,
        2158.161376953125,
        1074.28955078125,
        2045.34619140625,
        2078.209228515625,
        997.4677734375,
        1976.1409912109375,
        1513.0211181640625,
        2469.58544921875,
        1829.430908203125,
        2151.24267578125,
        2742.0615234375,
        1617.2373046875,
        1928.0855712890625,
        1705.291748046875,
        1699.8553466796875,
        1708.6463623046875,
        1295.9276123046875,
        2051.859375,
        1164.34716796875,
        1365.8623046875,
        1440.880859375,
        1826.5504150390625,
        1074.3236083984375,
        1080.853759765625,
        1577.6407470703125,
        1242.518310546875,
        1374.93798828125,
        2012.6898193359375,
        1578.900146484375,
        1718.6077880859375,
        1917.953125,
        1602.8782958984375,
        849.5426025390625
    ],
    "fits": {
        "encoding_drift_rate": [
            0.5912844598731133,
            0.7133565587928199,
            0.6404198843328377,
            0.8909093538369648,
            0.43885741109372045,
            0.6645203677279716,
            0.8956133499883339,
            0.8216874178503999,
            0.7209895243460632,
            0.718559421570541,
            0.6463957154509876,
            0.6624325346287057,
            0.7469078839771734,
            0.6806160119535972,
            0.568229855006653,
            0.7609083571784129,
            0.5584123190059258,
            0.8117718113712126,
            0.6896018494847935,
            0.5776593447341007,
            0.839602805304271,
            0.7776501626072168,
            0.6354658232358215,
            0.8355408750086459,
            0.6054849505647022,
            0.7615601532075186,
            0.7687484731033435,
            0.6576662132200253,
            0.7209621865444551,
            0.6565417697867478,
            0.8034184857522045,
            0.5654630402936913,
            0.6723327378545945,
            0.5169037999913081,
            0.84496588311214
        ],
        "start_drift_rate": [
            0.6746525181121633,
            0.2676922671739412,
            0.3256319492248455,
            0.022956891668214963,
            0.9403596672386072,
            0.1271777048402583,
            0.4024377128800288,
            0.22225674907097293,
            0.05777945487662611,
            0.46985726154789875,
            0.49286331495845276,
            0.8652435882683176,
            0.07351734172300672,
            0.44609415848364753,
            0.39102972527080954,
            0.3679129060684892,
            0.8224267666210787,
            0.9634031062562485,
            0.8514137989805916,
            0.5779863140207246,
            0.2973158743290356,
            0.7899880464271355,
            0.3039009100065392,
            0.24689804249293368,
            0.12248759448883134,
            0.7591387359004899,
            0.12844810375958216,
            0.011999033346171029,
            0.028685189308371828,
            0.33415852154217973,
            0.29925016706019225,
            0.6503172568776432,
            0.7692103713250398,
            0.9061507268298594,
            0.4512220238283817
        ],
        "recall_drift_rate": [
            0.9047201984827311,
            0.9095973726615296,
            0.9029216083890677,
            0.9770136984451154,
            0.8970638925605372,
            0.9950167290831379,
            0.957174312463512,
            0.8188293937066617,
            0.9626483793463971,
            0.9228656219114169,
            0.8001482604014398,
            0.9417621671750324,
            0.8449196328706341,
            0.9203687483123444,
            0.7562565720698545,
            0.9123606413526817,
            0.893355945663258,
            0.9662510906736016,
            0.8982220463790402,
            0.8973499206160556,
            0.9805650540272195,
            0.9604569831570754,
            0.7339120465467381,
            0.9464267838347706,
            0.7870857750912837,
            0.9875646145788918,
            0.9418733423896121,
            0.8851251967192202,
            0.9016832591858381,
            0.8374360305004767,
            0.8143150905120828,
            0.9629714492226842,
            0.9780018981971792,
            0.9600910545684388,
            0.9624607454383423
        ],
        "shared_support": [
            0.48092548897425436,
            0.08111273119744311,
            1.4306220918954722,
            0.012877474628837149,
            6.4915994917552595,
            16.285858727562832,
            0.015462942447911132,
            7.8340104224713585,
            0.06337845131277618,
            4.630957691817422,
            4.293947142293376,
            69.45440441933735,
            9.848773804361649,
            13.250132959923263,
            0.7229196548405383,
            0.14948936895341802,
            3.376968391402464,
            2.0462314918723905,
            16.69811779822402,
            9.898148396783768,
            0.12127642815986661,
            12.022716208864601,
            4.455571853993433,
            0.06609989372340282,
            0.06653938755575695,
            10.786308515620199,
            2.6931460088375303,
            10.578439511229675,
            93.73434246169145,
            3.4350947464841397,
            0.9700627301414357,
            0.9628086684154624,
            9.138464643286753,
            18.48665111167883,
            4.2013412865507505
        ],