{
    "fixed": {},
    "free": {
        "encoding_drift_rate": [
            2.220446049250313e-16,
            0.9999999999999998
        ],
        "start_drift_rate": [
            2.220446049250313e-16,
            0.9999999999999998
        ],
        "recall_drift_rate": [
            2.220446049250313e-16,
            0.9999999999999998
        ],
        "shared_support": [
            2.220446049250313e-16,
            100.0
        ],
        "item_support": [
            2.220446049250313e-16,
            100.0
        ],
        "learning_rate": [
            2.220446049250313e-16,
            0.9999999999999998
        ],
        "primacy_scale": [
            2.220446049250313e-16,
            100.0
        ],
        "primacy_decay": [
            2.220446049250313e-16,
            100.0
        ],
        "stop_probability_scale": [
            2.220446049250313e-16,
            0.9999999999999998
        ],
        "stop_probability_growth": [
            2.220446049250313e-16,
            10.0
        ],
        "choice_sensitivity": [
            2.220446049250313e-16,
            100.0
        ]
    },
    "fitness": [
        1864.2498779296875,
        1418.228271484375,
        2137.50048828125,
        1088.7828369140625,
        2040.0772705078125,
        2074.776611328125,
        1014.8838500976562,
        1989.491943359375,
        1523.3946533203125,
        2480.412353515625,
        1868.072265625,
        2150.925048828125,
        2748.073486328125,
        1615.74169921875,
        1932.390380859375,
        1718.9910888671875,
        1698.2510986328125,
        1714.658447265625,
        1290.21923828125,
        2063.33203125,
        1173.904541015625,
        1374.112060546875,
        1443.795654296875,
        1827.2607421875,
        1081.1517333984375,
        1088.3763427734375,
        1603.639892578125,
        1249.190185546875,
        1379.07470703125,
        2019.049560546875,
        1598.131591796875,
        1733.2735595703125,
        1909.1680908203125,
        1598.9228515625,
        859.7843017578125
    ],
    "fits": {
        "encoding_drift_rate": [
            0.7175512980909624,
            0.7061382565476388,
            0.7730196953741193,
            0.8748248733938215,
            0.5891860219788922,
            0.8639852095146447,
            0.7751716646607781,
            0.8997221905283252,
            0.7655300762007036,
            0.7668334357150459,
            0.7936343391796354,
            0.8597747953502515,
            0.8191555993320241,
            0.7031545891594434,
            0.5266926613584743,
            0.8664117933792983,
            0.6784862611340502,
            0.8418781574435097,
            0.7303977962776805,
            0.7696757731935806,
            0.9001361716335303,
            0.9026507565016386,
            0.398317029307472,
            0.8648103948307009,
            0.5161298744470418,
            0.7389265962757803,
            0.7953979748803715,
            0.7201312627965855,
            0.9800198168263052,
            0.790999272396545,
            0.7654537357042712,
            0.7919221082025621,
            0.8849465455273071,
            0.7491335625280472,
            0.7787790587646269
        ],
        "start_drift_rate": [
            0.658754367669183,
            0.2221145712774576,
            0.05627803462108716,
            0.03482926613607923,
            0.9951061902415375,
            0.053878059816329815,
            0.40155455032874227,
            0.10088348521700086,
            0.06462229776657163,
            0.9836194840027042,
            0.8404294063665225,
            0.7870017104120318,
            0.1599150744235453,
            0.33961510409333284,
            0.5097773584790742,
            0.49045356134551565,
            0.9326381665817374,
            0.9999047043136313,
            0.8045616186251252,
            0.6095893747284935,
            0.85091339324881,
            0.9380302029453469,
            0.7228120920985817,
            0.13332959050349164,
            0.6167713979384724,
            0.8509522975677253,
            0.16826564583620374,
            0.004262655731791742,
            0.022752540080331396,
            0.19270850885760854,
            0.7504144555085607,
            0.7181762854601353,
            0.7354922478659934,
            0.9860699938677158,
            0.15745440994875387
        ],
        "recall_drift_rate": [
            0.9256832400763855,
            0.9124794818011714,
            0.9261324942518507,
            0.9861991712645846,
            0.8532420233279663,
            0.9927712957030987,
            0.9135751752201773,
            0.8746790250558631,
            0.9837162377050829,
            0.9676328728035057,
            0.9244884832381022,
            0.9695636267382114,
            0.9523511949667451,
            0.9380049064066065,
            0.9217158064098925,
            0.9572972972924567,
            0.9327470420572419,
            0.9097145047703123,
            0.9187581341009821,
            0.8484163153317652,
            0.993940934114702,
            0.9592205434488659,
            0.747554453960225,
            0.9769132641430279,
            0.8991853145765152,
            0.9767601981892817,
            0.9072402896777114,
            0.8239313422660621,
            0.9649812176373822,
            0.854937148090243,
            0.903705107953134,
            0.9426896226636907,
            0.9760248900181809,
            0.942627079650499,
            0.9837414102951032
        ],
        "shared_support": [
            0.2308846895612433,
            0.16545830706042608,
            0.09573283145221723,
            0.020466487033559133,
            0.07041163416327123,
            0.14537647752791827,
            9.942204201755857,
            9.41647720619526,
            0.05811919674863475,
            0.0656694387481167,
            0.3515677691929042,
            0.22078958290123296,
            27.78839510559436,
            0.1390631316627946,
            16.959945603674875,
            0.0644086669609294,
            0.1923027711612266,
            1.9839175701779652,
            10.054517219600442,
            6.30350960069179,
            1.0984785225417255,
            12.16788683833493,
            0.04550365580232649,
            0.0962968691918923,
            0.028018081840414766,
            0.13700985443153968,
            0.5273198614980572,
            0.9072779378300857,
            0.015150818234943686,
            0.2822411336905546,
            2.6645569115460006,
            0.11333356711021025,
            0.13038716539296757,
            0.0450244283518515,
            0.09068939058336412
        ],
        "item_support": [
            2.1111383320063624,
            1.587727981939409,
            2.705954871085787,
            1.5788136220895836,
            1.279871728220968,
            0.8049991841848154,
            10.634436957242677,
            9.286734055512333,
            2.0828813907399564,
            1.8584517369795748,
            4.078833157514886,
            1.1267633108062896,
            28.974667736810204,
            1.0627855678302964,
            17.571989567197114,
            1.0447566812434204,
            1.9598811642853349,
            76.9433167051796,
            10.155698370383618,
            6.997868545930196,
            5.453757290474762,
            66.82443096236376,
            0.010993828167038089,
            2.476120950976771,
            4.7363763208953955,
            2.2303086754940438,
            0.8707090358859517,
            1.1881719644543551,
            1.250083011103527,
            1.9602513667713737,
            43.100277577183796,
            2.423453645640791,
            2.1182353325797436,
            1.5790281968361413,
            0.6712886088392835
        ],