{
    "fixed": {},
    "free": {
        "encoding_drift_rate": [
            2.220446049250313e-16,
            0.9999999999999998
        ],
        "start_drift_rate": [
            2.220446049250313e-16,
            0.9999999999999998
        ],
        "recall_drift_rate": [
            2.220446049250313e-16,
            0.9999999999999998
        ],
        "shared_support": [
            2.220446049250313e-16,
            100.0
        ],
        "item_support": [
            2.220446049250313e-16,
            100.0
        ],
        "learning_rate": [
            2.220446049250313e-16,
            0.9999999999999998
        ],
        "primacy_scale": [
            2.220446049250313e-16,
            100.0
        ],
        "primacy_decay": [
            2.220446049250313e-16,
            100.0
        ],
        "stop_probability_scale": [
            2.220446049250313e-16,
            0.9999999999999998
        ],
        "stop_probability_growth": [
            2.220446049250313e-16,
            10.0
        ],
        "choice_sensitivity": [
            2.220446049250313e-16,
            100.0
        ]
    },
    "fitness": [
        1847.8612060546875,
        1411.6690673828125,
        2130.724365234375,
        1078.5294189453125,
        2049.9873046875,
        2072.777099609375,
        1000.547607421875,
        1986.6279296875,
        1515.0335693359375,
        2479.55517578125,
        1855.41015625,
        2161.779296875,
        2751.64453125,
        1609.658203125,
        1936.3599853515625,
        1721.9593505859375,
        1685.72998046875,
        1705.338134765625,
        1298.248291015625,
        2059.1591796875,
        1166.433837890625,
        1373.845458984375,
        1443.661865234375,
        1822.3621826171875,
        1074.8885498046875,
        1084.235107421875,
        1589.9892578125,
        1239.844970703125,
        1379.2109375,
        2009.406494140625,
        1581.632080078125,
        1723.142822265625,
        1922.414794921875,
        1603.700439453125,
        855.9637451171875
    ],
    "fits": {
        "encoding_drift_rate": [
            0.48346779560230646,
            0.7669793507928966,
            0.7355782414038742,
            0.8803774028094731,
            0.5203506657892176,
            0.6272444256826111,
            0.8827034100101634,
            0.5600584084218784,
            0.6710668433068446,
            0.5328469506414035,
            0.6861955176690877,
            0.5553352027925992,
            0.49442641702267953,
            0.6031855974468459,
            0.5742154285643797,
            0.7449384787235375,
            0.5290478861954053,
            0.728772880559186,
            0.5488895830139827,
            0.5294714425768366,
            0.8473993273373586,
            0.7714400576099809,
            0.3626873670187,
            0.8283470371725179,
            0.6317352074041553,
            0.7929751694857324,
            0.662148403058335,
            0.5504294048275525,
            0.8524546522832714,
            0.6624289036038957,
            0.8066733135012009,
            0.6619144907571004,
            0.7834573189710824,
            0.8185249044533731,
            0.8065311152377687
        ],
        "start_drift_rate": [
            0.7062422593680483,
            0.39383776688007316,
            0.09720930862453564,
            0.019582700477589084,
            0.9847241012645546,
            0.3083035693482996,
            0.5396261071053445,
            0.39259856051582553,
            0.10693977228575019,
            0.8338365624325264,
            0.7563339305906596,
            0.8087478464876452,
            0.35161265338068187,
            0.36432440572609504,
            0.6045483346285061,
            0.4708610274019063,
            0.8458592593734353,
            0.9993211831431841,
            0.8545767279730707,
            0.6302704049328551,
            0.22657485366089108,
            0.9432952065288078,
            0.5384971601041241,
            0.22709745420223038,
            0.13837873790962218,
            0.7058876656615091,
            0.2093609496787312,
            0.025268214131628164,
            0.017784190831129476,
            0.20073901590024668,
            0.5528157078806264,
            0.49163587215462823,
            0.5562777420717097,
            0.8945708362796592,
            0.3130627903124983
        ],
        "recall_drift_rate": [
            0.9298394382085573,
            0.9624177315221695,
            0.9201407615738064,
            0.9811059644827498,
            0.9061193382681063,
            0.9978910490466446,
            0.9851005262889696,
            0.9556281705025051,
            0.9774316732912882,
            0.9745636006928057,
            0.9262722795071909,
            0.9567988535819046,
            0.9743535535757281,
            0.9602191643912005,
            0.9219012571182887,
            0.9705339214843084,
            0.9206424707599477,
            0.9752179269134517,
            0.9383767927188885,
            0.9058573836157977,
            0.9905310903692391,
            0.9690542101888766,
            0.9839844498084245,
            0.9741741230332861,
            0.9121935542875366,
            0.9885184876340578,
            0.9758152851860589,
            0.9593155802846209,
            0.9761498974183949,
            0.9134510778968719,
            0.9227019665205245,
            0.9757465645941221,
            0.9798612348365177,
            0.9621824592111765,
            0.9944831787530933
        ],
        "shared_support": [
            6.807483589718721,
            2.5643224312893835,
            0.056413048844291325,
            0.007818975585621502,
            13.432352216123512,
            0.23870489223979519,
            0.005080471833849742,
            10.105525176245806,
            0.06035615978619059,
            0.4462708167076599,
            16.01724860011481,
            12.117041283767392,
            20.246948525643262,
            0.12939138406417783,
            73.82511621079752,
            0.06127565461118394,
            0.48567700775954137,
            5.169985844945344,
            0.5146898168328207,
            13.49867316069794,
            0.020187515229530106,
            0.09923625655108026,
            18.950356169709064,
            0.04119937290873922,
            0.0019311114876217061,
            2.647132457454518,
            3.993828947838587,
            0.5017280825492776,
            0.009618288167531738,
            0.14540405239410945,
            0.13781148347165129,
            0.09500467180523486,
            0.08006063282843189,
            0.4727970464882958,
            0.013568258120095322
        ],
        "item_support": [
            6.714619311196806,
            0.9782808523483908,
            0.13751477865931605,
            0.08265195064988973,
            33.020776656732366,
            0.32104955562916615,
            1.0117390368310168,
            9.1731809307474,
            0.11890465505499037,
            0.6444740932084869,
            26.751314785341112,
            12.058087803525382,
            21.378587793151656,
            0.10461308996446661,
            67.13800899154505,
            0.04390475140375827,
            0.9730011371947711,
            3.4756977344233135,
            0.13495774876998468,
            13.951956125989867,
            0.036030190972276444,
            0.1281248916147959,
            17.278274100202523,
            0.06419336481538807,
            0.24272002590583241,
            21.41930692042727,
            0.8547739959484488,
            0.579008921585519,
            2.572119595868223,
            1.271747720212339,
            0.503227137513484,
            0.3247259873861168,
            0.6343794037264416,
            6.55552698718261,
            0.11607806197344672
        ],