{
    "fixed": {},
    "free": {
        "encoding_drift_rate": [
            2.220446049250313e-16,
            0.9999999999999998
        ],
        "start_drift_rate": [
            2.220446049250313e-16,
            0.9999999999999998
        ],
        "recall_drift_rate": [
            2.220446049250313e-16,
            0.9999999999999998
        ],
        "shared_support": [
            2.220446049250313e-16,
            100.0
        ],
        "item_support": [
            2.220446049250313e-16,
            100.0
        ],
        "learning_rate": [
            2.220446049250313e-16,
            0.9999999999999998
        ],
        "primacy_scale": [
            2.220446049250313e-16,
            100.0
        ],
        "primacy_decay": [
            2.220446049250313e-16,
            100.0
        ],
        "stop_probability_scale": [
            2.220446049250313e-16,
            0.9999999999999998
        ],
        "stop_probability_growth": [
            2.220446049250313e-16,
            10.0
        ],
        "choice_sensitivity": [
            2.220446049250313e-16,
            100.0
        ]
    },
    "fitness": [
        1861.99560546875,
        1412.8876953125,
        2140.766357421875,
        1089.8477783203125,
        2048.59423828125,
        2081.14990234375,
        1001.5000610351562,
        1992.2900390625,
        1522.302490234375,
        2479.07666015625,
        1859.2130126953125,
        2154.700927734375,
        2749.05859375,
        1618.6297607421875,
        1927.866455078125,
        1720.85888671875,
        1702.2000732421875,
        1725.1705322265625,
        1292.64208984375,
        2045.7489013671875,
        1165.3258056640625,
        1376.900390625,
        1448.6072998046875,
        1823.396240234375,
        1078.806396484375,
        1090.4404296875,
        1597.475830078125,
        1245.88818359375,
        1385.691650390625,
        2017.77294921875,
        1591.1898193359375,
        1738.870849609375,
        1924.695556640625,
        1602.1641845703125,
        861.4285278320312
    ],
    "fits": {
        "encoding_drift_rate": [
            0.7507455740870186,
            0.7708733587444069,
            0.7582824009829022,
            0.8717977806560266,
            0.5237968375680856,
            0.7450834515127118,
            0.9411781144439243,
            0.8660160282211207,
            0.747076058337133,
            0.7378843855473458,
            0.8256113402067555,
            0.7442974446656828,
            0.9315062348170182,
            0.7466942582934695,
            0.5213161223563423,
            0.8442189959586968,
            0.6028484801884746,
            0.7655347932145881,
            0.7442222911988032,
            0.8340672489118628,
            0.9184918793081478,
            0.8940376065500228,
            0.6019234690012846,
            0.8735955446773307,
            0.5763399312090525,
            0.8000302074290137,
            0.7338556584944219,
            0.7344457875483194,
            0.8323567748021059,
            0.7515520550762795,
            0.7404886324146516,
            0.761360726786798,
            0.8858153422273238,
            0.7401641794380751,
            0.8121277228222973
        ],
        "start_drift_rate": [
            0.5824529832935188,
            0.09350415822268376,
            0.06410542726216767,
            0.014164700869530478,
            0.9841920768240906,
            0.04962768059311112,
            0.20599667162451085,
            0.07385097856764894,
            0.02012698654604389,
            0.6045497917520888,
            0.6300482458063883,
            0.8867995059636642,
            0.17614584671043726,
            0.2008714929610641,
            0.38966548024143965,
            0.3517086341171649,
            0.9593526748854275,
            0.9996033501039558,
            0.9145501898503023,
            0.27592687821505757,
            0.11877100175780592,
            0.9743367520531662,
            0.24132526285719846,
            0.09846216199529845,
            0.18750718323102722,
            0.8141748658112524,
            0.09207763778638928,
            0.002376930847005465,
            0.022133059771988206,
            0.09628597014123019,
            0.31404867841795103,
            0.24454868198004143,
            0.3403719552732657,
            0.8422755073266195,
            0.1477699678871059
        ],
        "recall_drift_rate": [
            0.940666490501251,
            0.9269915044976709,
            0.9422872534161083,
            0.9794427488312635,
            0.89062469654997,
            0.9903528533737043,
            0.9662034294260751,
            0.9053812030750878,
            0.9831181172845272,
            0.9896968885849816,
            0.9061255222269133,
            0.9796827468958613,
            0.9603999380383806,
            0.958011565998665,
            0.8599068492893773,
            0.9615009280502879,
            0.9486302541932701,
            0.917870262296428,
            0.8594101061890411,
            0.9074886920366716,
            0.9825039340952331,
            0.9859244172573021,
            0.9731572894550039,
            0.9664366385554717,
            0.8395508592176082,
            0.9927321968126118,
            0.9387593137378829,
            0.9703252928950621,
            0.9851447363359223,
            0.8959560539122091,
            0.9009733079291198,
            0.9441307181536045,
            0.9724641614530818,
            0.9777874265778865,
            0.9725683999807163
        ],
        "shared_support": [
            0.13516383109723762,
            0.08624532044668598,
            0.09770618200138238,
            0.01661916584362899,
            0.026487498522641317,
            0.16296182842511797,
            0.005323413947280642,
            26.644013498440135,
            0.030675084985574006,
            0.06510671808117507,
            0.19528720563099,
            0.12241379890208037,
            0.6265192812124383,
            0.0864917829740798,
            1.2322709524329625,
            0.054420592285367775,
            0.19344151029144804,
            0.093692476113614,
            2.493328561521047,
            0.054728666235163814,
            0.03162369549259836,
            0.05747207756690129,
            43.50110400366256,
            0.07507365786554333,
            0.13699994409558514,
            0.0438228503777367,
            1.2940855418970258,
            0.11898914100996905,
            0.024080650447629637,
            0.16134672858929378,
            0.30007366304241856,
            0.04811572705435907,
            0.05532278462957513,
            0.05778407867438062,
            0.06279196185672475
        ],
        "item_support": [
            1.1903419396100787,
            0.5403332864113466,
            3.1796857470629405,
            2.1204300891745334,
            1.4102815115836478,
            0.8117972561988296,
            1.324475607439112,
            26.789522791674774,
            0.776390593234396,
            0.07756315605962527,
            1.5755265122940756,
            0.6119593289957592,
            30.236946608319553,
            0.683594599328643,
            0.41815619288248485,
            0.5012306563929698,
            5.608078043435057,
            2.3657584947143064,
            2.488290259879747,
            0.3463757727194121,
            0.10676312189632142,
            1.3611315841248057,
            42.91387740628528,
            0.50023843459185,
            53.59590061007662,
            1.805057229147792,
            0.145383585008247,
            3.375378066659586,
            26.441086989080798,
            1.5929773462470678,
            0.4355559048786617,
            0.7078420465966033,
            1.2485102657256917,
            1.981456915104559,
            0.4785142826735935
        ],