{
    "fixed": {},
    "free": {
        "encoding_drift_rate": [
            2.220446049250313e-16,
            0.9999999999999998
        ],
        "start_drift_rate": [
            2.220446049250313e-16,
            0.9999999999999998
        ],
        "recall_drift_rate": [
            2.220446049250313e-16,
            0.9999999999999998
        ],
        "shared_support": [
            2.220446049250313e-16,
            100.0
        ],
        "item_support": [
            2.220446049250313e-16,
            100.0
        ],
        "learning_rate": [
            2.220446049250313e-16,
            0.9999999999999998
        ],
        "primacy_scale": [
            2.220446049250313e-16,
            100.0
        ],
        "primacy_decay": [
            2.220446049250313e-16,
            100.0
        ],
        "stop_probability_scale": [
            2.220446049250313e-16,
            0.9999999999999998
        ],
        "stop_probability_growth": [
            2.220446049250313e-16,
            10.0
        ],
        "choice_sensitivity": [
            2.220446049250313e-16,
            100.0
        ]
    },
    "fitness": [
        1871.6375732421875,
        1404.726806640625,
        2134.7890625,
        1075.25146484375,
        2042.885498046875,
        2074.71044921875,
        996.20068359375,
        1969.026123046875,
        1512.2679443359375,
        2466.19873046875,
        1857.6622314453125,
        2146.075439453125,
        2728.6259765625,
        1613.7646484375,
        1943.5823974609375,
        1698.9866943359375,
        1723.6429443359375,
        1707.9466552734375,
        1298.51025390625,
        2039.913818359375,
        1163.055419921875,
        1364.45556640625,
        1439.47607421875,
        1821.13330078125,
        1074.7332763671875,
        1080.602294921875,
        1577.2093505859375,
        1240.104248046875,
        1371.554931640625,
        2024.7054443359375,
        1579.39794921875,
        1718.886474609375,
        1916.55859375,
        1593.5093994140625,
        847.0953979492188
    ],
    "fits": {
        "encoding_drift_rate": [
            0.8536334556470575,
            0.7650333385847907,
            0.769534284332802,
            0.8566684458468243,
            0.6024812473804972,
            0.7457156941862316,
            0.9053174876435108,
            0.9353528659761603,
            0.789792370410329,
            0.7352449172560346,
            0.9225880301349394,
            0.7907690266506838,
            0.7641593878531592,
            0.7761655594162535,
            0.777483864804234,
            0.882178312376575,
            0.8563441384895729,
            0.8343424593641748,
            0.7519299994695419,
            0.7173020035509194,
            0.8623054492072197,
            0.9068564162744472,
            0.7628117575215037,
            0.8817579108516687,
            0.6299846251186474,
            0.8001284629697911,
            0.8586507373909139,
            0.5926662111061864,
            0.8642757416047127,
            0.8174811901529824,
            0.7693077868235771,
            0.8371664654290745,
            0.8477364814837092,
            0.7184218167285406,
            0.8575629704472805
        ],
        "start_drift_rate": [
            0.47477974582265947,
            0.1026407974271743,
            0.014034643097772581,
            0.013875696043350816,
            0.992730960907006,
            0.006537825962686761,
            0.15538210364657862,
            0.18473839157060218,
            0.008905661283630795,
            0.41975622349741254,
            0.23633705461397458,
            0.8458465992030875,
            0.0515205323316858,
            0.07802107074935899,
            0.7167132400043642,
            0.08737943620676714,
            0.9701862648396035,
            0.9980945694906651,
            0.902309805391738,
            0.2776408686256238,
            0.24958550867349294,
            0.7838687864255359,
            0.30995102375058325,
            0.0892554294802062,
            0.08880911708848277,
            0.4690418874497697,
            0.03790266875498888,
            0.11658482564394368,
            0.010567755908893695,
            0.02205791137807217,
            0.38090886866171064,
            0.12734277501121533,
            0.29917287141965687,
            0.5519363049912714,
            0.05825721201175049
        ],
        "recall_drift_rate": [
            0.9763351101917697,
            0.9419159440394155,
            0.9314490761529011,
            0.9412073110671348,
            0.896791343342749,
            0.9938178158538052,
            0.9499147079664496,
            0.9342536292324537,
            0.9926700570104716,
            0.9643792990171343,
            0.986106610660798,
            0.9782189368944461,
            0.9086721124545349,
            0.9898619035768674,
            0.9147813299781407,
            0.9745748603551488,
            0.9831608988527455,
            0.9863178897944853,
            0.9744574526564661,
            0.9145820771121083,
            0.9865355872847265,
            0.9766128834067167,
            0.9922935552209868,
            0.9776810491982432,
            0.8556799351325259,
            0.9865518435212075,
            0.9755764439524277,
            0.9609115943406438,
            0.967550130948326,
            0.9362810714854668,
            0.8739070371646089,
            0.9781709674756076,
            0.9880407776832165,
            0.9628439486246677,
            0.9924154249324356
        ],
        "shared_support": [
            0.29316374007257195,
            0.024748632600790188,
            0.029871930907526753,
            0.027320610988205374,
            0.015916804226520753,
            0.025642950214390225,
            0.026057856053189145,
            0.06387431996264162,
            0.011794184374461102,
            0.07329030842792861,
            0.014190725203079069,
            0.04510607298659863,
            0.08962162337635249,
            0.016279322053534884,
            0.9585232549347822,
            0.013337329162504291,
            0.28521237616131145,
            0.010984553265089403,
            0.08725333212063191,
            0.04769942378555214,
            0.033496710445604094,
            4.034069524223391,
            0.1196321014606454,
            0.02842225524642572,
            0.056341283501936346,
            0.03511085145845527,
            0.16490894486273078,
            0.13062978822468096,
            0.06621079636845195,
            0.022433901022111513,
            0.8083092040146198,
            0.00856209007557239,
            0.03315881451200653,
            0.09649681449455016,
            0.03082061577720907
        ],
        "item_support": [
            0.6925656180233233,
            0.18207881253748326,
            1.1458129683425256,
            0.22721279097780211,
            0.4360628894195173,
            0.3513347698602871,
            0.05760079507962956,
            0.3486289677890966,
            0.03600692067059441,
            0.06350886548327139,
            0.017542921597161865,
            0.003961321250955052,
            1.0533426181839758,
            0.4244597226328537,
            0.5835059431333605,
            0.023477695924988495,
            1.1725330553031625,
            0.011325537266664298,
            0.05504471838366243,
            0.07778878296144853,
            0.009680506985169757,
            0.03136785133752795,
            0.05611758697948943,
            0.044434777430879535,
            42.56735093002896,
            0.3214882641423813,
            0.1424637737434864,
            8.088045576651517,
            3.0946873508341284,
            2.23745159799919,
            0.13245575102739338,
            0.28033805959238123,
            2.514134975518772,
            0.603551968846098,
            0.04877762508602501
        ],