{
    "fixed": {},
    "free": {
        "encoding_drift_rate": [
            2.220446049250313e-16,
            0.9999999999999998
        ],
        "start_drift_rate": [
            2.220446049250313e-16,
            0.9999999999999998
        ],
        "recall_drift_rate": [
            2.220446049250313e-16,
            0.9999999999999998
        ],
        "shared_support": [
            2.220446049250313e-16,
            100.0
        ],
        "item_support": [
            2.220446049250313e-16,
            100.0
        ],
        "learning_rate": [
            2.220446049250313e-16,
            0.9999999999999998
        ],
        "primacy_scale": [
            2.220446049250313e-16,
            100.0
        ],
        "primacy_decay": [
            2.220446049250313e-16,
            100.0
        ],
        "stop_probability_scale": [
            2.220446049250313e-16,
            0.9999999999999998
        ],
        "stop_probability_growth": [
            2.220446049250313e-16,
            10.0
        ],
        "choice_sensitivity": [
            2.220446049250313e-16,
            100.0
        ]
    },
    "fitness": [
        1885.625,
        1429.392333984375,
        2140.77587890625,
        1090.33642578125,
        2046.4832763671875,
        2091.061767578125,
        1014.7064208984375,
        1977.3131103515625,
        1523.3973388671875,
        2497.22314453125,
        1868.6788330078125,
        2150.50341796875,
        2747.559326171875,
        1615.37255859375,
        1932.5008544921875,
        1719.6417236328125,
        1699.35400390625,
        1715.11669921875,
        1289.5267333984375,
        2064.301025390625,
        1174.408935546875,
        1378.904052734375,
        1447.09716796875,
        1855.604736328125,
        1081.462646484375,
        1097.656005859375,
        1604.537841796875,
        1250.749755859375,
        1379.709228515625,
        2019.6473388671875,
        1585.134765625,
        1744.3775634765625,
        1936.56201171875,
        1598.50146484375,
        863.7208251953125
    ],
    "fits": {
        "encoding_drift_rate": [
            0.7485361289056396,
            0.7806543652702048,
            0.7455995615559109,
            0.872276754995323,
            0.5867865275355948,
            0.7796793663261584,
            0.824949377553037,
            0.9338915878517355,
            0.7493467718798079,
            0.7340332851757212,
            0.8106786775514853,
            0.8078300150760502,
            0.7881227455751175,
            0.7358599017062335,
            0.5008253981232557,
            0.8622318004422387,
            0.6655352538314894,
            0.8127405117394193,
            0.6964208604472095,
            0.7563960319389701,
            0.7982860611872752,
            0.8581121125335744,
            0.34981295480677493,
            0.8164006333723441,
            0.506383075984601,
            0.6856415712042224,
            0.7773102601608022,
            0.7285137870019576,
            0.9784610689758675,
            0.7791044310962775,
            0.6613840855925547,
            0.7135442575462986,
            0.847517135756336,
            0.7163131282508466,
            0.8856866216914374
        ],
        "start_drift_rate": [
            0.9324844583760763,
            0.6019841759939084,
            0.1995897658689122,
            0.06095630539214597,
            0.9902029225125105,
            0.29026989540199244,
            0.40681891666510417,
            0.1826936552046758,
            0.06702987472176253,
            0.3329292409153848,
            0.8512699522312837,
            0.8944776563908388,
            0.2735247321003829,
            0.26812151412741,
            0.46988519250349753,
            0.4591118883361862,
            0.8817958591666621,
            0.9980604546142122,
            0.8853309718342768,
            0.5169704384760295,
            0.8252531437209853,
            0.865397350581649,
            0.6943666322961588,
            0.3161055836060912,
            0.5298524185253977,
            0.8433889605884872,
            0.2606620063125856,
            0.02264949308705455,
            0.018507304009778847,
            0.21050621232606315,
            0.3409018073884599,
            0.8385990926711593,
            0.763562606507718,
            0.9519466080015007,
            0.6676441673059943
        ],
        "recall_drift_rate": [
            0.9028014560724245,
            0.9065362220757027,
            0.9137216114649493,
            0.9711752071585501,
            0.8509373237398763,
            0.9955729693853369,
            0.945777627781341,
            0.945675409064855,
            0.982647965184904,
            0.9665064986996462,
            0.9039119114225176,
            0.9782189663845139,
            0.924367733913561,
            0.9486673939810872,
            0.8369132661838554,
            0.9473452635248253,
            0.9540934706760057,
            0.9126341106321327,
            0.917376226909477,
            0.9108027316052656,
            0.9972629038157858,
            0.9759687913743738,
            0.8713097736846263,
            0.9684341730218078,
            0.8998574701808133,
            0.9631451558821953,
            0.9162346141227955,
            0.8181348747640906,
            0.9222405576069692,
            0.9098036713016887,
            0.923048913709501,
            0.9360585647129605,
            0.9734107795747855,
            0.8897316222987304,
            0.9511487064945181
        ],
        "shared_support": [
            0.2097251578773137,
            3.934852348991271,
            0.13889315871609398,
            0.05295967504345356,
            0.13952260822292964,
            13.120894440576691,
            16.122052683254616,
            0.12214406702665637,
            0.08664964987178791,
            33.47518747319747,
            0.3339005984152905,
            0.24481924104304653,
            20.561834977682537,
            0.1248354180840181,
            5.018268743107335,
            0.06480441791351538,
            0.3121228491877659,
            0.13622886808776258,
            22.90891823497232,
            27.075970738180644,
            0.34984317115430486,
            15.38138594948353,
            1.2384213792984866,
            16.070448413686407,
            0.034971856319558015,
            21.123598123600424,
            9.482751015197657,
            16.007600556932623,
            0.020733224118053784,
            0.3332886923087415,
            0.09084198951160971,
            0.16432521839978875,
            17.88253686301823,
            0.13017745935094638,
            3.3962801084664207
        ],
        "item_support": [
            1.7277482076497392,
            23.762760138731377,
            3.0214288861845944,
            1.6904377334062848,
            0.7926726210503716,
            13.898274199011809,
            16.94858371844026,
            0.6760583902963901,
            1.4086906716660508,
            34.085867334493834,
            3.5278108992396184,
            0.898606230724539,
            21.774527373427283,
            1.1975488202537647,
            5.198913444006067,
            1.2472957711151054,
            1.7811257462870458,
            3.0948831112443855,
            23.34716542352229,
            28.366552330308547,
            1.0490307008002802,
            15.951636559519756,
            0.6945285884194519,
            16.67009426713799,
            4.944840898990492,
            22.3345868915522,
            24.192736161188265,
            15.986738959365411,
            0.9633169276428291,
            2.4814083076716926,
            0.6187964217205391,
            1.7788496378962577,
            18.97165108946366,
            1.8037928785874158,
            57.044114132571245
        ],