{
    "fixed": {},
    "free": {
        "encoding_drift_rate": [
            2.220446049250313e-16,
            0.9999999999999998
        ],
        "start_drift_rate": [
            2.220446049250313e-16,
            0.9999999999999998
        ],
        "recall_drift_rate": [
            2.220446049250313e-16,
            0.9999999999999998
        ],
        "shared_support": [
            2.220446049250313e-16,
            100.0
        ],
        "item_support": [
            2.220446049250313e-16,
            100.0
        ],
        "learning_rate": [
            2.220446049250313e-16,
            0.9999999999999998
        ],
        "primacy_scale": [
            2.220446049250313e-16,
            100.0
        ],
        "primacy_decay": [
            2.220446049250313e-16,
            100.0
        ],
        "stop_probability_scale": [
            2.220446049250313e-16,
            0.9999999999999998
        ],
        "stop_probability_growth": [
            2.220446049250313e-16,
            10.0
        ],
        "choice_sensitivity": [
            2.220446049250313e-16,
            100.0
        ]
    },
    "fitness": [
        2097.900390625,
        1617.6865234375,
        2706.738525390625,
        1255.995361328125,
        2141.61572265625,
        2634.1474609375,
        1091.609130859375,
        2218.921630859375,
        1954.97509765625,
        2754.403076171875,
        2372.58154296875,
        2323.4765625,
        3251.267333984375,
        1871.182861328125,
        2122.920654296875,
        1959.8251953125,
        2091.62255859375,
        2049.8115234375,
        1392.3037109375,
        2288.843505859375,
        1266.328125,
        1443.637939453125,
        1530.297119140625,
        2054.0625,
        1280.98876953125,
        1213.5225830078125,
        1816.138671875,
        1361.11181640625,
        1492.504638671875,
        2548.39599609375,
        1721.1201171875,
        2094.330322265625,
        2368.050537109375,
        1816.3397216796875,
        918.9439697265625
    ],
    "fits": {
        "encoding_drift_rate": [
            0.6153225413344887,
            0.0337803426524023,
            0.031903860898362835,
            0.5987377988595622,
            0.2397862452980855,
            0.008979318589193486,
            0.2418128958203436,
            0.03194910517634231,
            0.7273395723726738,
            0.051616646660233745,
            0.7220002502991766,
            0.046167117284342876,
            0.04372898035019396,
            0.4956868803902644,
            0.2535811600750387,
            0.7255583445791971,
            0.5882744252591544,
            0.6584302952718155,
            0.1566319720097779,
            0.02365619756597048,
            0.05674170304727333,
            0.14440799934016646,
            0.3602292847095272,
            0.30610542847749267,
            0.6064574786506315,
            0.4778038753997913,
            0.718369394661101,
            0.40989393140281755,
            0.011828941089488556,
            0.009752187190756434,
            0.2410223655156863,
            0.5407809474742656,
            0.01373038069433079,
            0.20765853816539148,
            0.5380510061233122
        ],
        "start_drift_rate": [
            0.6968105638838051,
            0.6690149476935519,
            0.061856879514009144,
            0.06046639198891901,
            0.012912916048516031,
            0.3235127792563336,
            0.028865071229607707,
            0.531668516819479,
            0.019413996796973587,
            0.22602670091943367,
            0.18483061337154966,
            0.8912175131902469,
            0.07478480774804924,
            0.10076434286473623,
            0.01359859609118802,
            0.08857459102061427,
            0.737684725824564,
            0.816692349399994,
            0.028325652949507563,
            0.5409082483244266,
            0.21994224971551457,
            0.030168233767853825,
            0.20867909235062876,
            0.0004392650325145131,
            0.06935098656486977,
            0.08123223915694205,
            0.05235572075188011,
            0.031037044174247408,
            0.11077459976998878,
            0.5572247264677012,
            0.00672147658759026,
            0.13020661762107233,
            0.8017585873929637,
            0.004274955337256914,
            0.14902517300736912
        ],
        "recall_drift_rate": [
            0.6912010289469824,
            0.08013049920451483,
            0.15199023695123365,
            0.7915265922384266,
            0.5205232670788671,
            0.25050299989658686,
            0.4890137319309043,
            0.2693375016941833,
            0.7569587965281577,
            0.2753135354362539,
            0.5800050477250305,
            0.18359248792392086,
            0.22343566809258925,
            0.6310085487343995,
            0.3861180881118411,
            0.7136773450151225,
            0.6996057641248904,
            0.622413346909825,
            0.7972246065533799,
            0.09005338799388882,
            0.17129747471572274,
            0.41577905542711147,
            0.7084629924198927,
            0.4331921196967644,
            0.9468946573729942,
            0.6668524000453963,
            0.677615453342776,
            0.764361594997622,
            0.2752476800672148,
            0.08369762789005647,
            0.3214667906973879,
            0.6595077252078847,
            0.20606663304533696,
            0.46593221255690837,
            0.6676371633093175
        ],
        "shared_support": [
            75.07887527420702,
            33.15505493980681,
            40.78698584048408,
            22.046663017759414,
            9.492688492072467,
            77.68712884854028,
            7.615745500089645,
            31.288230578646974,
            6.875904773530273,
            19.8799360636125,
            3.5927806926248493,
            39.04720087190939,
            35.73203546149872,
            2.0824670050877714,
            8.983549075212025,
            5.161798942117848,
            7.6875986799367695,
            7.031692375624864,
            23.527399654120597,
            40.03387037709503,
            19.131231124312198,
            8.13282003504903,
            6.699205176967773,
            6.854905538384131,
            0.0006394260910624894,
            7.294661160966712,
            4.28787431233382,
            17.663405685916054,
            66.97999821730569,
            95.11492659971367,
            8.683154342881977,
            3.007805513194654,
            94.2257133467248,
            16.587918949088518,
            2.2044476393687873
        ],
        "item_support": [
            9.040409897543462,
            0.9300917740769776,
            13.951156788033273,
            20.350784743616856,
            0.3795055233995157,
            25.455810150237596,
            4.522692200190285,
            14.791975644227485,
            5.2089507157529695,
            5.358368609838195,
            0.9764682356781194,
            1.780425934811113,
            6.107406423278746,
            0.0029786167688996557,
            3.9525612029463844,
            2.0308184886843605,
            3.8884488393811836,
            0.28311275629478416,
            14.691885896272197,
            2.7781231490021625,
            3.73216619059626,
            2.8159680790324444,
            3.0770788583444926,
            3.3231649252118416,
            0.028099608199902093,
            4.642941206225629,
            0.7682786460217484,
            15.836623120223443,
            6.365951411337214,
            0.12200659281646153,
            3.8051218933432125,
            0.1698917905206372,
            8.724958414777575,
            10.68996419028651,
            0.1897787328931173
        ],