{
    "fixed": {},
    "free": {
        "encoding_drift_rate": [
            2.220446049250313e-16,
            0.9999999999999998
        ],
        "start_drift_rate": [
            2.220446049250313e-16,
            0.9999999999999998
        ],
        "recall_drift_rate": [
            2.220446049250313e-16,
            0.9999999999999998
        ],
        "shared_support": [
            2.220446049250313e-16,
            100.0
        ],
        "item_support": [
            2.220446049250313e-16,
            100.0
        ],
        "learning_rate": [
            2.220446049250313e-16,
            0.9999999999999998
        ],
        "primacy_scale": [
            2.220446049250313e-16,
            100.0
        ],
        "primacy_decay": [
            2.220446049250313e-16,
            100.0
        ],
        "stop_probability_scale": [
            2.220446049250313e-16,
            0.9999999999999998
        ],
        "stop_probability_growth": [
            2.220446049250313e-16,
            10.0
        ],
        "choice_sensitivity": [
            2.220446049250313e-16,
            100.0
        ]
    },
    "fitness": [
        1571.3818359375,
        1897.726318359375,
        1788.9013671875,
        2114.822998046875,
        2145.9248046875,
        2328.865234375,
        1333.859130859375,
        1163.513916015625,
        1174.3955078125,
        1719.44189453125,
        1661.283447265625,
        2160.6357421875,
        2448.130859375,
        2384.8671875,
        2040.68798828125
    ],
    "fits": {
        "encoding_drift_rate": [
            0.5458717890085655,
            0.5041738456364492,
            0.5884401418085364,
            0.5648062839524526,
            0.7627007241502044,
            0.7432026451138778,
            0.3629606948847663,
            0.2905202322816427,
            0.6437516893249355,
            0.6321272429627394,
            0.18438839379304423,
            0.7095060582289949,
            0.7935169292073627,
            0.17250894743707734,
            0.3129559733668231
        ],
        "start_drift_rate": [
            0.42843696937743847,
            0.557208850763712,
            0.17570731184673555,
            0.08025031401655097,
            0.03241455020093714,
            0.08401407867543026,
            0.008487578386408678,
            0.04056623326991349,
            0.24396959485302747,
            0.4681238412567904,
            0.0007048912147177844,
            0.0011381161122962502,
            0.2055778362547916,
            0.6690837766025282,
            0.00861481359169719
        ],
        "recall_drift_rate": [
            0.6263857841737064,
            0.8063824777448304,
            0.9396044479924213,
            0.9417359998700574,
            0.8586422174068953,
            0.8944034175539028,
            0.8704889311444541,
            0.8308665667665915,
            0.828393682957103,
            0.3904110983367681,
            0.9978614967312797,
            0.7418799498215467,
            0.9646459631329665,
            0.9968744238657542,
            0.9179103168304842
        ],
        "shared_support": [
            55.40069497282681,
            91.05678662591536,
            0.26778394594005966,
            7.443624148131143,
            0.10446254658564907,
            0.18519257352216556,
            0.014048525660889766,
            0.0033867896045194357,
            7.199902631166346,
            65.42266712318725,
            0.8367392380726173,
            5.202268269899271,
            0.05474596107903551,
            0.15082046175042452,
            0.6451533280659802
        ],
        "item_support": [
            77.65307903647117,
            94.97481727755164,
            20.422812717002092,
            7.785368788691926,
            15.104093019362963,
            47.303969859883125,
            7.052665799758849,
            2.7114394360576526,
            11.704237450388199,
            97.67656117588459,
            1.3242195969097068,
            4.294880534267087,
            99.42292538511748,
            0.4699810102589268,
            1.9644657240822454
        ],
        "learning_rate": [
            0.22124694861550775,
            0.04575172088701507,
            0.023112802375709698,
            0.18195286096455932,
            0.03780516165156239,
            0.01566497896001081,
            0.040027958579526235,
            0.017153816498954533,
            0.14738362639808972,
            0.08701846016402875,
            0.40087667436419344,
            0.5656811899256811,
            0.0046744608293158504,
            0.6599678194226347,
            0.1528091366476228
        ],
        "primacy_scale": [
            16.26509636375296,
            49.954547238793765,
            36.084332464222314,
            2.6396314901921443,
            78.58719308160158,
            68.51772525844284,
            5.945372104746923,
            1.7436528260918465,
            5.640704583528709,
            50.92646182221039,
            0.5075040236583135,
            1.2805122881773343,
            33.81216023253569,
            0.07809784578095247,
            1.7442865357325914
        ],
        "primacy_decay": [
            0.012063355611900306,
            0.0002165283980630761,
            2.5952565103850205,
            2.462713210392991,
            3.453237971295934,
            3.523268800901228,
            33.565162278662264,
            0.6040278403308008,
            0.4717806114948928,
            0.9326973844276609,
            2.528883387799155,
            67.16293436055554,
            45.62890185154186,
            23.16525709305393,
            59.56011219610836
        ],
        "stop_probability_scale": [
            0.017351130295042594,
            0.014297374560336973,
            0.013229748464556141,
            0.012236248999679183,
            0.0071770823038522676,
            0.0022541826033949386,
            0.04414830460933994,
            0.023750209288404156,
            0.013241649439561888,
            0.017510820416046676,
            0.01732964553590055,
            0.00529791859679174,
            0.0009368785657838158,
            0.0014724713689682756,
            0.010622311042642975
        ],
        "stop_probability_growth": [
            0.35468757671879114,
            0.31852203010162317,
            0.34421378756421284,
            0.30341624261619593,
            0.3595505903796532,
            0.4237902543748664,
            0.25791136003553383,
            0.4016174476210601,
            0.5784564195748292,
            0.39511524135235665,
            0.30540808312962486,
            0.3808795023002993,
            0.46800627057139366,
            0.4575674153625071,
            0.34168001945014215
        ],
        "choice_sensitivity": [
            52.61234324974309,
            25.886234727893353,
            4.59809180850209,
            78.19589573617756,
            1.388206027921143,
            1.9590546564957592,
            5.490545075336556,
            7.594721487769213,
            41.26952484182525,
            37.36261607132136,
            91.29559151103408,
            87.12864651941662,
            1.276474261070426,
            97.96582462419806,
            30.8166776112606
        ],
        "subject": [
            1,
            2,
            3,
            4,
            5,
            6,
            7,
            8,
            9,
            10,
            11,
            12,
            13,
            14,
            15
        ]
    },
    "data_query": "data['listLength'] == 30",
    "model": "BaseCMR",
    "name": "Murdock1962_BaseCMR_30",
    "relative_tolerance": 0.001,
    "popsize": 15,
    "num_steps": 1000,
    "cross_rate": 0.9,
    "diff_w": 0.85
}