{
    "fixed": {
        "allow_repeated_recalls": 0.0,
        "learn_after_context_update": 0.0,
        "mfc_sensitivity": 1.0
    },
    "free": {
        "encoding_drift_rate": [
            2.220446049250313e-16,
            0.9999999999999998
        ],
        "start_drift_rate": [
            2.220446049250313e-16,
            0.9999999999999998
        ],
        "recall_drift_rate": [
            2.220446049250313e-16,
            0.9999999999999998
        ],
        "shared_support": [
            2.220446049250313e-16,
            100.0
        ],
        "item_support": [
            2.220446049250313e-16,
            100.0
        ],
        "learning_rate": [
            2.220446049250313e-16,
            0.9999999999999998
        ],
        "primacy_scale": [
            2.220446049250313e-16,
            100.0
        ],
        "primacy_decay": [
            2.220446049250313e-16,
            100.0
        ],
        "choice_sensitivity": [
            2.220446049250313e-16,
            100.0
        ]
    },
    "fitness": [
        1726.93896484375,
        1261.51123046875,
        2004.912353515625,
        937.49267578125,
        1902.6240234375,
        1943.923095703125,
        874.2737426757812,
        1820.8565673828125,
        1350.551513671875,
        2348.08251953125,
        1707.67138671875,
        2003.6429443359375,
        2603.540771484375,
        1486.5087890625,
        1801.0350341796875,
        1584.1209716796875,
        1576.6922607421875,
        1577.836669921875,
        1171.6500244140625,
        1909.73876953125,
        1022.3671264648438,
        1239.966796875,
        1311.919189453125,
        1689.5977783203125,
        976.646240234375,
        951.2188720703125,
        1456.167724609375,
        1128.460693359375,
        1237.506103515625,
        1876.5478515625,
        1454.0584716796875,
        1569.869384765625,
        1780.5826416015625,
        1453.9091796875,
        733.84521484375
    ],
    "fits": {
        "encoding_drift_rate": [
            0.6386211858225128,
            0.7935955612076576,
            0.6268069193008416,
            0.8513378283725122,
            0.439158798869834,
            0.677155193493056,
            0.6902664923401902,
            0.8014230262735678,
            0.7391224820352303,
            0.701982007254241,
            0.6373240682868992,
            0.6610161857032597,
            0.788266300140261,
            0.5901044178745195,
            0.6144001285748588,
            0.6767791632781466,
            0.5624375452471707,
            0.7619386061459849,
            0.6470562720423911,
            0.6369811479385357,
            0.8218384168984882,
            0.830351581884295,
            0.6126598569287092,
            0.871649380819915,
            0.4526797197899495,
            0.6083390048856998,
            0.6371718275302023,
            0.6391975267376964,
            0.7357438896141647,
            0.6964702654779494,
            0.5965018626723009,
            0.5471160295615607,
            0.6537705367998998,
            0.5393678647229936,
            0.67132957074544
        ],
        "start_drift_rate": [
            0.7204742164060156,
            0.12039967526564449,
            0.4128160984980657,
            0.04151364716919599,
            0.9581681516981021,
            0.14070988647823318,
            0.5214682390807523,
            0.27240242534640163,
            0.03434838211017438,
            0.3751570208931078,
            0.5658255224078078,
            0.6725816285361613,
            0.2547732417072374,
            0.4204254988261771,
            0.5971254123031615,
            0.42115407837349167,
            0.9040592816279645,
            0.9952074752663863,
            0.8508028159782139,
            0.5499170686473064,
            0.44529575269920096,
            0.6619763185091102,
            0.19798834532857357,
            0.28335578372538606,
            0.7089378055721711,
            0.751965529320236,
            0.2482047547607013,
            0.01418387585945946,
            0.058054890805445014,
            0.2348308405261989,
            0.637450310674355,
            0.6984653144043016,
            0.7541901141653908,
            0.8929700756089822,
            0.25898214630464966
        ],
        "recall_drift_rate": [
            0.921008265806909,
            0.9506923381026393,
            0.9113523771037075,
            0.9264870341122313,
            0.8698260735568206,
            0.9865916972199014,
            0.8736440671235843,
            0.8637155617004277,
            0.9611037376171335,
            0.9188615226678913,
            0.836099057799935,
            0.9350958862383845,
            0.8876536532876416,
            0.9357399932862622,
            0.933737645921016,
            0.9365292865247781,
            0.9237731763091381,
            0.9489487337906609,
            0.8685477296622739,
            0.8834764539844973,
            0.9865543416027314,
            0.96505333533194,
            0.7356846127253952,
            0.9388508488551787,
            0.9300805949371205,
            0.9749411113980233,
            0.9437295786348149,
            0.8962868705508746,
            0.8616692979624438,
            0.8571234293659025,
            0.9306118998745534,
            0.9423907488063163,
            0.979464818651142,
            0.9797300216179824,
            0.945287982333603
        ],
        "shared_support": [
            21.08402933498702,
            0.02875255390970466,
            7.143797538650475,
            0.051057182861545036,
            1.0439659248868836,
            0.13930610840307087,
            0.8548284112338465,
            10.079963804864924,
            0.044172813630233815,
            14.695559309039844,
            1.3128358101408395,
            12.217210555430455,
            39.295879654282146,
            0.560324324161293,
            1.6433381133311542,
            7.299877650955736,
            1.9899470828384764,
            0.04161624157793261,
            1.6068952843517579,
            0.3603048781319558,
            0.07915070656633941,
            0.3974962987212791,
            7.998577781182078,
            3.706035766302122,
            0.12648337833161546,
            12.110310959985462,
            0.2966431172424322,
            2.8720155282618975,
            8.026365183635022,
            0.6754444412599991,
            0.4195335674472262,
            1.062131386475329,
            11.64427945740583,
            15.499330700922243,
            11.551424874023567
        ],
        "item_support": [
            14.549396015687002,
            0.18041683732924696,
            8.157943508979173,
            0.10689241394216964,
            2.9541014222272537,
            0.4888856224610407,
            1.4362677297211377,
            10.071255635150777,
            0.015638293838293293,
            14.724132793389579,
            1.2935527878302793,
            12.413109735691641,
            39.31002635451201,
            0.531805620032813,
            1.6137158682097876,
            7.522718737384679,
            3.1768013996194355,
            0.11593756031339808,
            1.5541584477081116,
            0.4878779343005988,
            0.03189952648764205,
            0.7365741024758918,
            7.117525344038597,
            3.9235938193027593,
            4.235339688060094,
            13.302269848080186,
            0.005769273452258972,
            3.240760622610054,
            7.918711799119514,
            0.9209805778695249,
            0.5732776104869544,
            1.5652214781427318,
            13.21701570835927,
            16.979466300691627,
            11.833175370891851
        ],